projectID|name|shortName|SME|activityType|city|country|organizationURL|contactForm|order|role|ecContribution
101223091|UNIVERSITEIT LEIDEN|ULEI|False|HES|Leiden|NL|http://www.universiteitleiden.nl|https://ec.europa.eu/info/funding-tenders/opportunities/portal/screen/contact-form/project/999974553/101223091|4|participant|469962,5
101223091|IN SRL|INSOCIETY|True|PRC|UDINE|IT||https://ec.europa.eu/info/funding-tenders/opportunities/portal/screen/contact-form/project/983078414/101223091|2|participant|479800
101223091|UNIVERSIDAD DE CORDOBA|UCO|False|HES|CORDOBA|ES|http://www.uco.es|https://ec.europa.eu/info/funding-tenders/opportunities/portal/screen/contact-form/project/999872703/101223091|1|coordinator|1100409,48
101223091|CHARITE - UNIVERSITAETSMEDIZIN BERLIN||False|HES|Berlin|DE|http://www.charite.de|https://ec.europa.eu/info/funding-tenders/opportunities/portal/screen/contact-form/project/999992692/101223091|3|participant|703830
101223091|WAGENINGEN UNIVERSITY|WU|False|HES|Wageningen|NL|http://www.wageningenur.nl/nl.htm|https://ec.europa.eu/info/funding-tenders/opportunities/portal/screen/contact-form/project/999981634/101223091|5|participant|1176290
101216923|FCG FINNISH CONSULTING GROUP OY||False|PRC|Helsinki|FI||https://ec.europa.eu/info/funding-tenders/opportunities/portal/screen/contact-form/project/891567256/101216923|5|participant|197031
101216923|TAMPEREEN KORKEAKOULUSAATIO SR|TAMPERE UNIVERSITY|False|HES|TAMPERE|FI|http://www.tuni.fi|https://ec.europa.eu/info/funding-tenders/opportunities/portal/screen/contact-form/project/902999288/101216923|1|coordinator|871067,5
101216923|TAMPEREEN KAUPUNKI|TAMMERFORS STADCITY OF TAMPERE|False|PUB|Tampere|FI||https://ec.europa.eu/info/funding-tenders/opportunities/portal/screen/contact-form/project/998829080/101216923|4|participant|159998,75
101216923|TAMPEREEN AMMATTIKORKEAKOULU OY|TAMPERE UNIVERSITY OF APPLIED SCIENCES LTD|False|HES|Tampere|FI||https://ec.europa.eu/info/funding-tenders/opportunities/portal/screen/contact-form/project/986178728/101216923|2|participant|511750
101216923|EKOKUMPPANIT OY||False|OTH|TAMPERE|FI||https://ec.europa.eu/info/funding-tenders/opportunities/portal/screen/contact-form/project/936441008/101216923|3|participant|260000
101220926|UNIVERSITY OF BATH|UBAH|False|HES|BATH|UK|http://www.bath.ac.uk/|https://ec.europa.eu/info/funding-tenders/opportunities/portal/screen/contact-form/project/999842924/101220926|2|participant|895242,48
101220926|THE UNIVERSITY OF MANCHESTER|UNIVERSITY OF MANCHESTER|False|HES|Manchester|UK|http://www.manchester.ac.uk|https://ec.europa.eu/info/funding-tenders/opportunities/portal/screen/contact-form/project/999903840/101220926|3|participant|760945,51
101220926|EUROPEAN SYNCHROTRON RADIATION FACILITY|INSTALLATION EUROPEENNE DE RAYONNEMENT SYNCHROTON|False|REC|Grenoble|FR|http://www.esrf.fr|https://ec.europa.eu/info/funding-tenders/opportunities/portal/screen/contact-form/project/999484121/101220926|4|participant|985782,45
101220926|UNIVERSIDAD DE MALAGA|UMA|False|HES|MALAGA|ES|http://www.uma.es|https://ec.europa.eu/info/funding-tenders/opportunities/portal/screen/contact-form/project/999898311/101220926|1|coordinator|1401914,8
101221957|FRAUNHOFER GESELLSCHAFT ZUR FORDERUNG DER ANGEWANDTEN FORSCHUNG EV|Fraunhofer|False|REC|MUNCHEN|DE|https://www.fraunhofer.de|https://ec.europa.eu/info/funding-tenders/opportunities/portal/screen/contact-form/project/999984059/101221957|2|participant|971377,29
101221957|ALMA MATER STUDIORUM - UNIVERSITA DI BOLOGNA|UNIBO|False|HES|Bologna|IT|http://www.unibo.it|https://ec.europa.eu/info/funding-tenders/opportunities/portal/screen/contact-form/project/999993953/101221957|1|coordinator|1264386,04
101216412|UNIVERSITEIT ANTWERPEN|UANTWERPEN|False|HES|Antwerpen|BE|http://www.ua.ac.be|https://ec.europa.eu/info/funding-tenders/opportunities/portal/screen/contact-form/project/999902870/101216412|2|participant|521045
101216412|EMPACT||True|OTH|Antwerpen|BE||https://ec.europa.eu/info/funding-tenders/opportunities/portal/screen/contact-form/project/887166657/101216412|3|participant|326020
101216412|ERASMUS UNIVERSITEIT ROTTERDAM|EUR|False|HES|Rotterdam|NL|http://www.eur.nl|https://ec.europa.eu/info/funding-tenders/opportunities/portal/screen/contact-form/project/999839335/101216412|1|coordinator|640133,75
101216412|STICHTING CULTUURWERKPLAATS TARWEWIJK|STICHTING CULTUURWERKPLAATS TARWEWIJK|False|OTH|Rotterdam|NL||https://ec.europa.eu/info/funding-tenders/opportunities/portal/screen/contact-form/project/877015510/101216412|4|participant|322250
101216412|TECHNISCHE UNIVERSITEIT DELFT|TU Delft|False|HES|DELFT|NL|http://www.tudelft.nl|https://ec.europa.eu/info/funding-tenders/opportunities/portal/screen/contact-form/project/999977366/101216412|5|participant|190210
101221259|ARCELORMITTAL MAIZIERES RESEARCH||False|PRC|SAINT DENIS|FR|http://www.arcelormittal.com|https://ec.europa.eu/info/funding-tenders/opportunities/portal/screen/contact-form/project/998756912/101221259|3|participant|325600
101221259|INSTITUT NATIONAL DES SCIENCES APPLIQUEES DE TOULOUSE|INSA TOULOUSE|False|HES|Toulouse|FR|http://www.insa-toulouse.fr|https://ec.europa.eu/info/funding-tenders/opportunities/portal/screen/contact-form/project/999869405/101221259|4|thirdParty|0
101221259|EIDGENOESSISCHE TECHNISCHE HOCHSCHULE ZUERICH|ETH Zürich|False|HES|Zuerich|CH|https://www.ethz.ch|https://ec.europa.eu/info/funding-tenders/opportunities/portal/screen/contact-form/project/999979015/101221259|8|associatedPartner|
101221259|ECOCEM MATERIALS LIMITED|ECOCEM MATERIALS LIMITED|False|PRC|DUBLIN|IE||https://ec.europa.eu/info/funding-tenders/opportunities/portal/screen/contact-form/project/937330013/101221259|1|coordinator|726830,24
101221259|FEHS-INSTITUT FUR BAUSTOFF-FORSCHUNG EV|FEHS|False|REC|Duisburg|DE|http://www.fehs.de|https://ec.europa.eu/info/funding-tenders/opportunities/portal/screen/contact-form/project/961436453/101221259|5|participant|681281,99
101221259|ARCELORMITTAL INNOVACION INVESTIGACION E INVERSION SL|AMIII|False|PRC|Gozon|ES||https://ec.europa.eu/info/funding-tenders/opportunities/portal/screen/contact-form/project/954725314/101221259|2|participant|296140
101221259|CENTRE NATIONAL DE LA RECHERCHE SCIENTIFIQUE CNRS|CNRS|False|REC|PARIS|FR|http://www.cnrs.fr|https://ec.europa.eu/info/funding-tenders/opportunities/portal/screen/contact-form/project/999997930/101221259|6|participant|520300
101221259|UNIVERSITE DE TOULOUSE|UNIVERSITE DE TOULOUSE|False|HES|Toulouse|FR||https://ec.europa.eu/info/funding-tenders/opportunities/portal/screen/contact-form/project/873615272/101221259|4|participant|742643,75
101221259|HELMHOLTZ-ZENTRUM DRESDEN-ROSSENDORF EV|HZDR|False|REC|Dresden|DE|https://www.hzdr.de|https://ec.europa.eu/info/funding-tenders/opportunities/portal/screen/contact-form/project/999470541/101221259|7|participant|698750
101223193|REDOXME AB||True|PRC|NORRKOPING|SE||https://ec.europa.eu/info/funding-tenders/opportunities/portal/screen/contact-form/project/883665442/101223193|4|participant|543500
101223193|UNIVERSITEIT TWENTE|UNIVERSITEIT TWENTE|False|HES|Enschede|NL|http://www.utwente.nl|https://ec.europa.eu/info/funding-tenders/opportunities/portal/screen/contact-form/project/999900833/101223193|2|participant|834980
101223193|UNIVERSITY OF LIMERICK|UNIVERSITY OF LIMERICK|False|HES|Limerick|IE|http://www.ul.ie|https://ec.europa.eu/info/funding-tenders/opportunities/portal/screen/contact-form/project/999809071/101223193|5|participant|480140
101223193|LUXEMBOURG INSTITUTE OF SCIENCE AND TECHNOLOGY|LIST|False|REC|Esch Sur Alzette|LU|http://www.list.lu|https://ec.europa.eu/info/funding-tenders/opportunities/portal/screen/contact-form/project/934320200/101223193|1|coordinator|1225738,97
101223193|CENTRE NATIONAL DE LA RECHERCHE SCIENTIFIQUE CNRS|CNRS|False|REC|PARIS|FR|http://www.cnrs.fr|https://ec.europa.eu/info/funding-tenders/opportunities/portal/screen/contact-form/project/999997930/101223193|3|participant|654917,5
101223193|B.T.G. BIOMASS TECHNOLOGY GROUP BV|BTG|True|PRC|ENSCHEDE|NL|https://www.btgworld.com|https://ec.europa.eu/info/funding-tenders/opportunities/portal/screen/contact-form/project/999744081/101223193|6|participant|258125
101223335|SIKA FRANCE SAS|SIKA FRANCE|False|PRC|Le Bourget|FR||https://ec.europa.eu/info/funding-tenders/opportunities/portal/screen/contact-form/project/917364115/101223335|3|participant|1250202
101223335|BUREAU INTERNATIONAL DU BETON MANUFACTURE|BIBM|True|OTH|BRUXELLES|BE|https://www.bibm.eu|https://ec.europa.eu/info/funding-tenders/opportunities/portal/screen/contact-form/project/953676744/101223335|2|participant|447125
101223335|UNIVERSITE PARIS-SACLAY||False|HES|GIF-SUR-YVETTE|FR||https://ec.europa.eu/info/funding-tenders/opportunities/portal/screen/contact-form/project/897067059/101223335|1|thirdParty|0
101223335|CNRS INNOVATION||False|PRC|BOULOGNE-BILLANCOURT|FR|http://www.frinnov.fr|https://ec.europa.eu/info/funding-tenders/opportunities/portal/screen/contact-form/project/998423814/101223335|1|thirdParty|0
101223335|MC PREFABBRICATI SPA||False|PRC|Cardano Al Campo|IT||https://ec.europa.eu/info/funding-tenders/opportunities/portal/screen/contact-form/project/923782508/101223335|4|participant|262623,75
101223335|CENTRE NATIONAL DE LA RECHERCHE SCIENTIFIQUE CNRS|CNRS|False|REC|PARIS|FR|http://www.cnrs.fr|https://ec.europa.eu/info/funding-tenders/opportunities/portal/screen/contact-form/project/999997930/101223335|1|coordinator|2298625,2
101223335|MABA FERTIGTEILINDUSTRIE GMBH||False|PRC|Wollersdorf|AT||https://ec.europa.eu/info/funding-tenders/opportunities/portal/screen/contact-form/project/875717553/101223335|5|participant|262623,75
101219355|THE CHANCELLOR MASTERS AND SCHOLARS OF THE UNIVERSITY OF CAMBRIDGE||False|HES|CAMBRIDGE|UK|http://www.cam.ac.uk|https://ec.europa.eu/info/funding-tenders/opportunities/portal/screen/contact-form/project/999977172/101219355|1|coordinator|1103809,5
101219355|IMPERIAL COLLEGE OF SCIENCE TECHNOLOGY AND MEDICINE||False|HES|London|UK|http://www.imperial.ac.uk|https://ec.europa.eu/info/funding-tenders/opportunities/portal/screen/contact-form/project/999993468/101219355|2|participant|668400
101219355|TECHNISCHE UNIVERSITAET MUENCHEN|TUM|False|HES|Muenchen|DE|http://www.tu-muenchen.de|https://ec.europa.eu/info/funding-tenders/opportunities/portal/screen/contact-form/project/999977463/101219355|5|participant|827020
101219355|DANMARKS TEKNISKE UNIVERSITET|TECHNICAL UNIVERSITY OF DENMARK DTU|False|HES|KONGENS LYNGBY|DK|http://www.dtu.dk|https://ec.europa.eu/info/funding-tenders/opportunities/portal/screen/contact-form/project/999990655/101219355|4|participant|698002,13
101219355|SOLAR FOODS OYJ|SOLAR FOODS|True|PRC|VANTAA|FI||https://ec.europa.eu/info/funding-tenders/opportunities/portal/screen/contact-form/project/904147089/101219355|3|participant|702500
101223271|RHEINISCH-WESTFAELISCHE TECHNISCHE HOCHSCHULE AACHEN|RWTH AACHEN|False|HES|Aachen|DE|http://www.rwth-aachen.de|https://ec.europa.eu/info/funding-tenders/opportunities/portal/screen/contact-form/project/999983962/101223271|4|participant|1376875
101223271|IBM RESEARCH GMBH|IBM|False|PRC|RUESCHLIKON|CH|http://www.zurich.ibm.com|https://ec.europa.eu/info/funding-tenders/opportunities/portal/screen/contact-form/project/999909854/101223271|5|associatedPartner|
101223271|ECOLE POLYTECHNIQUE FEDERALE DE LAUSANNE|EPFL|False|HES|LAUSANNE|CH|http://www.epfl.ch|https://ec.europa.eu/info/funding-tenders/opportunities/portal/screen/contact-form/project/999973971/101223271|6|associatedPartner|
101223271|GESELLSCHAFT FUR ANGEWANDTE MIKRO UND OPTOELEKTRONIK MIT BESCHRANKTERHAFTUNG AMO GMBH|AMO GMBH|True|OTH|Aachen|DE|http://www.amo.de|https://ec.europa.eu/info/funding-tenders/opportunities/portal/screen/contact-form/project/999796558/101223271|3|participant|1042828,75
101223271|UNIVERSITAT POLITECNICA DE CATALUNYA|UPC|False|HES|BARCELONA|ES|http://www.upc.edu|https://ec.europa.eu/info/funding-tenders/opportunities/portal/screen/contact-form/project/999976202/101223271|1|coordinator|718540
101223271|CHALMERS TEKNISKA HOGSKOLA AB||False|HES|GOTEBORG|SE|http://www.chalmers.se|https://ec.europa.eu/info/funding-tenders/opportunities/portal/screen/contact-form/project/999980373/101223271|2|participant|859500
101221404|ARCSEC||True|PRC|Kuurne|BE||https://ec.europa.eu/info/funding-tenders/opportunities/portal/screen/contact-form/project/883780969/101221404|2|participant|822013,38
101221404|POLITECNICO DI MILANO|POLIMI|False|HES|Milano|IT|http://www.polimi.it|https://ec.europa.eu/info/funding-tenders/opportunities/portal/screen/contact-form/project/999879881/101221404|1|coordinator|2135743,75
101181686|TOUCH TD LTD|Touch TD|True|PRC|LONDON|UK||https://ec.europa.eu/info/funding-tenders/opportunities/portal/screen/contact-form/project/941828873/101181686|8|participant|275906,25
101181686|NOFIMA AS|NOFIMA|False|REC|Tromso|NO|http://www.nofima.no|https://ec.europa.eu/info/funding-tenders/opportunities/portal/screen/contact-form/project/963474423/101181686|5|participant|344670,63
101181686|LUONNONVARAKESKUS|LUKE|False|REC|Helsinki|FI|http://www.luke.fi|https://ec.europa.eu/info/funding-tenders/opportunities/portal/screen/contact-form/project/934887262/101181686|1|coordinator|510625
101181686|UMEA UNIVERSITET||False|HES|UMEA|SE|http://www.umu.se|https://ec.europa.eu/info/funding-tenders/opportunities/portal/screen/contact-form/project/999881821/101181686|3|participant|363075
101181686|HOLASKOLI HASKOLINN A HOLUM|HOLAR UNIVERSITY COLLEGE|False|HES|Saudarkrokur|IS||https://ec.europa.eu/info/funding-tenders/opportunities/portal/screen/contact-form/project/969226426/101181686|2|participant|329062,5
101181686|GRONLANDS NATURINSTITUT||False|REC|Nuuk|GL||https://ec.europa.eu/info/funding-tenders/opportunities/portal/screen/contact-form/project/998297908/101181686|4|participant|389375
101181686|HASKOLI ISLANDS|University of Iceland|False|HES|Reykjavik|IS|http://www.hi.is|https://ec.europa.eu/info/funding-tenders/opportunities/portal/screen/contact-form/project/999884246/101181686|6|participant|277375
101181686|AALBORG UNIVERSITET|AAU|False|HES|AALBORG|DK|http://www.aau.dk|https://ec.europa.eu/info/funding-tenders/opportunities/portal/screen/contact-form/project/999904034/101181686|7|participant|319406,25
101234842|RWE OFFSHORE WIND GMBH||False|PRC|Essen|DE||https://ec.europa.eu/info/funding-tenders/opportunities/portal/screen/contact-form/project/883697937/101234842|11|participant|196631
101234842|UNIVERSITEIT GENT|UGent|False|HES|GENT|BE|http://www.ugent.be|https://ec.europa.eu/info/funding-tenders/opportunities/portal/screen/contact-form/project/999986096/101234842|3|participant|596317,49
101234842|RHEINISCH-WESTFAELISCHE TECHNISCHE HOCHSCHULE AACHEN|RWTH AACHEN|False|HES|Aachen|DE|http://www.rwth-aachen.de|https://ec.europa.eu/info/funding-tenders/opportunities/portal/screen/contact-form/project/999983962/101234842|2|participant|691177,59
101234842|VRIJE UNIVERSITEIT BRUSSEL|VUB|False|HES|BRUSSEL|BE|http://www.vub.ac.be|https://ec.europa.eu/info/funding-tenders/opportunities/portal/screen/contact-form/project/999902094/101234842|8|participant|274708,75
101234842|CIRCULAR SRL||True|PRC|PALERMO|IT||https://ec.europa.eu/info/funding-tenders/opportunities/portal/screen/contact-form/project/888274591/101234842|13|participant|295712,5
101234842|PARKWIND||False|PRC|Leuven|BE||https://ec.europa.eu/info/funding-tenders/opportunities/portal/screen/contact-form/project/928538515/101234842|10|participant|205267,73
101234842|FUNDACIO INSTITUT DE RECERCA EN ENERGIA DE CATALUNYA|IREC-CERCA|False|REC|Sant Adria De Besos|ES|http://www.irec.cat|https://ec.europa.eu/info/funding-tenders/opportunities/portal/screen/contact-form/project/996435993/101234842|5|participant|333945,31
101234842|TECHNISCHE UNIVERSITAT BERLIN|TUB|False|HES|Berlin|DE|http://www.tu-berlin.de|https://ec.europa.eu/info/funding-tenders/opportunities/portal/screen/contact-form/project/999986678/101234842|7|participant|296226,25
101234842|EURONOVIA|Euronovia|True|PRC|PARIS|FR|http://www.euronovia-conseil.eu|https://ec.europa.eu/info/funding-tenders/opportunities/portal/screen/contact-form/project/940140394/101234842|14|participant|208743,75
101234842|NATURAL POWER||False|PRC|Nantes|FR||https://ec.europa.eu/info/funding-tenders/opportunities/portal/screen/contact-form/project/881903340/101234842|12|participant|125342,75
101234842|NORSK INSTITUTT FOR VANNFORSKNING STI|NORWEGIAN INSTITUTE FOR WATER RESEARCH|False|REC|Oslo|NO||https://ec.europa.eu/info/funding-tenders/opportunities/portal/screen/contact-form/project/997826585/101234842|9|participant|200477,5
101234842|UNIVERSITAT AUTONOMA DE BARCELONA|UAB|False|HES|Cerdanyola Del Valles|ES|http://www.uab.es|https://ec.europa.eu/info/funding-tenders/opportunities/portal/screen/contact-form/project/999986484/101234842|4|participant|397062,5
101234842|FRANCE ENERGIES MARINES||True|PRC|PLOUZANE|FR||https://ec.europa.eu/info/funding-tenders/opportunities/portal/screen/contact-form/project/897214208/101234842|1|coordinator|897731,25
101234842|LAPPEENRANNAN-LAHDEN TEKNILLINEN YLIOPISTO LUT|LUT University|False|HES|Lappeenranta|FI|http://www.lut.fi|https://ec.europa.eu/info/funding-tenders/opportunities/portal/screen/contact-form/project/999591209/101234842|6|participant|280442,5
101235287|JORCAR 2009 SL|JORCAR 2009|True|PRC|LLICA DE VALL BARCELONA|ES||https://ec.europa.eu/info/funding-tenders/opportunities/portal/screen/contact-form/project/875787684/101235287|8|participant|604562,5
101235287|METHANOL REFORMER SL|METHANOL REFORMER SL|False|PRC|MOLINS DE REI|ES||https://ec.europa.eu/info/funding-tenders/opportunities/portal/screen/contact-form/project/875042724/101235287|6|participant|350375
101235287|NOVA-INSTITUT FUR POLITISCHE UND OKOLOGISCHE INNOVATION GMBH|nova-Institut GmbH|True|PRC|HURTH|DE||https://ec.europa.eu/info/funding-tenders/opportunities/portal/screen/contact-form/project/992622050/101235287|7|participant|406937,5
101235287|ICODOS GMBH||True|PRC|MANNHEIM|DE||https://ec.europa.eu/info/funding-tenders/opportunities/portal/screen/contact-form/project/884642717/101235287|5|participant|653962,5
101235287|POLITECNICO DI TORINO|POLITO|False|HES|Torino|IT|https://www.polito.it|https://ec.europa.eu/info/funding-tenders/opportunities/portal/screen/contact-form/project/999977754/101235287|2|participant|566325
101235287|FUNDACIO EURECAT|EURECAT|False|REC|Cerdanyola Del Valles (Barcelona)|ES|http://www.eurecat.org/|https://ec.europa.eu/info/funding-tenders/opportunities/portal/screen/contact-form/project/928030235/101235287|1|coordinator|1008312,5
101235287|CENTRE NATIONAL DE LA RECHERCHE SCIENTIFIQUE CNRS|CNRS|False|REC|PARIS|FR|http://www.cnrs.fr|https://ec.europa.eu/info/funding-tenders/opportunities/portal/screen/contact-form/project/999997930/101235287|3|participant|401715
101235287|TECHNISCHE UNIVERSITAET DRESDEN|TUD|False|HES|DRESDEN|DE|http://tu-dresden.de|https://ec.europa.eu/info/funding-tenders/opportunities/portal/screen/contact-form/project/999897729/101235287|4|participant|0
101236115|UNIVERSITEIT ANTWERPEN|UANTWERPEN|False|HES|Antwerpen|BE|http://www.ua.ac.be|https://ec.europa.eu/info/funding-tenders/opportunities/portal/screen/contact-form/project/999902870/101236115|5|participant|701775
101236115|LUDWIG-MAXIMILIANS-UNIVERSITAET MUENCHEN|LMU MUENCHEN|False|HES|MUNCHEN|DE|http://www.uni-muenchen.de|https://ec.europa.eu/info/funding-tenders/opportunities/portal/screen/contact-form/project/999978433/101236115|6|participant|350000
101236115|AGENCIA ESTATAL CONSEJO SUPERIOR DE INVESTIGACIONES CIENTIFICAS|CSIC|False|REC|MADRID|ES|http://www.csic.es|https://ec.europa.eu/info/funding-tenders/opportunities/portal/screen/contact-form/project/999991722/101236115|2|participant|848125
101236115|FUNDACION PARA EL DESARROLLO DE LAS NUEVAS TECNOLOGIAS DEL HIDROGENO EN ARAGON|FHA|False|REC|Huesca|ES|https://www.hidrogenoaragon.org|https://ec.europa.eu/info/funding-tenders/opportunities/portal/screen/contact-form/project/997456918/101236115|1|coordinator|960825
101236115|ALIENOREU SPRL||True|PRC|Bruxelles / Brussel|BE|http://www.alienoreu.com|https://ec.europa.eu/info/funding-tenders/opportunities/portal/screen/contact-form/project/951662442/101236115|7|participant|258000
101236115|CENTRE NATIONAL DE LA RECHERCHE SCIENTIFIQUE CNRS|CNRS|False|REC|PARIS|FR|http://www.cnrs.fr|https://ec.europa.eu/info/funding-tenders/opportunities/portal/screen/contact-form/project/999997930/101236115|3|participant|493317
101236115|FUNDACION BCMATERIALS -  BASQUE CENTRE FOR MATERIALS, APPLICATIONS AND NANOSTRUCTURES|BCMATERIALS|False|REC|LEIOA|ES||https://ec.europa.eu/info/funding-tenders/opportunities/portal/screen/contact-form/project/928273511/101236115|4|participant|416260
101223119|Pi SPACE SOLUTIONS UG||True|PRC|Cologne|DE||https://ec.europa.eu/info/funding-tenders/opportunities/portal/screen/contact-form/project/871596217/101223119|6|participant|796130,95
101223119|Space Robotic Workers SL|Space Robotics Workers|True|PRC|Santander|ES||https://ec.europa.eu/info/funding-tenders/opportunities/portal/screen/contact-form/project/888624373/101223119|3|participant|499625
101223119|Gama|Gama|True|PRC|Ivry-Sur-Seine|FR||https://ec.europa.eu/info/funding-tenders/opportunities/portal/screen/contact-form/project/884389256/101223119|4|participant|560660
101223119|AIKOSPACE|AIKOSPACE|True|PRC|Toulouse|FR||https://ec.europa.eu/info/funding-tenders/opportunities/portal/screen/contact-form/project/882506777/101223119|7|participant|352150
101223119|UNIVERSITE DU LUXEMBOURG|uni.lu|False|HES|ESCH-SUR-ALZETTE|LU|http://wwwen.uni.lu|https://ec.europa.eu/info/funding-tenders/opportunities/portal/screen/contact-form/project/999878620/101223119|5|participant|419407,5
101223119|JONES SOLUTION HOLDING GMBH|JONES SOLUTION HOLDING GMBH|True|PRC|Itzstedt|DE||https://ec.europa.eu/info/funding-tenders/opportunities/portal/screen/contact-form/project/912245716/101223119|2|participant|496457,6
101223119|TECHNISCHE UNIVERSITEIT DELFT|TU Delft|False|HES|DELFT|NL|http://www.tudelft.nl|https://ec.europa.eu/info/funding-tenders/opportunities/portal/screen/contact-form/project/999977366/101223119|1|coordinator|425362,5
101223135|PAEBBL AB||False|PRC|Stockholm|SE||https://ec.europa.eu/info/funding-tenders/opportunities/portal/screen/contact-form/project/879056390/101223135|1|coordinator|832334,38
101223135|PREFABRICADOS TECNYCONTA S.L.|PREFABRICADOS TECNYCONTA|False|PRC|TAUSTE|ES||https://ec.europa.eu/info/funding-tenders/opportunities/portal/screen/contact-form/project/944415475/101223135|6|participant|109925
101223135|HOLCIM TECHNOLOGY LTD|HTEC|False|PRC|Zug|CH|https://www.holcim.com|https://ec.europa.eu/info/funding-tenders/opportunities/portal/screen/contact-form/project/950315694/101223135|7|associatedPartner|
101223135|AGENCIA ESTATAL CONSEJO SUPERIOR DE INVESTIGACIONES CIENTIFICAS|CSIC|False|REC|MADRID|ES|http://www.csic.es|https://ec.europa.eu/info/funding-tenders/opportunities/portal/screen/contact-form/project/999991722/101223135|5|participant|356875
101223135|KARLSRUHER INSTITUT FUER TECHNOLOGIE|KIT|False|HES|Karlsruhe|DE|https://www.kit.edu|https://ec.europa.eu/info/funding-tenders/opportunities/portal/screen/contact-form/project/990797674/101223135|3|participant|1057325
101223135|PAEBBL BV|Paebbl BV|True|PRC|Rotterdam|NL||https://ec.europa.eu/info/funding-tenders/opportunities/portal/screen/contact-form/project/882103936/101223135|1|thirdParty|0
101223135|KATHOLIEKE UNIVERSITEIT LEUVEN|KU Leuven|False|HES|LEUVEN|BE|http://www.kuleuven.be|https://ec.europa.eu/info/funding-tenders/opportunities/portal/screen/contact-form/project/999991334/101223135|4|participant|482475
101223135|TECHNISCHE UNIVERSITEIT DELFT|TU Delft|False|HES|DELFT|NL|http://www.tudelft.nl|https://ec.europa.eu/info/funding-tenders/opportunities/portal/screen/contact-form/project/999977366/101223135|2|participant|1158500,06
101257413|MULTI CHANNEL SYSTEMS MCS GMBH|MCS|True|PRC|REUTLINGEN|DE|https://www.multichannelsystems.com|https://ec.europa.eu/info/funding-tenders/opportunities/portal/screen/contact-form/project/998813657/101257413|3|participant|651061
101257413|NATURWISSENSCHAFTLICHES UND MEDIZINISCHES INSTITUT AN DER UNIVERSITAET TUEBINGEN|NMI|False|REC|Reutlingen|DE|http://www.nmi.de|https://ec.europa.eu/info/funding-tenders/opportunities/portal/screen/contact-form/project/998796003/101257413|2|participant|633750
101257413|MEDIZINISCHE HOCHSCHULE HANNOVER|MHH|False|HES|Hannover|DE|http://www.mh-hannover.de|https://ec.europa.eu/info/funding-tenders/opportunities/portal/screen/contact-form/project/999878426/101257413|1|coordinator|695000
101257413|FORESEE BIOSYSTEMS SRL||True|PRC|Genova|IT||https://ec.europa.eu/info/funding-tenders/opportunities/portal/screen/contact-form/project/891339015/101257413|4|participant|531125
101257413|UNIVERSITAT POLITECNICA DE VALENCIA|UPV|False|HES|VALENCIA|ES|http://www.upv.es|https://ec.europa.eu/info/funding-tenders/opportunities/portal/screen/contact-form/project/999864846/101257413|5|participant|482500
101257530|AB MEDICA SPA||False|PRC|Milano|IT||https://ec.europa.eu/info/funding-tenders/opportunities/portal/screen/contact-form/project/895991038/101257530|2|participant|523000
101257530|DUBLIN CITY UNIVERSITY|DCU|False|HES|Dublin|IE|http://www.dcu.ie|https://ec.europa.eu/info/funding-tenders/opportunities/portal/screen/contact-form/project/999892588/101257530|5|participant|499633,75
101257530|UNIVERSITA DI PISA|UNIPI|False|HES|PISA|IT|https://www.unipi.it|https://ec.europa.eu/info/funding-tenders/opportunities/portal/screen/contact-form/project/999862712/101257530|1|coordinator|873080
101257530|CHARITE - UNIVERSITAETSMEDIZIN BERLIN||False|HES|Berlin|DE|http://www.charite.de|https://ec.europa.eu/info/funding-tenders/opportunities/portal/screen/contact-form/project/999992692/101257530|3|participant|490065
101257530|UNIVERSITA DEGLI STUDI DI MODENA E REGGIO EMILIA|UNIMORE|False|HES|MODENA|IT|http://www.unimore.it|https://ec.europa.eu/info/funding-tenders/opportunities/portal/screen/contact-form/project/999840887/101257530|4|participant|531607,5
101257710|NordicBlue|NordicBlue ApS|True|PRC|Humlebæk|DK||https://ec.europa.eu/info/funding-tenders/opportunities/portal/screen/contact-form/project/871776346/101257710|3|participant|1443808,75
101257710|NEAGU ALEXANDRU-VALENTIN|BEE GRANTED|True|PRC|De Bilt|NL||https://ec.europa.eu/info/funding-tenders/opportunities/portal/screen/contact-form/project/896476232/101257710|4|participant|90220
101257710|AALTO KORKEAKOULUSAATIO SR|AALTO|False|HES|Espoo|FI|http://www.aalto.fi/en/|https://ec.europa.eu/info/funding-tenders/opportunities/portal/screen/contact-form/project/991256096/101257710|2|participant|841681,21
101257710|UNIVERSITA CA' FOSCARI  VENEZIA|UNIVE|False|HES|VENEZIA|IT|http://www.unive.it|https://ec.europa.eu/info/funding-tenders/opportunities/portal/screen/contact-form/project/999897341/101257710|1|coordinator|623435,04
101257628|IMPERIAL COLLEGE OF SCIENCE TECHNOLOGY AND MEDICINE||False|HES|London|UK|http://www.imperial.ac.uk|https://ec.europa.eu/info/funding-tenders/opportunities/portal/screen/contact-form/project/999993468/101257628|3|participant|549985,75
101257628|UNIVERSITEIT GENT|UGent|False|HES|GENT|BE|http://www.ugent.be|https://ec.europa.eu/info/funding-tenders/opportunities/portal/screen/contact-form/project/999986096/101257628|2|participant|549916,25
101257628|UNIVERSITE CATHOLIQUE DE LOUVAIN|UCLouvain|False|HES|LOUVAIN LA NEUVE|BE|http://www.uclouvain.be|https://ec.europa.eu/info/funding-tenders/opportunities/portal/screen/contact-form/project/999980664/101257628|1|coordinator|800000
101257628|UNIVERSITA DEGLI STUDI DI TORINO|UNITO|False|HES|TORINO|IT|http://www.unito.it|https://ec.europa.eu/info/funding-tenders/opportunities/portal/screen/contact-form/project/999861936/101257628|4|participant|543865
101257628|MAX-PLANCK-GESELLSCHAFT ZUR FORDERUNG DER WISSENSCHAFTEN EV|MPG|False|REC|MUNCHEN|DE|http://www.mpg.de|https://ec.europa.eu/info/funding-tenders/opportunities/portal/screen/contact-form/project/999990267/101257628|5|participant|550000
101258189|DECHEMA GESELLSCHAFT FUR CHEMISCHETECHNIK UND BIOTECHNOLOGIE||False|REC|Frankfurt|DE|http://www.dechema.de|https://ec.europa.eu/info/funding-tenders/opportunities/portal/screen/contact-form/project/999511184/101258189|7|participant|207625
101258189|UNIVERSITEIT LEIDEN|ULEI|False|HES|Leiden|NL|http://www.universiteitleiden.nl|https://ec.europa.eu/info/funding-tenders/opportunities/portal/screen/contact-form/project/999974553/101258189|3|participant|265000
101258189|COMMISSARIAT A L ENERGIE ATOMIQUE ET AUX ENERGIES ALTERNATIVES|CEA|False|REC|Paris|FR|https://www.cea.fr|https://ec.europa.eu/info/funding-tenders/opportunities/portal/screen/contact-form/project/999992401/101258189|4|participant|224998,6
101258189|IN SRL|INSOCIETY|True|PRC|UDINE|IT||https://ec.europa.eu/info/funding-tenders/opportunities/portal/screen/contact-form/project/983078414/101258189|6|participant|320000
101258189|CHARITE - UNIVERSITAETSMEDIZIN BERLIN||False|HES|Berlin|DE|http://www.charite.de|https://ec.europa.eu/info/funding-tenders/opportunities/portal/screen/contact-form/project/999992692/101258189|1|coordinator|920176,25
101258189|DANMARKS TEKNISKE UNIVERSITET|TECHNICAL UNIVERSITY OF DENMARK DTU|False|HES|KONGENS LYNGBY|DK|http://www.dtu.dk|https://ec.europa.eu/info/funding-tenders/opportunities/portal/screen/contact-form/project/999990655/101258189|5|participant|541312,5
101258189|HAUTE ECOLE SPECIALISEE DE SUISSE OCCIDENTALE|HES-SO|False|HES|Delemont|CH|https://www.hes-so.ch|https://ec.europa.eu/info/funding-tenders/opportunities/portal/screen/contact-form/project/999479659/101258189|8|participant|391250
101258189|MAX-PLANCK-GESELLSCHAFT ZUR FORDERUNG DER WISSENSCHAFTEN EV|MPG|False|REC|MUNCHEN|DE|http://www.mpg.de|https://ec.europa.eu/info/funding-tenders/opportunities/portal/screen/contact-form/project/999990267/101258189|2|participant|265000
101257928|THE CHANCELLOR MASTERS AND SCHOLARS OF THE UNIVERSITY OF CAMBRIDGE||False|HES|CAMBRIDGE|UK|http://www.cam.ac.uk|https://ec.europa.eu/info/funding-tenders/opportunities/portal/screen/contact-form/project/999977172/101257928|1|coordinator|898075
101257928|FONDAZIONE ISTITUTO ITALIANO DI TECNOLOGIA|IIT|False|REC|Genova|IT|http://www.iit.it|https://ec.europa.eu/info/funding-tenders/opportunities/portal/screen/contact-form/project/999596447/101257928|2|participant|1047375
101257928|UNIVERSITE DE MONS|UMONS|False|HES|Mons|BE|http://www.umons.ac.be|https://ec.europa.eu/info/funding-tenders/opportunities/portal/screen/contact-form/project/990884004/101257928|3|participant|506250
101257928|MAXWELL BIOSYSTEMS AG||True|PRC|ZURICH|CH||https://ec.europa.eu/info/funding-tenders/opportunities/portal/screen/contact-form/project/917311929/101257928|4|participant|548278
101257982|FUNDACIO INSTITUT DE CIENCIES FOTONIQUES|ICFO-CERCA|False|REC|Castelldefels|ES|http://www.icfo.eu|https://ec.europa.eu/info/funding-tenders/opportunities/portal/screen/contact-form/project/999619436/101257982|1|coordinator|1120065
101257982|RHEINISCH-WESTFAELISCHE TECHNISCHE HOCHSCHULE AACHEN|RWTH AACHEN|False|HES|Aachen|DE|http://www.rwth-aachen.de|https://ec.europa.eu/info/funding-tenders/opportunities/portal/screen/contact-form/project/999983962/101257982|4|participant|1097452,5
101257982|ZURICH INSTRUMENTS AG||True|PRC|Zurich|CH|http://www.zhinst.com|https://ec.europa.eu/info/funding-tenders/opportunities/portal/screen/contact-form/project/991495880/101257982|3|participant|353750
101257982|CENTRE NATIONAL DE LA RECHERCHE SCIENTIFIQUE CNRS|CNRS|False|REC|PARIS|FR|http://www.cnrs.fr|https://ec.europa.eu/info/funding-tenders/opportunities/portal/screen/contact-form/project/999997930/101257982|2|participant|501322,5
101259077|UNIVERSITAT WIEN|UNIVIE|False|HES|WIEN|AT|http://www.univie.ac.at|https://ec.europa.eu/info/funding-tenders/opportunities/portal/screen/contact-form/project/999866883/101259077|5|participant|599632,5
101259077|Twinkle Bioscience|The Twinkle Factory|True|PRC|Paris|FR||https://ec.europa.eu/info/funding-tenders/opportunities/portal/screen/contact-form/project/898781049/101259077|4|participant|600000
101259077|KATHOLIEKE UNIVERSITEIT LEUVEN|KU Leuven|False|HES|LEUVEN|BE|http://www.kuleuven.be|https://ec.europa.eu/info/funding-tenders/opportunities/portal/screen/contact-form/project/999991334/101259077|3|participant|599525
101259077|UNIVERSITAET BIELEFELD|UNIBI|False|HES|BIELEFELD|DE|http://www.uni-bielefeld.de|https://ec.europa.eu/info/funding-tenders/opportunities/portal/screen/contact-form/project/999854370/101259077|1|coordinator|799800
101259077|PicoQuant GmbH|PQ|True|PRC|Berlin|DE|https://www.picoquant.com|https://ec.europa.eu/info/funding-tenders/opportunities/portal/screen/contact-form/project/996850959/101259077|2|participant|399250
101257287|CSEM CENTRE SUISSE D'ELECTRONIQUE ET DE MICROTECHNIQUE SA - RECHERCHE ET DEVELOPPEMENT|CSEM|False|REC|NEUCHATEL|CH|http://www.csem.ch|https://ec.europa.eu/info/funding-tenders/opportunities/portal/screen/contact-form/project/999958839/101257287|3|participant|825951,25
101257287|MODUS RESEARCH AND INNOVATION LIMITED||True|REC|DUNDEE|UK||https://ec.europa.eu/info/funding-tenders/opportunities/portal/screen/contact-form/project/914153124/101257287|6|participant|136250
101257287|UNIVERSITE DE RENNES|UNIVREN|False|HES|RENNES|FR||https://ec.europa.eu/info/funding-tenders/opportunities/portal/screen/contact-form/project/884014060/101257287|4|participant|399458,75
101257287|UNIVERSITEIT TWENTE|UNIVERSITEIT TWENTE|False|HES|Enschede|NL|http://www.utwente.nl|https://ec.europa.eu/info/funding-tenders/opportunities/portal/screen/contact-form/project/999900833/101257287|2|participant|697008,75
101257287|TECHNISCHE UNIVERSITAET BRAUNSCHWEIG||False|HES|BRAUNSCHWEIG|DE|http://www.tu-braunschweig.de|https://ec.europa.eu/info/funding-tenders/opportunities/portal/screen/contact-form/project/999861257/101257287|1|coordinator|566240
101257287|THALES|THALES|False|PRC|MEUDON|FR|https://www.thalesgroup.com|https://ec.europa.eu/info/funding-tenders/opportunities/portal/screen/contact-form/project/999751938/101257287|5|participant|430026,25
101258419|MUNSTER TECHNOLOGICAL UNIVERSITY||False|HES|Cork|IE||https://ec.europa.eu/info/funding-tenders/opportunities/portal/screen/contact-form/project/892106673/101258419|1|coordinator|861625
101258419|UNIVERSITY OF KENT|UNIKENT|False|HES|Canterbury, Kent|UK|https://www.kent.ac.uk|https://ec.europa.eu/info/funding-tenders/opportunities/portal/screen/contact-form/project/999841275/101258419|2|participant|855000
101258419|UNIVERSITY COLLEGE CORK -  NATIONAL UNIVERSITY OF IRELAND, CORK|UCC|False|HES|Cork|IE|http://www.ucc.ie|https://ec.europa.eu/info/funding-tenders/opportunities/portal/screen/contact-form/project/999975717/101258419|3|participant|756875
101258419|CenterVue S.p.A.||True|PRC|PADOVA|IT||https://ec.europa.eu/info/funding-tenders/opportunities/portal/screen/contact-form/project/868216252/101258419|4|participant|526000
101259183|STICHTING RADBOUD UNIVERSITEIT||False|HES|Nijmegen|NL|http://www.radboudumc.nl|https://ec.europa.eu/info/funding-tenders/opportunities/portal/screen/contact-form/project/999992110/101259183|5|participant|403063
101259183|IBM RESEARCH GMBH|IBM|False|PRC|RUESCHLIKON|CH|http://www.zurich.ibm.com|https://ec.europa.eu/info/funding-tenders/opportunities/portal/screen/contact-form/project/999909854/101259183|3|participant|595035
101259183|UNIVERSITEIT TWENTE|UNIVERSITEIT TWENTE|False|HES|Enschede|NL|http://www.utwente.nl|https://ec.europa.eu/info/funding-tenders/opportunities/portal/screen/contact-form/project/999900833/101259183|1|coordinator|1066250
101259183|RUPRECHT-KARLS-UNIVERSITAET HEIDELBERG|UHEI|False|HES|Heidelberg|DE|http://www.uni-heidelberg.de|https://ec.europa.eu/info/funding-tenders/opportunities/portal/screen/contact-form/project/999987648/101259183|2|participant|500000
101259183|ENLIGHTRA SARL||True|PRC|Renens|CH||https://ec.europa.eu/info/funding-tenders/opportunities/portal/screen/contact-form/project/907376995/101259183|6|participant|258000
101259183|THE CHANCELLOR, MASTERS AND SCHOLARS OF THE UNIVERSITY OF OXFORD|UOXF|False|HES|Oxford|UK|http://www.ox.ac.uk|https://ec.europa.eu/info/funding-tenders/opportunities/portal/screen/contact-form/project/999984350/101259183|4|participant|511546,25
101259068|UNIVERSITAETSKLINIKUM AACHEN||False|HES|Aachen|DE|http://www.ukaachen.de|https://ec.europa.eu/info/funding-tenders/opportunities/portal/screen/contact-form/project/999897632/101259068|4|participant|549750
101259068|VRIJE UNIVERSITEIT BRUSSEL|VUB|False|HES|BRUSSEL|BE|http://www.vub.ac.be|https://ec.europa.eu/info/funding-tenders/opportunities/portal/screen/contact-form/project/999902094/101259068|3|participant|550625
101259068|STICHTING RADBOUD UNIVERSITAIR MEDISCH CENTRUM|RADBOUDUMC|False|HES|NIJMEGEN|NL||https://ec.europa.eu/info/funding-tenders/opportunities/portal/screen/contact-form/project/892057785/101259068|5|participant|550000
101259068|BIO-TRIP B.V.|BIOTRIP|True|PRC|BOSCH EN DUIN|NL||https://ec.europa.eu/info/funding-tenders/opportunities/portal/screen/contact-form/project/888002603/101259068|6|participant|549271
101259068|NANOWORX B.V.|Nanoworx B.V.|True|PRC|Eindhoven|NL||https://ec.europa.eu/info/funding-tenders/opportunities/portal/screen/contact-form/project/871604171/101259068|2|participant|250483
101259068|TECHNISCHE UNIVERSITEIT EINDHOVEN|TU/e|False|HES|Eindhoven|NL|http://www.tue.nl/en|https://ec.europa.eu/info/funding-tenders/opportunities/portal/screen/contact-form/project/999977269/101259068|1|coordinator|550217
101223249|TECHNISCHE UNIVERSITAET WIEN|TU WIEN|False|HES|Wien|AT|http://www.tuwien.ac.at|https://ec.europa.eu/info/funding-tenders/opportunities/portal/screen/contact-form/project/999979888/101223249|2|participant|497380
101223249|THE CHANCELLOR MASTERS AND SCHOLARS OF THE UNIVERSITY OF CAMBRIDGE||False|HES|CAMBRIDGE|UK|http://www.cam.ac.uk|https://ec.europa.eu/info/funding-tenders/opportunities/portal/screen/contact-form/project/999977172/101223249|6|participant|486832,96
101223249|INTERUNIVERSITAIR MICRO-ELECTRONICA CENTRUM|IMEC|False|REC|Leuven|BE|http://www.imec.be|https://ec.europa.eu/info/funding-tenders/opportunities/portal/screen/contact-form/project/999981149/101223249|4|participant|798921,48
101223249|ECOLE POLYTECHNIQUE FEDERALE DE LAUSANNE|EPFL|False|HES|LAUSANNE|CH|http://www.epfl.ch|https://ec.europa.eu/info/funding-tenders/opportunities/portal/screen/contact-form/project/999973971/101223249|9|associatedPartner|
101223249|GESELLSCHAFT FUR ANGEWANDTE MIKRO UND OPTOELEKTRONIK MIT BESCHRANKTERHAFTUNG AMO GMBH|AMO GMBH|True|OTH|Aachen|DE|http://www.amo.de|https://ec.europa.eu/info/funding-tenders/opportunities/portal/screen/contact-form/project/999796558/101223249|3|participant|512722,5
101223249|UNIVERSITA DI PISA|UNIPI|False|HES|PISA|IT|https://www.unipi.it|https://ec.europa.eu/info/funding-tenders/opportunities/portal/screen/contact-form/project/999862712/101223249|1|coordinator|447292,5
101223249|POLITECNICO DI MILANO|POLIMI|False|HES|Milano|IT|http://www.polimi.it|https://ec.europa.eu/info/funding-tenders/opportunities/portal/screen/contact-form/project/999879881/101223249|5|participant|480000
101223249|AIXTRON SE||False|PRC|Herzogenrath|DE|http://www.aixtron.com|https://ec.europa.eu/info/funding-tenders/opportunities/portal/screen/contact-form/project/966782414/101223249|8|participant|328625
101223249|QUANTAVIS SRL|QUANTAVIS|True|PRC|Livorno|IT||https://ec.europa.eu/info/funding-tenders/opportunities/portal/screen/contact-form/project/999604789/101223249|7|participant|418743,6
101259018|KONINKLIJKE NEDERLANDSE AKADEMIE VAN WETENSCHAPPEN - KNAW|KNAW|False|REC|AMSTERDAM|NL|http://www.hubrecht.eu/|https://ec.europa.eu/info/funding-tenders/opportunities/portal/screen/contact-form/project/999518362/101259018|2|participant|540000
101259018|UNIVERSITATSKLINIKUM BONN|UKB|False|HES|BONN|DE|http://www.ukbonn.de|https://ec.europa.eu/info/funding-tenders/opportunities/portal/screen/contact-form/project/999867465/101259018|3|participant|719250
101259018|Laigo Bio B.V.|Laigo Bio|True|PRC|Utrecht|NL||https://ec.europa.eu/info/funding-tenders/opportunities/portal/screen/contact-form/project/876034937/101259018|5|participant|461250
101259018|UNIVERSITAIR MEDISCH CENTRUM UTRECHT|UMC UTRECHT|False|HES|Utrecht|NL|http://www.umcutrecht.nl|https://ec.europa.eu/info/funding-tenders/opportunities/portal/screen/contact-form/project/999915189/101259018|1|coordinator|829375
101259018|UNIVERSITAT ZURICH|UZH|False|HES|Zurich|CH|http://www.uzh.ch|https://ec.europa.eu/info/funding-tenders/opportunities/portal/screen/contact-form/project/999976396/101259018|4|participant|449175
101257985|TEKNOLOGIAN TUTKIMUSKESKUS VTT OY|VTT|False|REC|Espoo|FI|https://www.vtt.fi|https://ec.europa.eu/info/funding-tenders/opportunities/portal/screen/contact-form/project/932760440/101257985|1|coordinator|999622,5
101257985|AALTO KORKEAKOULUSAATIO SR|AALTO|False|HES|Espoo|FI|http://www.aalto.fi/en/|https://ec.europa.eu/info/funding-tenders/opportunities/portal/screen/contact-form/project/991256096/101257985|4|participant|650750
101257985|UNIVERSITY OF LANCASTER|Lancaster University|False|HES|LANCASTER|UK|https://www.lancaster.ac.uk|https://ec.europa.eu/info/funding-tenders/opportunities/portal/screen/contact-form/project/999840984/101257985|2|participant|649567,75
101257985|CHALMERS TEKNISKA HOGSKOLA AB||False|HES|GOTEBORG|SE|http://www.chalmers.se|https://ec.europa.eu/info/funding-tenders/opportunities/portal/screen/contact-form/project/999980373/101257985|3|participant|698072,5
101258941|UNIVERSITETET I TROMSOE - NORGES ARKTISKE UNIVERSITET|UiT|False|HES|Tromso|NO|http://uit.no/|https://ec.europa.eu/info/funding-tenders/opportunities/portal/screen/contact-form/project/999874643/101258941|1|coordinator|1911917,5
101258941|NORINNOVA AS|NORINNOVA|True|PRC|TROMSO|NO||https://ec.europa.eu/info/funding-tenders/opportunities/portal/screen/contact-form/project/881476831/101258941|1|thirdParty|0
101258941|CENTRO NACIONAL DE INVESTIGACIONES CARDIOVASCULARES CARLOS III (F.S.P.)||False|REC|Madrid|ES|https://www.cnic.es|https://ec.europa.eu/info/funding-tenders/opportunities/portal/screen/contact-form/project/998922879/101258941|3|participant|688750
101258941|UNIVERSITY OF SOUTHAMPTON|SOUTHAMPTON|False|HES|SOUTHAMPTON|UK|http://www.southampton.ac.uk|https://ec.europa.eu/info/funding-tenders/opportunities/portal/screen/contact-form/project/999975329/101258941|4|participant|798878,75
101258941|UNIVERSITAT DE BARCELONA|UB|False|HES|BARCELONA|ES|http://www.ub.edu|https://ec.europa.eu/info/funding-tenders/opportunities/portal/screen/contact-form/project/999986387/101258941|2|participant|599250
101258941|UNIVERSITAETSKLINIKUM HAMBURG-EPPENDORF|UKE|False|HES|Hamburg|DE|http://www.uke.uni-hamburg.de|https://ec.europa.eu/info/funding-tenders/opportunities/portal/screen/contact-form/project/999857474/101258941|6|associatedPartner|
101258941|UNIVERSITETSSYKEHUSET NORD-NORGE HF|UNIVERSITY HOSPITAL OF NORTH NORWAY|False|REC|Tromso|NO|http://www.unn.no|https://ec.europa.eu/info/funding-tenders/opportunities/portal/screen/contact-form/project/991888051/101258941|5|associatedPartner|
101257934|NATURWISSENSCHAFTLICHES UND MEDIZINISCHES INSTITUT AN DER UNIVERSITAET TUEBINGEN|NMI|False|REC|Reutlingen|DE|http://www.nmi.de|https://ec.europa.eu/info/funding-tenders/opportunities/portal/screen/contact-form/project/998796003/101257934|3|participant|384062,5
101257934|TECHNISCHE UNIVERSITAET MUENCHEN|TUM|False|HES|Muenchen|DE|http://www.tu-muenchen.de|https://ec.europa.eu/info/funding-tenders/opportunities/portal/screen/contact-form/project/999977463/101257934|5|participant|351872,5
101257934|ASSISTANCE PUBLIQUE HOPITAUX DE PARIS||False|REC|Paris|FR|http://www.aphp.fr|https://ec.europa.eu/info/funding-tenders/opportunities/portal/screen/contact-form/project/999645432/101257934|7|participant|232000
101257934|ADVICE PHARMA GROUP SRL|ADVICE PHARMA|True|PRC|MILANO|IT||https://ec.europa.eu/info/funding-tenders/opportunities/portal/screen/contact-form/project/892235295/101257934|6|participant|212250
101257934|BIOMIMX SRL|BiomimX|True|PRC|MILANO|IT||https://ec.europa.eu/info/funding-tenders/opportunities/portal/screen/contact-form/project/911866640/101257934|2|participant|580000
101257934|HUMANITAS MIRASOLE SPA||False|PRC|Rozzano (Mi)|IT|https://www.humanitas.it|https://ec.europa.eu/info/funding-tenders/opportunities/portal/screen/contact-form/project/999785015/101257934|4|participant|557250
101257934|POLITECNICO DI MILANO|POLIMI|False|HES|Milano|IT|http://www.polimi.it|https://ec.europa.eu/info/funding-tenders/opportunities/portal/screen/contact-form/project/999879881/101257934|1|coordinator|682500
101259117|KUNGLIGA TEKNISKA HOEGSKOLAN|KTH|False|HES|STOCKHOLM|SE|http://www.kth.se|https://ec.europa.eu/info/funding-tenders/opportunities/portal/screen/contact-form/project/999990946/101259117|3|participant|450881,25
101259117|THE PROVOST, FELLOWS, FOUNDATION SCHOLARS & THE OTHER MEMBERS OF BOARD, OF THE COLLEGE OF THE HOLY & UNDIVIDED TRINITY OF QUEEN ELIZABETH NEAR DUBLIN|TRINITY COLLEGE DUBLIN|False|HES|Dublin|IE|http://www.tcd.ie|https://ec.europa.eu/info/funding-tenders/opportunities/portal/screen/contact-form/project/999845446/101259117|2|participant|601342,5
101259117|Remedy SAS|Remedy|True|PRC|Strasbourg|FR||https://ec.europa.eu/info/funding-tenders/opportunities/portal/screen/contact-form/project/872200430/101259117|4|participant|602125
101259117|DAIMANTEL FRANCE|DAIMANTEL FRANCE|False|PRC|FLORANGE|FR||https://ec.europa.eu/info/funding-tenders/opportunities/portal/screen/contact-form/project/882961513/101259117|5|participant|497347
101259117|UNIVERSITE DE STRASBOURG|UNISTRA|False|HES|STRASBOURG|FR|http://www.unistra.fr|https://ec.europa.eu/info/funding-tenders/opportunities/portal/screen/contact-form/project/996569950/101259117|1|thirdParty|0
101259117|CENTRE NATIONAL DE LA RECHERCHE SCIENTIFIQUE CNRS|CNRS|False|REC|PARIS|FR|http://www.cnrs.fr|https://ec.europa.eu/info/funding-tenders/opportunities/portal/screen/contact-form/project/999997930/101259117|1|coordinator|839920
101256857|DISRUPTIVE TECHNOLOGICAL ADVANCES IN LIFE SCIENCE S.R.L. - SOCIETA BENEFIT, IN FORMA ABBREVIATA D-TAILS S.R.L. SB||True|PRC|Roma|IT||https://ec.europa.eu/info/funding-tenders/opportunities/portal/screen/contact-form/project/879258635/101256857|1|coordinator|1100000
101256857|KOBENHAVNS UNIVERSITET|UCPH|False|HES|KOBENHAVN|DK|http://www.ku.dk|https://ec.europa.eu/info/funding-tenders/opportunities/portal/screen/contact-form/project/999991043/101256857|2|participant|1100000
101256857|UNIVERSITY COLLEGE LONDON||False|HES|LONDON|UK|http://www.ucl.ac.uk|https://ec.europa.eu/info/funding-tenders/opportunities/portal/screen/contact-form/project/999975620/101256857|3|participant|591106,25
101256857|ISTITUTI FISIOTERAPICI OSPITALIERI|IFO|False|OTH|ROMA|IT||https://ec.europa.eu/info/funding-tenders/opportunities/portal/screen/contact-form/project/985625925/101256857|4|participant|200000
101259120|UNIVERSITEIT ANTWERPEN|UANTWERPEN|False|HES|Antwerpen|BE|http://www.ua.ac.be|https://ec.europa.eu/info/funding-tenders/opportunities/portal/screen/contact-form/project/999902870/101259120|3|participant|570133,75
101259120|INSTITUT NATIONAL DE LA SANTE ET DE LA RECHERCHE MEDICALE|INSERM|False|REC|PARIS|FR|http://www.inserm.fr|https://ec.europa.eu/info/funding-tenders/opportunities/portal/screen/contact-form/project/999997833/101259120|1|thirdParty|0
101259120|INVENESIS SARL||False|PRC|St-Blaise|CH||https://ec.europa.eu/info/funding-tenders/opportunities/portal/screen/contact-form/project/904650519/101259120|4|participant|299300
101259120|University of Nebraska Medical Center||False|HES|Omaha|US||https://ec.europa.eu/info/funding-tenders/opportunities/portal/screen/contact-form/project/997414820/101259120|5|associatedPartner|
101259120|SCHWEIZERISCHES TROPEN UND PUBLIC HEALTH INSTITUT|SWISS TPH SWISS TROPICAL AND PUBLIC HEALTH INSTITUTE|False|REC|ALLSCHWIL|CH|http://www.swisstph.ch|https://ec.europa.eu/info/funding-tenders/opportunities/portal/screen/contact-form/project/998518583/101259120|2|participant|808625
101259120|CENTRE NATIONAL DE LA RECHERCHE SCIENTIFIQUE CNRS|CNRS|False|REC|PARIS|FR|http://www.cnrs.fr|https://ec.europa.eu/info/funding-tenders/opportunities/portal/screen/contact-form/project/999997930/101259120|1|coordinator|1368432,5
101258103|CONSORCIO MAR PARC DE SALUT DE BARCELONA|HMRIB-CERCA|False|HES|Barcelona|ES|http://www.imim.es|https://ec.europa.eu/info/funding-tenders/opportunities/portal/screen/contact-form/project/985920320/101258103|2|participant|768000
101258103|FUNDACION SECTOR PUBLICO ESTATAL CENTRO NACIONAL INVESTIGACIONES ONCOLOGICAS CARLOS III||False|REC|Madrid|ES|http://www.cnio.es|https://ec.europa.eu/info/funding-tenders/opportunities/portal/screen/contact-form/project/999547850/101258103|1|coordinator|572500
101258103|TECHNISCHE UNIVERSITAET MUENCHEN|TUM|False|HES|Muenchen|DE|http://www.tu-muenchen.de|https://ec.europa.eu/info/funding-tenders/opportunities/portal/screen/contact-form/project/999977463/101258103|5|participant|526750
101258103|FONDAZIONE PER L'ISTITUTO ONCOLOGICO DI RICERCA (IOR)|FONDAZIONE PER L'ISTITUTO ONCOLOGICO DI RICERCA (IOR)|False|REC|BELLINZONA|CH||https://ec.europa.eu/info/funding-tenders/opportunities/portal/screen/contact-form/project/933168325/101258103|6|participant|486750
101258103|VECMEDICAL SPAIN SL|VECMEDICAL SPAIN, S.L.|False|PRC|MONTCADA I REIXAC|ES||https://ec.europa.eu/info/funding-tenders/opportunities/portal/screen/contact-form/project/883711129/101258103|3|participant|538500
101258103|FUNDACIO INSTITUT HOSPITAL DEL MAR D INVESTIGACIONS MEDIQUES|HMRIB-CERCA|False|REC|Barcelona|ES|http://www.imim.es|https://ec.europa.eu/info/funding-tenders/opportunities/portal/screen/contact-form/project/999585680/101258103|2|thirdParty|0
101258103|UNIVERSITAT POLITECNICA DE VALENCIA|UPV|False|HES|VALENCIA|ES|http://www.upv.es|https://ec.europa.eu/info/funding-tenders/opportunities/portal/screen/contact-form/project/999864846/101258103|4|participant|248125
101258353|LULEA TEKNISKA UNIVERSITET|LTU|False|HES|LULEA|SE|http://www.ltu.se|https://ec.europa.eu/info/funding-tenders/opportunities/portal/screen/contact-form/project/999876874/101258353|1|coordinator|633125
101258353|LUNDS UNIVERSITET||False|HES|Lund|SE|http://www.lu.se|https://ec.europa.eu/info/funding-tenders/opportunities/portal/screen/contact-form/project/999901318/101258353|2|participant|605000
101258353|HEWLETT PACKARD ENTERPRISE BELGIUM||False|PRC|Diegem|BE||https://ec.europa.eu/info/funding-tenders/opportunities/portal/screen/contact-form/project/895247824/101258353|7|participant|518125
101258353|UNIVERSIDAD DE OVIEDO|UNIOVI|False|HES|OVIEDO|ES|http://www.uniovi.es|https://ec.europa.eu/info/funding-tenders/opportunities/portal/screen/contact-form/project/999848647/101258353|4|participant|246875
101258353|UNIVERSIDAD DE CANTABRIA||False|HES|SANTANDER|ES|http://www.unican.es|https://ec.europa.eu/info/funding-tenders/opportunities/portal/screen/contact-form/project/999880075/101258353|6|participant|221875
101258353|TECHNISCHE UNIVERSITEIT EINDHOVEN|TU/e|False|HES|Eindhoven|NL|http://www.tue.nl/en|https://ec.europa.eu/info/funding-tenders/opportunities/portal/screen/contact-form/project/999977269/101258353|3|participant|655753,75
101258353|ISTITUTO NAZIONALE DI FISICA NUCLEARE|INFN|False|REC|Frascati|IT|http://www.infn.it|https://ec.europa.eu/info/funding-tenders/opportunities/portal/screen/contact-form/project/999992789/101258353|5|participant|248750
101284471|60ND SL|60ND|True|PRC|LEGANES|ES||https://ec.europa.eu/info/funding-tenders/opportunities/portal/screen/contact-form/project/870471405/101284471|1|coordinator|2394825,7
101284471|UNIVERSIDAD CARLOS III DE MADRID|UC3M|False|HES|Getafe (Madrid)|ES|http://www.uc3m.es|https://ec.europa.eu/info/funding-tenders/opportunities/portal/screen/contact-form/project/999899572/101284471|1|thirdParty|0
101292269|UNIVERSITA DI PISA|UNIPI|False|HES|PISA|IT|https://www.unipi.it|https://ec.europa.eu/info/funding-tenders/opportunities/portal/screen/contact-form/project/999862712/101292269|2|thirdParty|0
101292269|CONSIGLIO NAZIONALE DELLE RICERCHE|CNR|False|REC|Roma|IT|http://www.cnr.it|https://ec.europa.eu/info/funding-tenders/opportunities/portal/screen/contact-form/project/999979500/101292269|2|participant|782994,49
101292269|PRODEA DEPOLLUTING|PRODEA DEPOLLUTING|True|PRC|La Seyne-sur-Mer|FR||https://ec.europa.eu/info/funding-tenders/opportunities/portal/screen/contact-form/project/890217695/101292269|1|coordinator|1711961,67
101291297|CELARE QUANTUM COMMUNICATIONS APS||True|PRC|FREDERISKSBERG|DK||https://ec.europa.eu/info/funding-tenders/opportunities/portal/screen/contact-form/project/871402993/101291297|1|coordinator|2498823,5
101287726|FAST COMPUTING SRL SOCIETA' BENEFIT|FAST COMPUTING SRL SOCIETA' BENEFIT|True|PRC|Trieste|IT||https://ec.europa.eu/info/funding-tenders/opportunities/portal/screen/contact-form/project/880987660/101287726|1|coordinator|2431625
101288208|Beyond Weather BV|Beyond Weather|True|PRC|Utrecht|NL||https://ec.europa.eu/info/funding-tenders/opportunities/portal/screen/contact-form/project/870713905/101288208|1|coordinator|2448801,78
101290742|SINBIOSYS SRL|SINBIOSYS SRL|True|PRC|Bologna|IT||https://ec.europa.eu/info/funding-tenders/opportunities/portal/screen/contact-form/project/885558882/101290742|1|coordinator|1577710,45
101290742|POLYSECURE GMBH||True|PRC|FREIBURG IM BREISGAU|DE||https://ec.europa.eu/info/funding-tenders/opportunities/portal/screen/contact-form/project/894158708/101290742|2|participant|675442,8
101291374|ACMIT GMBH||True|OTH|Wiener Neustadt|AT|https://www.ima-mst.at|https://ec.europa.eu/info/funding-tenders/opportunities/portal/screen/contact-form/project/984976413/101291374|2|participant|924368,75
101291374|AZIENDA OSPEDALE UNIVERSITA PADOVA|AOUP|False|PUB|PADOVA|IT|https://www.sanita.padova.it|https://ec.europa.eu/info/funding-tenders/opportunities/portal/screen/contact-form/project/999891327/101291374|3|participant|292472,25
101291374|KATHOLIEKE UNIVERSITEIT LEUVEN|KU Leuven|False|HES|LEUVEN|BE|http://www.kuleuven.be|https://ec.europa.eu/info/funding-tenders/opportunities/portal/screen/contact-form/project/999991334/101291374|1|coordinator|1269750
101290530|4K-MEMS SA||True|PRC|ST-BLAISE|CH||https://ec.europa.eu/info/funding-tenders/opportunities/portal/screen/contact-form/project/891101365/101290530|1|coordinator|1935562,5
101290530|UNIVERSITA DEGLI STUDI DI TRENTO|UniTrento|False|HES|TRENTO|IT|http://www.unitn.it|https://ec.europa.eu/info/funding-tenders/opportunities/portal/screen/contact-form/project/999841954/101290530|2|participant|564415
101291635|TECHNISCHE UNIVERSITAET DRESDEN|TUD|False|HES|DRESDEN|DE|http://tu-dresden.de|https://ec.europa.eu/info/funding-tenders/opportunities/portal/screen/contact-form/project/999897729/101291635|1|coordinator|2499935,06
101268729|TECHNISCHE UNIVERSITAET GRAZ|TU GRAZ|False|HES|Graz|AT|http://www.tugraz.at|https://ec.europa.eu/info/funding-tenders/opportunities/portal/screen/contact-form/project/999977948/101268729|2|participant|552365
101268729|UNIVERSITAT DE GIRONA|UNIVERSITAT DE GIRONA|False|HES|GIRONA|ES|http://www.udg.es|https://ec.europa.eu/info/funding-tenders/opportunities/portal/screen/contact-form/project/999895983/101268729|4|participant|259743,63
101268729|TECHNISCHE UNIVERSITAT DARMSTADT||False|HES|DARMSTADT|DE|http://www.tu-darmstadt.de|https://ec.europa.eu/info/funding-tenders/opportunities/portal/screen/contact-form/project/999986581/101268729|3|participant|450222,5
101268729|ECOLYTE GMBH|ECOLYTE|True|PRC|GRAZ|AT||https://ec.europa.eu/info/funding-tenders/opportunities/portal/screen/contact-form/project/885401063/101268729|1|coordinator|1229572,5
101286165|UNIVERSITAIR MEDISCH CENTRUM UTRECHT|UMC UTRECHT|False|HES|Utrecht|NL|http://www.umcutrecht.nl|https://ec.europa.eu/info/funding-tenders/opportunities/portal/screen/contact-form/project/999915189/101286165|2|participant|625875
101286165|IN SRL|INSOCIETY|True|PRC|UDINE|IT||https://ec.europa.eu/info/funding-tenders/opportunities/portal/screen/contact-form/project/983078414/101286165|3|participant|250000
101286165|READILY3D SA||True|PRC|LAUSANNE|CH||https://ec.europa.eu/info/funding-tenders/opportunities/portal/screen/contact-form/project/894369586/101286165|1|coordinator|1241800
101292160|INDEEP ARTIFICIAL INTELLIGENCE SL|Alien AI Lab|True|PRC|Las Palmas De Gran Canaria|ES||https://ec.europa.eu/info/funding-tenders/opportunities/portal/screen/contact-form/project/888789855/101292160|1|coordinator|2498250
101291667|OMNIGRASP SRL||True|PRC|BARI|IT||https://ec.europa.eu/info/funding-tenders/opportunities/portal/screen/contact-form/project/886683015/101291667|1|coordinator|2440000
101290331|BARCELONA SUPERCOMPUTING CENTER CENTRO NACIONAL DE SUPERCOMPUTACION|BSC CNS|False|REC|BARCELONA|ES|http://www.bsc.es|https://ec.europa.eu/info/funding-tenders/opportunities/portal/screen/contact-form/project/999655520/101290331|1|coordinator|2467613,55
101257388|COVESTRO DEUTSCHLAND AG|COV|False|PRC|LEVERKUSEN|DE||https://ec.europa.eu/info/funding-tenders/opportunities/portal/screen/contact-form/project/997433541/101257388|5|participant|386250
101257388|FUNDACIO UNIVERSITARIA BALMES|UVIC-UCC|False|HES|VIC BARCELONA|ES|https://www.uvic.cat|https://ec.europa.eu/info/funding-tenders/opportunities/portal/screen/contact-form/project/999837977/101257388|1|coordinator|498166,25
101257388|Technological University of the Shannon: Midlands Midwest|TUS|False|HES|Limerick|IE||https://ec.europa.eu/info/funding-tenders/opportunities/portal/screen/contact-form/project/889135563/101257388|8|participant|397431,25
101257388|B'ZEOS SPAIN S.L.|B'ZEOS|False|PRC|BARCELONA|ES||https://ec.europa.eu/info/funding-tenders/opportunities/portal/screen/contact-form/project/887681533/101257388|7|participant|303375
101257388|UNIVERSITAT POLITECNICA DE CATALUNYA|UPC|False|HES|BARCELONA|ES|http://www.upc.edu|https://ec.europa.eu/info/funding-tenders/opportunities/portal/screen/contact-form/project/999976202/101257388|6|participant|314703,75
101257388|GreenOil srl||True|PRC|Putignano|IT||https://ec.europa.eu/info/funding-tenders/opportunities/portal/screen/contact-form/project/877015995/101257388|2|participant|392185
101257388|RIJKSUNIVERSITEIT GRONINGEN||False|HES|Groningen|NL|http://www.rug.nl|https://ec.europa.eu/info/funding-tenders/opportunities/portal/screen/contact-form/project/999989782/101257388|4|participant|386087,5
101257388|UNIVERSITA DEGLI STUDI DI BARI ALDO MORO|UNIBA|False|HES|BARI|IT|http://www.uniba.it|https://ec.europa.eu/info/funding-tenders/opportunities/portal/screen/contact-form/project/999840596/101257388|3|participant|321665
101257388|COVESTRO (NETHERLANDS) BV|ASELLION|False|PRC|Geleen|NL||https://ec.europa.eu/info/funding-tenders/opportunities/portal/screen/contact-form/project/884498478/101257388|5|thirdParty|0
101291583|UNIVERSITEIT TWENTE|UNIVERSITEIT TWENTE|False|HES|Enschede|NL|http://www.utwente.nl|https://ec.europa.eu/info/funding-tenders/opportunities/portal/screen/contact-form/project/999900833/101291583|1|coordinator|2498969,75
101291956|Cubase Bio AB|Cubase Bio|True|PRC|Solna|SE||https://ec.europa.eu/info/funding-tenders/opportunities/portal/screen/contact-form/project/870536783/101291956|1|coordinator|1966952,5
101291245|DAWN-BIO GMBH||True|PRC|WIEN|AT||https://ec.europa.eu/info/funding-tenders/opportunities/portal/screen/contact-form/project/879942582/101291245|1|coordinator|1804281,2
101298721|INTERNATIONAL CENTRE FOR RESEARCH IN AGROFORESTRY (ICRAF)|WORLD AGROFORESTRY CENTRE INTERNATIONAL CENTRE FOR RESEARCH IN AGROFORESTRY ICRAF|False|REC|Nairobi|KE|http://www.worldagroforestry.org/|https://ec.europa.eu/info/funding-tenders/opportunities/portal/screen/contact-form/project/997334989/101298721|7|participant|124687
101298721|KILI VENTURES LTD||False|PRC|Leeds|UK||https://ec.europa.eu/info/funding-tenders/opportunities/portal/screen/contact-form/project/868810668/101298721|10|participant|129875
101298721|CISP SVILUPPO DEI POPOLI|CISP|False|OTH|ROMA|IT||https://ec.europa.eu/info/funding-tenders/opportunities/portal/screen/contact-form/project/936648879/101298721|6|participant|234893
101298721|KWAME NKRUMAH UNIVERSITY OF SCIENCE AND TECHNOLOGY KUMASI|KNUST|False|HES|Kumasi|GH|http://www.knust.edu.gh|https://ec.europa.eu/info/funding-tenders/opportunities/portal/screen/contact-form/project/995125911/101298721|9|participant|223750
101298721|RHEINISCHE FRIEDRICH-WILHELMS-UNIVERSITAT BONN||False|HES|BONN|DE|http://www.uni-bonn.de|https://ec.europa.eu/info/funding-tenders/opportunities/portal/screen/contact-form/project/999980276/101298721|5|participant|151048
101298721|BABELSCAPE SRL|Babelscape|True|PRC|Roma|IT||https://ec.europa.eu/info/funding-tenders/opportunities/portal/screen/contact-form/project/909989787/101298721|3|participant|202375
101298721|UNIVERSITY OF NAIROBI|UoN|False|HES|Nairobi|KE|https://www.uonbi.ac.ke|https://ec.europa.eu/info/funding-tenders/opportunities/portal/screen/contact-form/project/999890648/101298721|8|participant|150000
101298721|SUSTAINABLE TRANSITION SOCIETA' COOPERATIVA|SUTRA|False|PRC|Ravenna|IT||https://ec.europa.eu/info/funding-tenders/opportunities/portal/screen/contact-form/project/883965754/101298721|1|coordinator|232391
101298721|TRIM s.r.l.|TRIM|True|PRC|Turin|IT||https://ec.europa.eu/info/funding-tenders/opportunities/portal/screen/contact-form/project/904017206/101298721|4|participant|199713
101298721|FONDAZIONE AVSI - ETS|AVSI - ETS|False|OTH|Cesena|IT||https://ec.europa.eu/info/funding-tenders/opportunities/portal/screen/contact-form/project/937611604/101298721|11|participant|150000
101298721|UNIVERSITA DEGLI STUDI DI MODENA E REGGIO EMILIA|UNIMORE|False|HES|MODENA|IT|http://www.unimore.it|https://ec.europa.eu/info/funding-tenders/opportunities/portal/screen/contact-form/project/999840887/101298721|2|participant|201250
101286238|Belfort Labs||True|PRC|Leuven|BE||https://ec.europa.eu/info/funding-tenders/opportunities/portal/screen/contact-form/project/869457367/101286238|1|coordinator|2480666,66
101290564|QUANTWARE B.V.||True|PRC|Delft|NL||https://ec.europa.eu/info/funding-tenders/opportunities/portal/screen/contact-form/project/892878890/101290564|1|coordinator|2499887,5
101289496|META||True|PRC|SINT-JOOST-TEN-NODE|BE||https://ec.europa.eu/info/funding-tenders/opportunities/portal/screen/contact-form/project/900146227/101289496|4|participant|177895,25
101289496|KARLSRUHER INSTITUT FUER TECHNOLOGIE|KIT|False|HES|Karlsruhe|DE|https://www.kit.edu|https://ec.europa.eu/info/funding-tenders/opportunities/portal/screen/contact-form/project/990797674/101289496|3|participant|741066
101289496|Bionys S.r.l.|Bionys S.R.L.|True|PRC|Messina|IT||https://ec.europa.eu/info/funding-tenders/opportunities/portal/screen/contact-form/project/878288247/101289496|2|participant|903027,95
101289496|UNIVERSITAETSKLINIKUM FREIBURG|UKLFR|False|HES|Freiburg|DE|http://www.uniklinik-freiburg.de/augenklinik|https://ec.europa.eu/info/funding-tenders/opportunities/portal/screen/contact-form/project/999881918/101289496|1|coordinator|673076,7
101291468|NANOCELL THERAPEUTICS B.V.|NANOCELL THERAPEUTICS|True|PRC|UTRECHT|NL||https://ec.europa.eu/info/funding-tenders/opportunities/portal/screen/contact-form/project/890019233/101291468|1|coordinator|2311463,75
101286838|ACOUSTOFAB LTD||True|PRC|LONDON|UK||https://ec.europa.eu/info/funding-tenders/opportunities/portal/screen/contact-form/project/879165903/101286838|1|coordinator|1998703,97
101291137|INTERUNIVERSITAIR MICRO-ELECTRONICA CENTRUM|IMEC|False|REC|Leuven|BE|http://www.imec.be|https://ec.europa.eu/info/funding-tenders/opportunities/portal/screen/contact-form/project/999981149/101291137|1|coordinator|2493585
101287089|NCODIN||True|PRC|PALAISEAU|FR||https://ec.europa.eu/info/funding-tenders/opportunities/portal/screen/contact-form/project/880226986/101287089|1|coordinator|2498797,15
101271067|TRANSTAL SHIPPING B.V.||True|PRC|Appingedam|NL||https://ec.europa.eu/info/funding-tenders/opportunities/portal/screen/contact-form/project/869782996/101271067|10|participant|179750
101271067|UNIVERSITEIT ANTWERPEN|UANTWERPEN|False|HES|Antwerpen|BE|http://www.ua.ac.be|https://ec.europa.eu/info/funding-tenders/opportunities/portal/screen/contact-form/project/999902870/101271067|3|participant|588625
101271067|FRAUNHOFER GESELLSCHAFT ZUR FORDERUNG DER ANGEWANDTEN FORSCHUNG EV|Fraunhofer|False|REC|MUNCHEN|DE|https://www.fraunhofer.de|https://ec.europa.eu/info/funding-tenders/opportunities/portal/screen/contact-form/project/999984059/101271067|1|coordinator|774965
101271067|HOGERE ZEEVAARTSCHOOL|HZS|False|HES|ANTWERPEN|BE||https://ec.europa.eu/info/funding-tenders/opportunities/portal/screen/contact-form/project/949634657/101271067|2|participant|403125
101271067|NAVALPROGETTI SRL||True|PRC|TRIESTE|IT||https://ec.europa.eu/info/funding-tenders/opportunities/portal/screen/contact-form/project/928512810/101271067|9|participant|386475
101271067|ECOLE CENTRALE DE NANTES|ECOLE CENTRALE DE NANTES|False|HES|Nantes Cedex 3|FR|http://www.ec-nantes.fr|https://ec.europa.eu/info/funding-tenders/opportunities/portal/screen/contact-form/project/999509050/101271067|6|participant|534875
101271067|STICHTING STC-GROUP|STC-Group|False|HES|Rotterdam|NL|https://www.stc-group.nl|https://ec.europa.eu/info/funding-tenders/opportunities/portal/screen/contact-form/project/997865676/101271067|7|participant|218000
101271067|NAVTOR AS|NAVTOR AS|True|PRC|Egersund|NO||https://ec.europa.eu/info/funding-tenders/opportunities/portal/screen/contact-form/project/952519340/101271067|4|participant|407666
101271067|NESTRA BV||True|PRC|ROTTERDAM|NL||https://ec.europa.eu/info/funding-tenders/opportunities/portal/screen/contact-form/project/922881378/101271067|8|participant|271250
101271067|MARITIME CLEANTECH||False|OTH|Stord|NO||https://ec.europa.eu/info/funding-tenders/opportunities/portal/screen/contact-form/project/929289295/101271067|5|participant|404500
101280070|UNIVERSITEIT ANTWERPEN|UANTWERPEN|False|HES|Antwerpen|BE|http://www.ua.ac.be|https://ec.europa.eu/info/funding-tenders/opportunities/portal/screen/contact-form/project/999902870/101280070|3|participant|503770
101280070|DELMIC CRYO BV||True|PRC|DELFT|NL||https://ec.europa.eu/info/funding-tenders/opportunities/portal/screen/contact-form/project/897669623/101280070|1|thirdParty|0
101280070|DELMIC BV||True|PRC|DELFT|NL||https://ec.europa.eu/info/funding-tenders/opportunities/portal/screen/contact-form/project/910297762/101280070|1|coordinator|1543125
101280070|ECOLE POLYTECHNIQUE FEDERALE DE LAUSANNE|EPFL|False|HES|LAUSANNE|CH|http://www.epfl.ch|https://ec.europa.eu/info/funding-tenders/opportunities/portal/screen/contact-form/project/999973971/101280070|2|participant|451425
101289393|KUNGLIGA TEKNISKA HOEGSKOLAN|KTH|False|HES|STOCKHOLM|SE|http://www.kth.se|https://ec.europa.eu/info/funding-tenders/opportunities/portal/screen/contact-form/project/999990946/101289393|4|participant|564032
101289393|EUROPEAN MOLECULAR BIOLOGY LABORATORY|EMBL|False|REC|Heidelberg|DE|http://www.embl.org|https://ec.europa.eu/info/funding-tenders/opportunities/portal/screen/contact-form/project/999988230/101289393|2|participant|1156804
101289393|EURO-BIOIMAGING ERIC||False|REC|Turku|FI||https://ec.europa.eu/info/funding-tenders/opportunities/portal/screen/contact-form/project/895635630/101289393|1|coordinator|1644500
101289393|CONSIGLIO NAZIONALE DELLE RICERCHE|CNR|False|REC|Roma|IT|http://www.cnr.it|https://ec.europa.eu/info/funding-tenders/opportunities/portal/screen/contact-form/project/999979500/101289393|3|participant|629268
101267272|UNIVERSITEIT ANTWERPEN|UANTWERPEN|False|HES|Antwerpen|BE|http://www.ua.ac.be|https://ec.europa.eu/info/funding-tenders/opportunities/portal/screen/contact-form/project/999902870/101267272|2|participant|593008,75
101267272|CELLMAT TECHNOLOGIES SL||True|PRC|Valladolid|ES||https://ec.europa.eu/info/funding-tenders/opportunities/portal/screen/contact-form/project/950065143/101267272|8|participant|143329,69
101267272|ASSOCIATION TECHTERA AUVERGNE RHÔNE ALPES|Techtera|True|OTH|ECULLY|FR|http://www.techtera.org|https://ec.europa.eu/info/funding-tenders/opportunities/portal/screen/contact-form/project/953553554/101267272|10|participant|197690,63
101267272|FUNDACIO CENTRE TECNOLOGIC EN BIODIVERSITAT, ECOLOGIA I TECNOLOGIA AMBIENTAL I ALIMENTARIA|BETA|False|REC|VIC|ES||https://ec.europa.eu/info/funding-tenders/opportunities/portal/screen/contact-form/project/867546273/101267272|3|participant|404037,5
101267272|CONTACTICA SL|CTA|True|PRC|MADRID|ES|http://www.contactica.es|https://ec.europa.eu/info/funding-tenders/opportunities/portal/screen/contact-form/project/957958033/101267272|1|coordinator|517750
101267272|LUXEMBOURG INSTITUTE OF SCIENCE AND TECHNOLOGY|LIST|False|REC|Esch Sur Alzette|LU|http://www.list.lu|https://ec.europa.eu/info/funding-tenders/opportunities/portal/screen/contact-form/project/934320200/101267272|4|participant|492325
101267272|INVIABLE LIFE CYCLE THINKING SL|INVIABLE LIFE CYCLE THINKING|True|PRC|BERAN|ES||https://ec.europa.eu/info/funding-tenders/opportunities/portal/screen/contact-form/project/883749541/101267272|7|participant|269649,55
101267272|Quantis Sarl||True|PRC|Renens VD|CH|http://www.quantis-intl.com|https://ec.europa.eu/info/funding-tenders/opportunities/portal/screen/contact-form/project/994416065/101267272|6|participant|736250
101267272|TISSAGE MOULINE THILLOT||False|PRC|LE THILLOT|FR||https://ec.europa.eu/info/funding-tenders/opportunities/portal/screen/contact-form/project/870388858/101267272|9|participant|120000
101267272|B.T.G. BIOMASS TECHNOLOGY GROUP BV|BTG|True|PRC|ENSCHEDE|NL|https://www.btgworld.com|https://ec.europa.eu/info/funding-tenders/opportunities/portal/screen/contact-form/project/999744081/101267272|5|participant|525125
101288669|KENYATTA UNIVERSITY|KU|False|HES|Nairobi|KE|http://www.ku.ac.ke|https://ec.europa.eu/info/funding-tenders/opportunities/portal/screen/contact-form/project/968878196/101288669|6|participant|170374,38
101288669|UNIVERSITY OF GHANA||False|HES|ACCRA|GH|https://www.ug.edu.gh|https://ec.europa.eu/info/funding-tenders/opportunities/portal/screen/contact-form/project/999878911/101288669|8|participant|141250
101288669|HELSINGIN YLIOPISTO||False|HES|HELSINGIN YLIOPISTO|FI|http://www.helsinki.fi/university/|https://ec.europa.eu/info/funding-tenders/opportunities/portal/screen/contact-form/project/999994535/101288669|1|coordinator|1261017,5
101288669|Emergency Nutrition Network||True|OTH|Oxfordshire|UK||https://ec.europa.eu/info/funding-tenders/opportunities/portal/screen/contact-form/project/871135467/101288669|4|participant|200010,07
101288669|TEKNOLOGIAN TUTKIMUSKESKUS VTT OY|VTT|False|REC|Espoo|FI|https://www.vtt.fi|https://ec.europa.eu/info/funding-tenders/opportunities/portal/screen/contact-form/project/932760440/101288669|2|participant|199968,88
101288669|ESSENTIAL IMPACT LIMITED|ESSENTIAL|True|PRC|MAVOKO|KE||https://ec.europa.eu/info/funding-tenders/opportunities/portal/screen/contact-form/project/870640088/101288669|7|participant|249999,89
101288669|EURICE EUROPEAN RESEARCH AND PROJECT OFFICE GMBH||True|PRC|ST INGBERT|DE|http://www.eurice.eu|https://ec.europa.eu/info/funding-tenders/opportunities/portal/screen/contact-form/project/999778419/101288669|3|participant|550625
101288669|PROJECT PEANUT BUTTER LIMITED|Project Peanut Butter|False|REC|FREETOWN|SL||https://ec.europa.eu/info/funding-tenders/opportunities/portal/screen/contact-form/project/871629585/101288669|10|participant|862375
101288669|PROJECT PEANUT BUTTER COMPANY LIMITED BY GUARANTEE|PROJECT PEANUT BUTTER|False|OTH|KUMASI|GH||https://ec.europa.eu/info/funding-tenders/opportunities/portal/screen/contact-form/project/871628033/101288669|9|participant|223952,5
101288669|UNIVERSITY OF ELDORET|University of Eldoret|False|HES|Eldoret|KE||https://ec.europa.eu/info/funding-tenders/opportunities/portal/screen/contact-form/project/936899915/101288669|5|participant|146093,93
101290971|TRUST-IT SERVICES SRL|Trust-IT|True|PRC|PISA|IT||https://ec.europa.eu/info/funding-tenders/opportunities/portal/screen/contact-form/project/906664821/101290971|11|participant|419062,5
101290971|DEUTSCHES KLIMARECHENZENTRUM GMBH||False|REC|HAMBURG|DE|http://www.dkrz.de|https://ec.europa.eu/info/funding-tenders/opportunities/portal/screen/contact-form/project/998692310/101290971|5|participant|643625
101290971|ALFRED-WEGENER-INSTITUT HELMHOLTZ-ZENTRUM FUR POLAR- UND MEERESFORSCHUNG|AWI|False|REC|BREMERHAVEN|DE|http://www.awi.de|https://ec.europa.eu/info/funding-tenders/opportunities/portal/screen/contact-form/project/999497507/101290971|1|coordinator|2096295
101290971|CONSIGLIO NAZIONALE DELLE RICERCHE|CNR|False|REC|Roma|IT|http://www.cnr.it|https://ec.europa.eu/info/funding-tenders/opportunities/portal/screen/contact-form/project/999979500/101290971|3|participant|607496,56
101290971|COMMPLA SRL|Commpla Srl|True|PRC|PISA|IT||https://ec.europa.eu/info/funding-tenders/opportunities/portal/screen/contact-form/project/951678738/101290971|11|thirdParty|0
101290971|EUROPEAN CENTRE FOR MEDIUM-RANGE WEATHER FORECASTS|ECMWF|False|REC|READING|UK|http://www.ecmwf.int|https://ec.europa.eu/info/funding-tenders/opportunities/portal/screen/contact-form/project/999916741/101290971|6|participant|936500
101290971|POLITECNICO DI TORINO|POLITO|False|HES|Torino|IT|https://www.polito.it|https://ec.europa.eu/info/funding-tenders/opportunities/portal/screen/contact-form/project/999977754/101290971|9|participant|703881,25
101290971|METEOROLOGISK INSTITUTT||False|REC|Oslo|NO|http://www.met.no|https://ec.europa.eu/info/funding-tenders/opportunities/portal/screen/contact-form/project/999510893/101290971|7|participant|572775
101290971|Gard AS||False|PRC|Arendal|NO||https://ec.europa.eu/info/funding-tenders/opportunities/portal/screen/contact-form/project/870057991/101290971|12|associatedPartner|
101290971|MAX-PLANCK-GESELLSCHAFT ZUR FORDERUNG DER WISSENSCHAFTEN EV|MPG|False|REC|MUNCHEN|DE|http://www.mpg.de|https://ec.europa.eu/info/funding-tenders/opportunities/portal/screen/contact-form/project/999990267/101290971|8|participant|878985
101290971|SIEMENS AKTIENGESELLSCHAFT||False|PRC|MUNCHEN|DE|http://www.siemens.com|https://ec.europa.eu/info/funding-tenders/opportunities/portal/screen/contact-form/project/999987260/101290971|10|participant|843340
101290971|BARCELONA SUPERCOMPUTING CENTER CENTRO NACIONAL DE SUPERCOMPUTACION|BSC CNS|False|REC|BARCELONA|ES|http://www.bsc.es|https://ec.europa.eu/info/funding-tenders/opportunities/portal/screen/contact-form/project/999655520/101290971|2|participant|1588743,16
101290971|CSC-TIETEEN TIETOTEKNIIKAN KESKUS OY|CSC-IT CENTER FOR SCIENCE LTD|False|OTH|Espoo|FI|http://www.csc.fi|https://ec.europa.eu/info/funding-tenders/opportunities/portal/screen/contact-form/project/999645820/101290971|4|participant|706745
101292103|Bruker Switzerland AG|BAG|False|PRC|Faellanden|CH||https://ec.europa.eu/info/funding-tenders/opportunities/portal/screen/contact-form/project/983656243/101292103|8|participant|79700
101292103|COMMISSARIAT A L ENERGIE ATOMIQUE ET AUX ENERGIES ALTERNATIVES|CEA|False|REC|Paris|FR|https://www.cea.fr|https://ec.europa.eu/info/funding-tenders/opportunities/portal/screen/contact-form/project/999992401/101292103|6|participant|612384,04
101292103|GSI HELMHOLTZZENTRUM FUR SCHWERIONENFORSCHUNG GMBH|GSI|False|OTH|Darmstadt|DE|http://www.gsi.de|https://ec.europa.eu/info/funding-tenders/opportunities/portal/screen/contact-form/project/999995214/101292103|5|participant|223438
101292103|CENTRO DE INVESTIGACIONES ENERGETICAS MEDIOAMBIENTALES Y TECNOLOGICAS|CIEMAT|False|REC|MADRID|ES|http://www.ciemat.es|https://ec.europa.eu/info/funding-tenders/opportunities/portal/screen/contact-form/project/999614877/101292103|7|participant|310500
101292103|ORGANISATION EUROPEENNE POUR LA RECHERCHE NUCLEAIRE|EUROPEAN ORGANIZATION FOR NUCLEAR RESEARCH|False|REC|GENEVE 23|CH|http://www.cern.ch|https://ec.europa.eu/info/funding-tenders/opportunities/portal/screen/contact-form/project/999988133/101292103|4|participant|409510
101292103|UNIVERSITA DEGLI STUDI DI MILANO|UMIL|False|HES|Milano|IT|http://www.unimi.it|https://ec.europa.eu/info/funding-tenders/opportunities/portal/screen/contact-form/project/999995796/101292103|3|participant|643625
101292103|PAUL SCHERRER INSTITUT|PSI|False|REC|VILLIGEN PSI|CH|https://www.psi.ch|https://ec.europa.eu/info/funding-tenders/opportunities/portal/screen/contact-form/project/999994923/101292103|1|coordinator|2029659
101292103|ISTITUTO NAZIONALE DI FISICA NUCLEARE|INFN|False|REC|Frascati|IT|http://www.infn.it|https://ec.europa.eu/info/funding-tenders/opportunities/portal/screen/contact-form/project/999992789/101292103|2|participant|689750
101275251|Planeteers GmbH||True|PRC|Hamburg|DE||https://ec.europa.eu/info/funding-tenders/opportunities/portal/screen/contact-form/project/876862735/101275251|13|participant|50187,5
101275251|SEAO2 BV|SEAO2|True|PRC|AMSTERDAM|NL||https://ec.europa.eu/info/funding-tenders/opportunities/portal/screen/contact-form/project/877328917/101275251|11|participant|50500
101275251|MACROCARBON SL||True|PRC|LAS PALMAS DE GRAN CANARIA|ES||https://ec.europa.eu/info/funding-tenders/opportunities/portal/screen/contact-form/project/881164685/101275251|12|participant|52025
101275251|THE UNIVERSITY OF MANCHESTER|UNIVERSITY OF MANCHESTER|False|HES|Manchester|UK|http://www.manchester.ac.uk|https://ec.europa.eu/info/funding-tenders/opportunities/portal/screen/contact-form/project/999903840/101275251|9|participant|458433,91
101275251|STIFTELSEN GRID ARENDAL|GRID ARENDAL|True|OTH|Arendal|NO||https://ec.europa.eu/info/funding-tenders/opportunities/portal/screen/contact-form/project/941833626/101275251|7|participant|512756,25
101275251|STIFTUNG WISSENSCHAFT UND POLITIK|SWP|False|REC|Berlin|DE|http://www.swp-berlin.org|https://ec.europa.eu/info/funding-tenders/opportunities/portal/screen/contact-form/project/998221763/101275251|4|participant|463518,38
101275251|HELMHOLTZ-ZENTRUM HEREON GMBH|HEREON|False|REC|GEESTHACHT|DE|http://www.hzg.de|https://ec.europa.eu/info/funding-tenders/opportunities/portal/screen/contact-form/project/999507401/101275251|1|coordinator|1001287,48
101275251|Planetary Technologies Inc.||False|PRC|Dartmouth|CA||https://ec.europa.eu/info/funding-tenders/opportunities/portal/screen/contact-form/project/871429668/101275251|10|participant|49562,5
101275251|UNIVERSITEIT UTRECHT|UU|False|HES|Utrecht|NL|http://www.uu.nl|https://ec.europa.eu/info/funding-tenders/opportunities/portal/screen/contact-form/project/999985805/101275251|5|participant|1049918
101275251|NATIONAL OCEANOGRAPHY CENTRE||False|REC|Southampton|UK||https://ec.europa.eu/info/funding-tenders/opportunities/portal/screen/contact-form/project/898797054/101275251|2|participant|699604,15
101275251|FONDAZIONE CENTRO EURO-MEDITERRANEOSUI CAMBIAMENTI CLIMATICI|FONDAZIONE CMCC|False|REC|LECCE|IT|http://www.cmcc.it|https://ec.europa.eu/info/funding-tenders/opportunities/portal/screen/contact-form/project/999419422/101275251|8|participant|461904,45
101275251|HELMHOLTZ-ZENTRUM FUR OZEANFORSCHUNG KIEL (GEOMAR)||False|REC|Kiel|DE|http://www.geomar.de|https://ec.europa.eu/info/funding-tenders/opportunities/portal/screen/contact-form/project/986090458/101275251|6|participant|450000
101275251|BARCELONA SUPERCOMPUTING CENTER CENTRO NACIONAL DE SUPERCOMPUTACION|BSC CNS|False|REC|BARCELONA|ES|http://www.bsc.es|https://ec.europa.eu/info/funding-tenders/opportunities/portal/screen/contact-form/project/999655520/101275251|3|participant|699999,83
101288610|FUNDACION UNIVERSIDAD LOYOLA ANDALUCIA|U LOYOLA ANDALUCIA|False|HES|Dos Hermanas, Sevilla|ES||https://ec.europa.eu/info/funding-tenders/opportunities/portal/screen/contact-form/project/952235421/101288610|6|participant|162937,5
101288610|UNIVERSIDAD DE ALICANTE|UNIVERSIDAD DE ALICANTE|False|HES|Alicante|ES|http://www.ua.es|https://ec.europa.eu/info/funding-tenders/opportunities/portal/screen/contact-form/project/999895886/101288610|9|participant|129700
101288610|INSTITUT NATIONAL DE LA SANTE ET DE LA RECHERCHE MEDICALE|INSERM|False|REC|PARIS|FR|http://www.inserm.fr|https://ec.europa.eu/info/funding-tenders/opportunities/portal/screen/contact-form/project/999997833/101288610|1|coordinator|1027134,25
101288610|LIVERPOOL JOHN MOORES UNIVERSITY|LJMU|False|HES|LIVERPOOL|UK|http://www.ljmu.ac.uk|https://ec.europa.eu/info/funding-tenders/opportunities/portal/screen/contact-form/project/998079949/101288610|8|participant|269281,25
101288610|UNIVERSITY OF LIMERICK|UNIVERSITY OF LIMERICK|False|HES|Limerick|IE|http://www.ul.ie|https://ec.europa.eu/info/funding-tenders/opportunities/portal/screen/contact-form/project/999809071/101288610|3|participant|301034,25
101288610|CONSERVATOIRE NATIONAL DES ARTS ET METIERS|CNAM|False|HES|Paris|FR|http://www.ict-phydyas.org/|https://ec.europa.eu/info/funding-tenders/opportunities/portal/screen/contact-form/project/999645529/101288610|2|participant|335815
101288610|ALMA MATER STUDIORUM - UNIVERSITA DI BOLOGNA|UNIBO|False|HES|Bologna|IT|http://www.unibo.it|https://ec.europa.eu/info/funding-tenders/opportunities/portal/screen/contact-form/project/999993953/101288610|4|participant|650177,5
101288610|UNIVERSITY OF SURREY|SURREY|False|HES|Guildford|UK|http://www.surrey.ac.uk|https://ec.europa.eu/info/funding-tenders/opportunities/portal/screen/contact-form/project/999985223/101288610|5|participant|183927,5
101288610|Le Cartable Fantastique||False|OTH|Gometz la Ville|FR||https://ec.europa.eu/info/funding-tenders/opportunities/portal/screen/contact-form/project/870987057/101288610|7|participant|401470,7
101284500|EATRIS ERIC|EATRIS|False|REC|AMSTERDAM|NL|https://www.eatris.eu|https://ec.europa.eu/info/funding-tenders/opportunities/portal/screen/contact-form/project/941506445/101284500|7|participant|273396
101284500|KUNGLIGA TEKNISKA HOEGSKOLAN|KTH|False|HES|STOCKHOLM|SE|http://www.kth.se|https://ec.europa.eu/info/funding-tenders/opportunities/portal/screen/contact-form/project/999990946/101284500|2|participant|868795
101284500|CONSORCIO PARA LA EXPLOTACION DEL CENTRO NACIONAL DE ANALISIS GENOMICO||False|REC|Barcelona|ES||https://ec.europa.eu/info/funding-tenders/opportunities/portal/screen/contact-form/project/882802433/101284500|1|coordinator|1326246
101284500|UPPSALA UNIVERSITET|UU|False|HES|Uppsala|SE|http://www.uu.se|https://ec.europa.eu/info/funding-tenders/opportunities/portal/screen/contact-form/project/999985029/101284500|3|participant|934870
101284500|UNIVERSITEIT UTRECHT|UU|False|HES|Utrecht|NL|http://www.uu.nl|https://ec.europa.eu/info/funding-tenders/opportunities/portal/screen/contact-form/project/999985805/101284500|5|participant|286979
101284500|KATHOLIEKE UNIVERSITEIT LEUVEN|KU Leuven|False|HES|LEUVEN|BE|http://www.kuleuven.be|https://ec.europa.eu/info/funding-tenders/opportunities/portal/screen/contact-form/project/999991334/101284500|4|participant|1077393
101284500|FUNDACIO CENTRE DE REGULACIO GENOMICA|CRG-CERCA|False|REC|Barcelona|ES|http://www.crg.es|https://ec.europa.eu/info/funding-tenders/opportunities/portal/screen/contact-form/project/999544455/101284500|6|participant|230578
101287605|BYORNA SAS|bYoRNA|True|PRC|PESSAC|FR||https://ec.europa.eu/info/funding-tenders/opportunities/portal/screen/contact-form/project/876981172/101287605|1|coordinator|1776250
101287605|TRON - TRANSLATIONALE ONKOLOGIE ANDER UNIVERSITATSMEDIZIN DER JOHANNES GUTENBERG-UNIVERSITAT MAINZ GEMEINNUTZIGE GMBH|TRON|False|REC|Mainz|DE|http://www.tron-mainz.de/|https://ec.europa.eu/info/funding-tenders/opportunities/portal/screen/contact-form/project/959576381/101287605|2|participant|715625
101288545|AARHUS UNIVERSITET|AU|False|HES|Aarhus C|DK|http://www.au.dk|https://ec.europa.eu/info/funding-tenders/opportunities/portal/screen/contact-form/project/999997736/101288545|4|participant|687177,5
101288545|PLYMOUTH MARINE LABORATORY LIMITED|PML|True|REC|PLYMOUTH|UK|http://www.pml.ac.uk/|https://ec.europa.eu/info/funding-tenders/opportunities/portal/screen/contact-form/project/999484024/101288545|8|participant|495230
101288545|ASOCIACION ECOPATH INTERNATIONAL INITIATIVE|EII|False|OTH|CERDANYOLA DEL VALLES|ES||https://ec.europa.eu/info/funding-tenders/opportunities/portal/screen/contact-form/project/958090341/101288545|11|participant|187500
101288545|KOBENHAVNS UNIVERSITET|UCPH|False|HES|KOBENHAVN|DK|http://www.ku.dk|https://ec.europa.eu/info/funding-tenders/opportunities/portal/screen/contact-form/project/999991043/101288545|1|coordinator|1291371,25
101288545|AGENCIA ESTATAL CONSEJO SUPERIOR DE INVESTIGACIONES CIENTIFICAS|CSIC|False|REC|MADRID|ES|http://www.csic.es|https://ec.europa.eu/info/funding-tenders/opportunities/portal/screen/contact-form/project/999991722/101288545|6|participant|480030
101288545|CONSIGLIO NAZIONALE DELLE RICERCHE|CNR|False|REC|Roma|IT|http://www.cnr.it|https://ec.europa.eu/info/funding-tenders/opportunities/portal/screen/contact-form/project/999979500/101288545|10|participant|506601,25
101288545|DANMARKS TEKNISKE UNIVERSITET|TECHNICAL UNIVERSITY OF DENMARK DTU|False|HES|KONGENS LYNGBY|DK|http://www.dtu.dk|https://ec.europa.eu/info/funding-tenders/opportunities/portal/screen/contact-form/project/999990655/101288545|5|participant|593750
101288545|FUNDACION AZTI - AZTI FUNDAZIOA|AZTI|False|REC|SUKARRIETA|ES|http://www.azti.es|https://ec.europa.eu/info/funding-tenders/opportunities/portal/screen/contact-form/project/999514385/101288545|7|participant|391988,75
101288545|UNIVERSITEIT UTRECHT|UU|False|HES|Utrecht|NL|http://www.uu.nl|https://ec.europa.eu/info/funding-tenders/opportunities/portal/screen/contact-form/project/999985805/101288545|2|participant|742125
101288545|NATIONAL OCEANOGRAPHY CENTRE||False|REC|Southampton|UK||https://ec.europa.eu/info/funding-tenders/opportunities/portal/screen/contact-form/project/898797054/101288545|9|participant|466633,75
101288545|UNIVERSITY OF LEICESTER|ULEIC|False|HES|Leicester|UK|http://www.le.ac.uk|https://ec.europa.eu/info/funding-tenders/opportunities/portal/screen/contact-form/project/999985514/101288545|3|participant|688880
101287943|UNIVERSITA DEGLI STUDI DI PARMA|UNIVERSITA DEGLI STUDI DI PARMA|False|HES|PARMA|IT|http://www.unipr.it|https://ec.europa.eu/info/funding-tenders/opportunities/portal/screen/contact-form/project/999846028/101287943|9|participant|153308,39
101287943|THE CHANCELLOR MASTERS AND SCHOLARS OF THE UNIVERSITY OF CAMBRIDGE||False|HES|CAMBRIDGE|UK|http://www.cam.ac.uk|https://ec.europa.eu/info/funding-tenders/opportunities/portal/screen/contact-form/project/999977172/101287943|3|participant|704682,54
101287943|PROSPEX INSTITUTE|PROSPEX INSTITUTE|False|OTH|BRUSSEL|BE||https://ec.europa.eu/info/funding-tenders/opportunities/portal/screen/contact-form/project/936495134/101287943|10|participant|589479,02
101287943|ASSEMBLEE DES REGIONS EUROPEENNES FRUITIERES LEGUMIERES ET HORTICOLES|AREFLH|False|OTH|Bordeaux|FR|https://www.areflh.org|https://ec.europa.eu/info/funding-tenders/opportunities/portal/screen/contact-form/project/997432571/101287943|11|participant|101432,14
101287943|RSK ADAS LIMITED||False|PRC|Cheshire|UK|https://www.adas.uk|https://ec.europa.eu/info/funding-tenders/opportunities/portal/screen/contact-form/project/916021538/101287943|8|participant|358318,4
101287943|FORESTRY COMMISSION RESEARCH  AGENCY||False|REC|Farnham|UK|http://www.forestry.gov.uk/forestresearch|https://ec.europa.eu/info/funding-tenders/opportunities/portal/screen/contact-form/project/999450365/101287943|6|participant|171660,9
101287943|ORGANISATION EUROPEENNE ET MEDITERRANEENNE POUR LA PROTECTION DES PLANTES|EUROPEAN AND MEDITERRANEAN PLANT PROTECTION ORGANISATION|False|PUB|PARIS|FR|http://www.eppo.int/|https://ec.europa.eu/info/funding-tenders/opportunities/portal/screen/contact-form/project/999560654/101287943|12|participant|149566,23
101287943|INSTITUTO VALENCIANO DE INVESTIGACIONES AGRARIAS|IVIA|False|OTH|MONCADA VALENCIA|ES|http://www.ivia.es|https://ec.europa.eu/info/funding-tenders/opportunities/portal/screen/contact-form/project/999499738/101287943|2|participant|418682,14
101287943|ROTHAMSTED RESEARCH LTD||False|OTH|HERTS|UK|http://www.rothamsted.ac.uk|https://ec.europa.eu/info/funding-tenders/opportunities/portal/screen/contact-form/project/999455021/101287943|14|participant|356499,13
101287943|UNIVERSITY OF WARWICK||False|HES|COVENTRY|UK|http://www.warwick.ac.uk|https://ec.europa.eu/info/funding-tenders/opportunities/portal/screen/contact-form/project/999976784/101287943|1|coordinator|1244191,5
101287943|MINISTERE DE L'AGRICULTURE ET DE LA SOUVERAINETE ALIMENTAIRE||False|PUB|Paris|FR||https://ec.europa.eu/info/funding-tenders/opportunities/portal/screen/contact-form/project/998496661/101287943|15|associatedPartner|
101287943|WAGENINGEN UNIVERSITY|WU|False|HES|Wageningen|NL|http://www.wageningenur.nl/nl.htm|https://ec.europa.eu/info/funding-tenders/opportunities/portal/screen/contact-form/project/999981634/101287943|4|participant|499369,64
101287943|CERATIUM SCIENTIFIC LIMITED|CERATIUM SCIENTIFIC|False|PRC|Dublin|IE||https://ec.europa.eu/info/funding-tenders/opportunities/portal/screen/contact-form/project/868754311/101287943|13|participant|341994,65
101287943|INSTITUT NATIONAL DE RECHERCHE POUR L'AGRICULTURE, L'ALIMENTATION ET L'ENVIRONNEMENT|INRAE|False|REC|PARIS CEDEX 07|FR|http://www.inra.fr|https://ec.europa.eu/info/funding-tenders/opportunities/portal/screen/contact-form/project/999993274/101287943|7|participant|399300,81
101287943|UNIVERSITA CATTOLICA DEL SACRO CUORE|UCSC|False|HES|MILANO|IT|http://www.unicatt.it|https://ec.europa.eu/info/funding-tenders/opportunities/portal/screen/contact-form/project/999915771/101287943|5|participant|499114,64
101291179|REFLEKRON OY|REFLEKRON LTD|True|PRC|Tampere|FI||https://ec.europa.eu/info/funding-tenders/opportunities/portal/screen/contact-form/project/890669424/101291179|3|participant|288187,19
101291179|EDWATEC S.A.|EDWATEC S.A.|True|PRC|Lausanne|CH||https://ec.europa.eu/info/funding-tenders/opportunities/portal/screen/contact-form/project/880518277/101291179|4|participant|821550,13
101291179|ECOLE POLYTECHNIQUE FEDERALE DE LAUSANNE|EPFL|False|HES|LAUSANNE|CH|http://www.epfl.ch|https://ec.europa.eu/info/funding-tenders/opportunities/portal/screen/contact-form/project/999973971/101291179|1|coordinator|918510,11
101291179|MENLO SYSTEMS GMBH||True|PRC|PLANEGG MARTINSRIED|DE|http://www.menlosystems.com|https://ec.europa.eu/info/funding-tenders/opportunities/portal/screen/contact-form/project/994705901/101291179|5|participant|360848,25
101291179|CONSORZIO NAZIONALE INTERUNIVERSITARIO PER LE TELECOMUNICAZIONI|CNIT|False|HES|Parma|IT|http://www.cnit.it|https://ec.europa.eu/info/funding-tenders/opportunities/portal/screen/contact-form/project/999649603/101291179|2|participant|110903,35
101286529|AARHUS UNIVERSITET|AU|False|HES|Aarhus C|DK|http://www.au.dk|https://ec.europa.eu/info/funding-tenders/opportunities/portal/screen/contact-form/project/999997736/101286529|9|participant|362520
101286529|UNIVERSITY OF EAST ANGLIA|UEA|False|HES|NORWICH|UK|http://www.uea.ac.uk|https://ec.europa.eu/info/funding-tenders/opportunities/portal/screen/contact-form/project/999985611/101286529|10|participant|261735
101286529|PLYMOUTH MARINE LABORATORY LIMITED|PML|True|REC|PLYMOUTH|UK|http://www.pml.ac.uk/|https://ec.europa.eu/info/funding-tenders/opportunities/portal/screen/contact-form/project/999484024/101286529|1|coordinator|1317332,5
101286529|KOBENHAVNS UNIVERSITET|UCPH|False|HES|KOBENHAVN|DK|http://www.ku.dk|https://ec.europa.eu/info/funding-tenders/opportunities/portal/screen/contact-form/project/999991043/101286529|8|participant|296542,5
101286529|POTSDAM-INSTITUT FUR KLIMAFOLGENFORSCHUNG EV|PIK|False|REC|POTSDAM|DE|http://www.pik-potsdam.de|https://ec.europa.eu/info/funding-tenders/opportunities/portal/screen/contact-form/project/999464042/101286529|13|associatedPartner|
101286529|OSPAR COMMISSION FOR THE PROTECTIONOF THE MARINE ENVIRONMENT OF THE NORTH-EAST ATLANTIC|OSPAR COMMISSION|False|PUB|LONDON|UK||https://ec.europa.eu/info/funding-tenders/opportunities/portal/screen/contact-form/project/934004174/101286529|14|associatedPartner|
101286529|NORSK INSTITUTT FOR VANNFORSKNING STI|NORWEGIAN INSTITUTE FOR WATER RESEARCH|False|REC|Oslo|NO||https://ec.europa.eu/info/funding-tenders/opportunities/portal/screen/contact-form/project/997826585/101286529|2|participant|735643,75
101286529|INTERNATIONAL ATOMIC ENERGY AGENCY|IAEA|False|PUB|Wien|AT||https://ec.europa.eu/info/funding-tenders/opportunities/portal/screen/contact-form/project/990463994/101286529|12|associatedPartner|
101286529|FONDAZIONE CENTRO EURO-MEDITERRANEOSUI CAMBIAMENTI CLIMATICI|FONDAZIONE CMCC|False|REC|LECCE|IT|http://www.cmcc.it|https://ec.europa.eu/info/funding-tenders/opportunities/portal/screen/contact-form/project/999419422/101286529|3|participant|508250
101286529|UNIVERSITY COLLEGE LONDON||False|HES|LONDON|UK|http://www.ucl.ac.uk|https://ec.europa.eu/info/funding-tenders/opportunities/portal/screen/contact-form/project/999975620/101286529|11|participant|59558,75
101286529|INSTITUT DE RECHERCHE POUR LE DEVELOPPEMENT|IRD|False|REC|Marseille|FR|http://www.ird.fr|https://ec.europa.eu/info/funding-tenders/opportunities/portal/screen/contact-form/project/999513803/101286529|4|participant|954045
101286529|CENTRE NATIONAL DE LA RECHERCHE SCIENTIFIQUE CNRS|CNRS|False|REC|PARIS|FR|http://www.cnrs.fr|https://ec.europa.eu/info/funding-tenders/opportunities/portal/screen/contact-form/project/999997930/101286529|7|thirdParty|0
101286529|GOETEBORGS UNIVERSITET|UGOT - GOETEBORGS UNIVERSITET/UNIVERSITY OF GOTHENBURG|False|HES|Goeteborg|SE|http://www.gu.se|https://ec.europa.eu/info/funding-tenders/opportunities/portal/screen/contact-form/project/999981925/101286529|5|participant|498772
101286529|NORCE RESEARCH AS|NORCE|False|REC|BERGEN|NO|http://www.norceresearch.no|https://ec.europa.eu/info/funding-tenders/opportunities/portal/screen/contact-form/project/905860788/101286529|6|participant|826881,25
101286529|SORBONNE UNIVERSITE||False|HES|PARIS|FR|http://www.sorbonne-universite.fr|https://ec.europa.eu/info/funding-tenders/opportunities/portal/screen/contact-form/project/909875521/101286529|7|participant|637125
101295973|LANTMÄTERIET|LANTMÄTERIET|False|PUB|GAEVLE|SE|http://www.lantmateriet.se|https://ec.europa.eu/info/funding-tenders/opportunities/portal/screen/contact-form/project/999522242/101295973|7|participant|15000
101295973|UNIVERSITA DEGLI STUDI DI TRIESTE|UNITS|False|HES|Trieste|IT|http://www.units.it|https://ec.europa.eu/info/funding-tenders/opportunities/portal/screen/contact-form/project/999842051/101295973|6|participant|15000
101295973|TECHNISCHE UNIVERSITAET GRAZ|TU GRAZ|False|HES|Graz|AT|http://www.tugraz.at|https://ec.europa.eu/info/funding-tenders/opportunities/portal/screen/contact-form/project/999977948/101295973|2|participant|50000
101295973|The University of Tokyo||False|REC|Tokyo|JP||https://ec.europa.eu/info/funding-tenders/opportunities/portal/screen/contact-form/project/875795444/101295973|14|associatedPartner|
101295973|The University of Aizu||False|HES|Aizuwakamatsu|JP||https://ec.europa.eu/info/funding-tenders/opportunities/portal/screen/contact-form/project/870251603/101295973|17|associatedPartner|
101295973|UNIVERSITEIT TWENTE|UNIVERSITEIT TWENTE|False|HES|Enschede|NL|http://www.utwente.nl|https://ec.europa.eu/info/funding-tenders/opportunities/portal/screen/contact-form/project/999900833/101295973|11|participant|15000
101295973|NATIONAL UNIVERSITY CORPORATION KYOTO UNIVERSITY|NATIONAL UNIVERSITY CORPORATION KYOTO UNIVERSITY|False|HES|KYOTO|JP|http://www.kyoto-u.ac.jp/en|https://ec.europa.eu/info/funding-tenders/opportunities/portal/screen/contact-form/project/991412072/101295973|15|associatedPartner|
101295973|DEUTSCHES ZENTRUM FUR LUFT - UND RAUMFAHRT EV|DLR|False|REC|KOLN|DE|https://www.dlr.de|https://ec.europa.eu/info/funding-tenders/opportunities/portal/screen/contact-form/project/999981731/101295973|3|participant|50000
101295973|ALFRED-WEGENER-INSTITUT HELMHOLTZ-ZENTRUM FUR POLAR- UND MEERESFORSCHUNG|AWI|False|REC|BREMERHAVEN|DE|http://www.awi.de|https://ec.europa.eu/info/funding-tenders/opportunities/portal/screen/contact-form/project/999497507/101295973|8|participant|15000
101295973|INSTITUT DE PHYSIQUE DU GLOBE DE PARIS||False|HES|Paris|FR|http://www.ipgp.fr|https://ec.europa.eu/info/funding-tenders/opportunities/portal/screen/contact-form/project/999597417/101295973|5|participant|15000
101295973|GFZ HELMHOLTZ-ZENTRUM FUR GEOFORSCHUNG|GFZ|False|REC|POTSDAM|DE|http://www.gfz-potsdam.de|https://ec.europa.eu/info/funding-tenders/opportunities/portal/screen/contact-form/project/999994341/101295973|1|coordinator|235000
101295973|MAGELLIUM SAS||True|PRC|Ramonville Saint Agne|FR||https://ec.europa.eu/info/funding-tenders/opportunities/portal/screen/contact-form/project/999962428/101295973|13|participant|30000
101295973|POLITECNICO DI MILANO|POLIMI|False|HES|Milano|IT|http://www.polimi.it|https://ec.europa.eu/info/funding-tenders/opportunities/portal/screen/contact-form/project/999879881/101295973|4|participant|15000
101295973|UNIVERSITY OF BRISTOL||False|HES|BRISTOL|UK|http://www.bristol.ac.uk|https://ec.europa.eu/info/funding-tenders/opportunities/portal/screen/contact-form/project/999974262/101295973|12|participant|15000
101295973|WASEDA UNIVERSITY|WUT|False|HES|Tokyo|JP||https://ec.europa.eu/info/funding-tenders/opportunities/portal/screen/contact-form/project/999585486/101295973|18|associatedPartner|
101295973|INTER-UNIVERSITY RESEARCH INSTITUTECORPORATION RESEARCH ORGANIZATIONOF INFORMATION AND SYSTEMS|ROIS|False|REC|Tokyo|JP||https://ec.europa.eu/info/funding-tenders/opportunities/portal/screen/contact-form/project/998888056/101295973|19|associatedPartner|
101295973|Hokkaido University||False|HES|Sapporo|JP||https://ec.europa.eu/info/funding-tenders/opportunities/portal/screen/contact-form/project/937237669/101295973|16|associatedPartner|
101295973|AALBORG UNIVERSITET|AAU|False|HES|AALBORG|DK|http://www.aau.dk|https://ec.europa.eu/info/funding-tenders/opportunities/portal/screen/contact-form/project/999904034/101295973|10|participant|15000
101295973|TECHNISCHE UNIVERSITEIT DELFT|TU Delft|False|HES|DELFT|NL|http://www.tudelft.nl|https://ec.europa.eu/info/funding-tenders/opportunities/portal/screen/contact-form/project/999977366/101295973|9|participant|15000
101295973|Japan Agency for Marine-Earth Science and Technology|JAMSTEC|False|REC|Yokosuka, KANAGAWA|JP||https://ec.europa.eu/info/funding-tenders/opportunities/portal/screen/contact-form/project/877727975/101295973|20|associatedPartner|
101297780|HOCHSCHULE PFORZHEIM||False|HES|Pforzheim|DE||https://ec.europa.eu/info/funding-tenders/opportunities/portal/screen/contact-form/project/996287777/101297780|6|participant|473625
101297780|XR4EUROPE||False|OTH|Bruxelles / Brussel|BE||https://ec.europa.eu/info/funding-tenders/opportunities/portal/screen/contact-form/project/889333152/101297780|10|participant|377625
101297780|HARJU PIA ELINA|Clava Technologies||PRC||DE||https://ec.europa.eu/info/funding-tenders/opportunities/portal/screen/contact-form/project/869932667/101297780|8|participant|170283,75
101297780|AITOO DESIGN OY||True|PRC|Liminka|FI||https://ec.europa.eu/info/funding-tenders/opportunities/portal/screen/contact-form/project/869738473/101297780|9|participant|429825
101297780|FICOSA AUTOMOTIVE SL||False|PRC|BARCELONA|ES||https://ec.europa.eu/info/funding-tenders/opportunities/portal/screen/contact-form/project/880834400/101297780|3|participant|579980
101297780|ASOCIACION DE INVESTIGACION METALURGICA DEL NOROESTE|AIMEN|False|REC|Porrino|ES|http://www.aimen.es|https://ec.europa.eu/info/funding-tenders/opportunities/portal/screen/contact-form/project/998801532/101297780|1|coordinator|1175250
101297780|DESIGN LED PRODUCTS LTD|DLED|True|PRC|LIVINGSTON|UK|https://www.designledproducts.com|https://ec.europa.eu/info/funding-tenders/opportunities/portal/screen/contact-form/project/996892960/101297780|2|participant|596737,5
101297780|INSTITUT MINES-TELECOM||False|HES|Palaiseau|FR|http://www.mines-telecom.fr|https://ec.europa.eu/info/funding-tenders/opportunities/portal/screen/contact-form/project/999849326/101297780|4|participant|772625
101297780|INSTITUTO DE BIOMECANICA DE VALENCIA|IBV|True|REC|Valencia|ES|http://www.ibv.org/|https://ec.europa.eu/info/funding-tenders/opportunities/portal/screen/contact-form/project/999627584/101297780|7|participant|556500
101297780|PLANOPSIM NV||True|PRC|MELLE|BE||https://ec.europa.eu/info/funding-tenders/opportunities/portal/screen/contact-form/project/888975513/101297780|5|participant|415132,5
101298343|IQM FINLAND OY|IQM|False|PRC|ESPOO|FI||https://ec.europa.eu/info/funding-tenders/opportunities/portal/screen/contact-form/project/898881541/101298343|4|participant|497500
101298343|FRAUNHOFER GESELLSCHAFT ZUR FORDERUNG DER ANGEWANDTEN FORSCHUNG EV|Fraunhofer|False|REC|MUNCHEN|DE|https://www.fraunhofer.de|https://ec.europa.eu/info/funding-tenders/opportunities/portal/screen/contact-form/project/999984059/101298343|5|participant|506307,5
101298343|KOOKMIN UNIVERSITY INDUSTRY-ACADEMIC COOPERATION FOUNDATION||False|REC|SEOUL|KR||https://ec.europa.eu/info/funding-tenders/opportunities/portal/screen/contact-form/project/906000177/101298343|6|participant|600000
101298343|E 4 COMPUTER ENGINEERING SPA|E4|True|PRC|SCANDIANO|IT||https://ec.europa.eu/info/funding-tenders/opportunities/portal/screen/contact-form/project/968741911/101298343|2|participant|400818,75
101298343|POLITECNICO DI MILANO|POLIMI|False|HES|Milano|IT|http://www.polimi.it|https://ec.europa.eu/info/funding-tenders/opportunities/portal/screen/contact-form/project/999879881/101298343|1|coordinator|402500
101298343|Promethence S.r.l||True|PRC|Milano|IT||https://ec.europa.eu/info/funding-tenders/opportunities/portal/screen/contact-form/project/871198711/101298343|3|participant|259950
101298672|UNIVERSITY COLLEGE DUBLIN, NATIONAL UNIVERSITY OF IRELAND, DUBLIN|NUID UCD|False|HES|DUBLIN|IE|http://www.ucd.ie/|https://ec.europa.eu/info/funding-tenders/opportunities/portal/screen/contact-form/project/999974359/101298672|6|participant|353412,5
101298672|VARJO TECHNOLOGIES OY||True|PRC|HELSINKI|FI||https://ec.europa.eu/info/funding-tenders/opportunities/portal/screen/contact-form/project/909348714/101298672|2|participant|1444500
101298672|MERCEDES-BENZ AG||False|PRC|STUTTGART|DE||https://ec.europa.eu/info/funding-tenders/opportunities/portal/screen/contact-form/project/900027790/101298672|8|associatedPartner|
101298672|AUSTRALO INTERINNOV MARKETING LAB SL||True|PRC|MADRID|ES||https://ec.europa.eu/info/funding-tenders/opportunities/portal/screen/contact-form/project/895851067/101298672|7|participant|350375
101298672|REISER SIMULATION AND TRAINING GMBH|REISER SIMULATION AND TRAINING|True|PRC|BERG|DE||https://ec.europa.eu/info/funding-tenders/opportunities/portal/screen/contact-form/project/875199476/101298672|5|participant|385000
101298672|DEUTSCHES FORSCHUNGSZENTRUM FUR KUNSTLICHE INTELLIGENZ GMBH|DFKI|False|REC|Kaiserslautern|DE|http://www.dfki.de|https://ec.europa.eu/info/funding-tenders/opportunities/portal/screen/contact-form/project/999607602/101298672|1|coordinator|1468952,5
101298672|INSTITUTO TECNOLOGICO DE INFORMATICA|ITI|False|REC|Valencia|ES|https://www.iti.es|https://ec.europa.eu/info/funding-tenders/opportunities/portal/screen/contact-form/project/998565337/101298672|4|participant|464450
101298672|VOXELSENSORS|VoxelSensors|True|PRC|BRUXELLES|BE||https://ec.europa.eu/info/funding-tenders/opportunities/portal/screen/contact-form/project/884646015/101298672|3|participant|1246250
101296432|RGM SRL|RGM SPACE|False|PRC|GENOA|IT||https://ec.europa.eu/info/funding-tenders/opportunities/portal/screen/contact-form/project/870316884/101296432|4|participant|186656,25
101296432|THALES ALENIA SPACE FRANCE SAS|THALES ALENIA SPACE FRANCE|False|PRC|TOULOUSE|FR|http://www.thalesaleniaspace.com|https://ec.europa.eu/info/funding-tenders/opportunities/portal/screen/contact-form/project/999908205/101296432|2|participant|197500
101296432|UNIVERSITAT POLITECNICA DE VALENCIA|UPV|False|HES|VALENCIA|ES|http://www.upv.es|https://ec.europa.eu/info/funding-tenders/opportunities/portal/screen/contact-form/project/999864846/101296432|3|participant|154500
101296432|RADIALL|RADIALL|False|PRC|Aubervilliers|FR|https://www.radiall.com|https://ec.europa.eu/info/funding-tenders/opportunities/portal/screen/contact-form/project/986392419/101296432|1|coordinator|447930
101298706|Augmented Hearing ApS||True|PRC|København K|DK||https://ec.europa.eu/info/funding-tenders/opportunities/portal/screen/contact-form/project/882982853/101298706|6|participant|611125
101298706|UNIVERSITAT ZURICH|UZH|False|HES|Zurich|CH|http://www.uzh.ch|https://ec.europa.eu/info/funding-tenders/opportunities/portal/screen/contact-form/project/999976396/101298706|5|participant|904278,75
101298706|DANMARKS TEKNISKE UNIVERSITET|TECHNICAL UNIVERSITY OF DENMARK DTU|False|HES|KONGENS LYNGBY|DK|http://www.dtu.dk|https://ec.europa.eu/info/funding-tenders/opportunities/portal/screen/contact-form/project/999990655/101298706|1|coordinator|1962946,25
101298706|UNIVERSITY OF BRISTOL||False|HES|BRISTOL|UK|http://www.bristol.ac.uk|https://ec.europa.eu/info/funding-tenders/opportunities/portal/screen/contact-form/project/999974262/101298706|2|participant|695196,25
101298706|UNIVERSIDAD POLITECNICA DE MADRID|UPM|False|HES|MADRID|ES|http://www.upm.es|https://ec.europa.eu/info/funding-tenders/opportunities/portal/screen/contact-form/project/999974844/101298706|4|participant|612616,25
101298706|CHALMERS TEKNISKA HOGSKOLA AB||False|HES|GOTEBORG|SE|http://www.chalmers.se|https://ec.europa.eu/info/funding-tenders/opportunities/portal/screen/contact-form/project/999980373/101298706|3|participant|625045
101269692|UNIVERSITE DE LAUSANNE||False|HES|LAUSANNE|CH|http://www.unil.ch|https://ec.europa.eu/info/funding-tenders/opportunities/portal/screen/contact-form/project/999841469/101269692|7|participant|368867,5
101269692|TUBACEX INNOVACION SL|TBX INN|False|REC|DERIO|ES||https://ec.europa.eu/info/funding-tenders/opportunities/portal/screen/contact-form/project/953961730/101269692|9|participant|195248,75
101269692|NEDERLANDSE ORGANISATIE VOOR TOEGEPAST NATUURWETENSCHAPPELIJK ONDERZOEK TNO|TNO|False|REC|Den Haag|NL|http://www.tno.nl|https://ec.europa.eu/info/funding-tenders/opportunities/portal/screen/contact-form/project/999988909/101269692|4|participant|484645
101269692|RISE RESEARCH INSTITUTES OF SWEDEN AB|RISE|False|REC|Boras|SE|http://www.ri.se|https://ec.europa.eu/info/funding-tenders/opportunities/portal/screen/contact-form/project/999613422/101269692|5|participant|300625
101269692|INSTITUTT FOR ENERGITEKNIKK STI|IFE|False|REC|KJELLER|NO|http://www.ife.no|https://ec.europa.eu/info/funding-tenders/opportunities/portal/screen/contact-form/project/999455603/101269692|2|participant|799025
101269692|UNIVERSITY OF LEEDS|UNIVLEEDS|False|HES|Leeds|UK|http://www.leeds.ac.uk|https://ec.europa.eu/info/funding-tenders/opportunities/portal/screen/contact-form/project/999975426/101269692|8|participant|490907
101269692|FEDERATION EUROPEENNE DES GEOLOGUES|EUROPEAN FEDERATION OF GEOLOGISTSFEDERACION EUROPEA DE GEOLOGOS|False|OTH|Bruxelles / Brussel|BE||https://ec.europa.eu/info/funding-tenders/opportunities/portal/screen/contact-form/project/907549752/101269692|10|participant|453798,06
101269692|INSTITUT DE LA CORROSION SASU|IC|False|REC|Brest|FR|https://www.institut-corrosion.fr|https://ec.europa.eu/info/funding-tenders/opportunities/portal/screen/contact-form/project/998872342/101269692|6|participant|240062,5
101269692|SHELL NEDERLAND BV||False|PRC|DEN HAAG|NL||https://ec.europa.eu/info/funding-tenders/opportunities/portal/screen/contact-form/project/885388841/101269692|11|associatedPartner|
101269692|IFP Energies nouvelles|IFPEN|False|REC|Rueil Malmaison|FR|http://www.ifpenergiesnouvelles.com|https://ec.europa.eu/info/funding-tenders/opportunities/portal/screen/contact-form/project/999993371/101269692|1|coordinator|995659,7
101269692|TECHNISCHE UNIVERSITEIT DELFT|TU Delft|False|HES|DELFT|NL|http://www.tudelft.nl|https://ec.europa.eu/info/funding-tenders/opportunities/portal/screen/contact-form/project/999977366/101269692|3|participant|665650
101273576|AARHUS UNIVERSITET|AU|False|HES|Aarhus C|DK|http://www.au.dk|https://ec.europa.eu/info/funding-tenders/opportunities/portal/screen/contact-form/project/999997736/101273576|2|participant|492735
101273576|Mara Consultants Ltd|Mara Consultants Ltd|True|PRC|Balerno|UK||https://ec.europa.eu/info/funding-tenders/opportunities/portal/screen/contact-form/project/877438721/101273576|1|coordinator|2132023,75
101273576|IMPERIAL COLLEGE OF SCIENCE TECHNOLOGY AND MEDICINE||False|HES|London|UK|http://www.imperial.ac.uk|https://ec.europa.eu/info/funding-tenders/opportunities/portal/screen/contact-form/project/999993468/101273576|7|participant|429867,5
101273576|THE SCOTTISH ASSOCIATION FOR MARINE SCIENCE LBG|SAMS|True|REC|OBAN|UK|http://www.sams.ac.uk|https://ec.europa.eu/info/funding-tenders/opportunities/portal/screen/contact-form/project/999738843/101273576|5|participant|567685
101273576|NATIONAL RESEARCH FOUNDATION|NRF|False|PUB|Pretoria|ZA|http://www.nrf.ac.za|https://ec.europa.eu/info/funding-tenders/opportunities/portal/screen/contact-form/project/999543194/101273576|13|participant|74843,75
101273576|DALHOUSIE UNIVERSITY||False|HES|HALIFAX|CA|http://www.dal.ca|https://ec.europa.eu/info/funding-tenders/opportunities/portal/screen/contact-form/project/998539535/101273576|14|participant|143025
101273576|UNIVERSITY OF CAPE TOWN|UCT|False|HES|Rondebosch|ZA|http://www.uct.ac.za|https://ec.europa.eu/info/funding-tenders/opportunities/portal/screen/contact-form/project/999849229/101273576|12|participant|192000
101273576|ALFRED-WEGENER-INSTITUT HELMHOLTZ-ZENTRUM FUR POLAR- UND MEERESFORSCHUNG|AWI|False|REC|BREMERHAVEN|DE|http://www.awi.de|https://ec.europa.eu/info/funding-tenders/opportunities/portal/screen/contact-form/project/999497507/101273576|6|participant|655702,5
101273576|DYNAMIC EARTH CHARITABLE TRUST|Dynamic Earth Charitable Trust|True|OTH|EDINBURGH|UK||https://ec.europa.eu/info/funding-tenders/opportunities/portal/screen/contact-form/project/932981212/101273576|11|participant|218000
101273576|OSPAR COMMISSION FOR THE PROTECTIONOF THE MARINE ENVIRONMENT OF THE NORTH-EAST ATLANTIC|OSPAR COMMISSION|False|PUB|LONDON|UK||https://ec.europa.eu/info/funding-tenders/opportunities/portal/screen/contact-form/project/934004174/101273576|3|participant|419780
101273576|HERIOT-WATT UNIVERSITY|HWU|False|HES|Edinburgh|UK|http://www.hw.ac.uk|https://ec.europa.eu/info/funding-tenders/opportunities/portal/screen/contact-form/project/999853400/101273576|10|participant|286605
101273576|WAGENINGEN UNIVERSITY|WU|False|HES|Wageningen|NL|http://www.wageningenur.nl/nl.htm|https://ec.europa.eu/info/funding-tenders/opportunities/portal/screen/contact-form/project/999981634/101273576|9|participant|285813,75
101273576|HELMHOLTZ-ZENTRUM FUR OZEANFORSCHUNG KIEL (GEOMAR)||False|REC|Kiel|DE|http://www.geomar.de|https://ec.europa.eu/info/funding-tenders/opportunities/portal/screen/contact-form/project/986090458/101273576|8|participant|378750
101273576|STOCKHOLMS UNIVERSITET||False|HES|Stockholm|SE|http://www.su.se|https://ec.europa.eu/info/funding-tenders/opportunities/portal/screen/contact-form/project/999885022/101273576|4|participant|218000
101289659|AGRICULTURAL RESEARCH COUNCIL INSTITUTE FOR SOIL CLIMATE AND WATER|LANDBOUNAVORSINGSRAAD INSTITUUT VIR GROND KLIMAAT EN WATER|False|REC|Pretoria|ZA|http://www.arc.agric.za|https://ec.europa.eu/info/funding-tenders/opportunities/portal/screen/contact-form/project/999540090/101289659|13|participant|316550
101289659|UNIVERSITY OF GHANA||False|HES|ACCRA|GH|https://www.ug.edu.gh|https://ec.europa.eu/info/funding-tenders/opportunities/portal/screen/contact-form/project/999878911/101289659|7|participant|215375
101289659|REGIONAL UNIVERSITIES FORUM FOR CAPACITY BUILDING IN AGRICULTURE|RUFORUM|False|REC|Kampala|UG||https://ec.europa.eu/info/funding-tenders/opportunities/portal/screen/contact-form/project/988060043/101289659|5|participant|388054,94
101289659|SEKEM DEVELOPMENT FOUNDATION|SDF|False|OTH|Cairo|EG|http://www.sekem.com|https://ec.europa.eu/info/funding-tenders/opportunities/portal/screen/contact-form/project/998812784/101289659|17|participant|156000
101289659|FORUM FOR AGRICULTURAL RESEARCH IN AFRICA, GHANA|FARA|False|OTH|ACCRA|GH|http://www.fara-africa.org|https://ec.europa.eu/info/funding-tenders/opportunities/portal/screen/contact-form/project/998296065/101289659|4|participant|592359,48
101289659|RWANDA AGRICULTURE AND ANIMAL RESOURCES DEVELOPMENT BOARD|RAB|False|PUB|KIGALI|RW||https://ec.europa.eu/info/funding-tenders/opportunities/portal/screen/contact-form/project/903581288/101289659|15|participant|101687,25
101289659|SVERIGES LANTBRUKSUNIVERSITET|SWEDISH UNIVERSITY OF AGRICULTURAL SCIENCES|False|HES|Uppsala|SE|http://www.slu.se|https://ec.europa.eu/info/funding-tenders/opportunities/portal/screen/contact-form/project/999887350/101289659|6|participant|369745,84
101289659|PODEMS CONSULTING (PTY) LTD||False|PRC|CAPE TOWN|ZA||https://ec.europa.eu/info/funding-tenders/opportunities/portal/screen/contact-form/project/870053141/101289659|14|participant|92850
101289659|UNIVERSITE DE PARAKOU||False|HES|Parakou|BJ||https://ec.europa.eu/info/funding-tenders/opportunities/portal/screen/contact-form/project/896904196/101289659|10|participant|177000
101289659|AFRICAN FORUM FOR AGRICULTURAL ADVISORY SERVICES|African Forum for Agric Adv Services|False|OTH|Kampala|UG||https://ec.europa.eu/info/funding-tenders/opportunities/portal/screen/contact-form/project/938922850/101289659|11|participant|391950
101289659|UNIVERSITY OF PRETORIA|UP|False|HES|Pretoria|ZA|http://www.up.ac.za|https://ec.europa.eu/info/funding-tenders/opportunities/portal/screen/contact-form/project/999861645/101289659|12|participant|181046,9
101289659|CENTRE DE COOPERATION INTERNATIONALE EN RECHERCHE AGRONOMIQUE POUR LEDEVELOPPEMENT - C.I.R.A.D. EPIC|CIRAD|False|REC|PARIS|FR|http://www.cirad.fr|https://ec.europa.eu/info/funding-tenders/opportunities/portal/screen/contact-form/project/999993565/101289659|3|participant|740300
101289659|INSTITUT DE RECHERCHE AGRICOLE POUR LE DEVELOPPEMENT||False|REC|Yaounde|CM|http://www.irad-cameroon.org/|https://ec.europa.eu/info/funding-tenders/opportunities/portal/screen/contact-form/project/999428346/101289659|16|participant|102750
101289659|CENTRO INTERNAZIONALE DI ALTISTUDI AGRONOMICI MEDITERRANEI|CIHEAM-IAMB|False|HES|Valenzano|IT|http://www.iamb.it|https://ec.europa.eu/info/funding-tenders/opportunities/portal/screen/contact-form/project/999870375/101289659|2|participant|272000
101289659|UNIVERSITY OF THE FREE STATE|UFS|False|HES|Bloemfontein|ZA||https://ec.europa.eu/info/funding-tenders/opportunities/portal/screen/contact-form/project/989106091/101289659|18|participant|105651
101289659|ITA-SUOMEN YLIOPISTO|UNIVERSITY OF EASTERN FINLAND (UEF)|False|HES|KUOPIO|FI|http://www.uef.fi|https://ec.europa.eu/info/funding-tenders/opportunities/portal/screen/contact-form/project/991207984/101289659|8|participant|349412,5
101289659|UNIVERSITAET HOHENHEIM||False|HES|STUTTGART|DE|http://www.uni-hohenheim.de|https://ec.europa.eu/info/funding-tenders/opportunities/portal/screen/contact-form/project/999901900/101289659|9|participant|524241,56
101289659|STICHTING WAGENINGEN RESEARCH|WR|False|REC|Wageningen|NL|https://www.wur.nl/en/research-results/research-institutes/food-safety-research.htm|https://ec.europa.eu/info/funding-tenders/opportunities/portal/screen/contact-form/project/999547365/101289659|1|coordinator|920762,5
101290394|LUNDS UNIVERSITET||False|HES|Lund|SE|http://www.lu.se|https://ec.europa.eu/info/funding-tenders/opportunities/portal/screen/contact-form/project/999901318/101290394|1|coordinator|440000
101290394|UNIVERSITAT BASEL||False|HES|Basel|CH|http://www.unibas.ch|https://ec.europa.eu/info/funding-tenders/opportunities/portal/screen/contact-form/project/999907914/101290394|4|participant|1198417,5
101290394|NANTES UNIVERSITE||False|HES|Nantes|FR||https://ec.europa.eu/info/funding-tenders/opportunities/portal/screen/contact-form/project/888458988/101290394|3|participant|424620
101290394|Dhalion Biotech AB||True|PRC|Lund|SE||https://ec.europa.eu/info/funding-tenders/opportunities/portal/screen/contact-form/project/872766328/101290394|2|participant|434337,53
101292011|BEACTICA THERAPEUTICS AB||True|PRC|UPPSALA|SE|http://www.beactica.com|https://ec.europa.eu/info/funding-tenders/opportunities/portal/screen/contact-form/project/999676763/101292011|1|coordinator|1643722,19
101292011|KATHOLIEKE UNIVERSITEIT LEUVEN|KU Leuven|False|HES|LEUVEN|BE|http://www.kuleuven.be|https://ec.europa.eu/info/funding-tenders/opportunities/portal/screen/contact-form/project/999991334/101292011|2|participant|930393,05
101291488|SEASCAPE BELGIUM||True|PRC|IXELLES|BE||https://ec.europa.eu/info/funding-tenders/opportunities/portal/screen/contact-form/project/911633161/101291488|13|participant|369810,13
101291488|STICHTING NATURALIS BIODIVERSITY CENTER|NATURALIS|False|REC|Leiden|NL|http://www.naturalis.nl|https://ec.europa.eu/info/funding-tenders/opportunities/portal/screen/contact-form/project/999603043/101291488|10|participant|404846,25
101291488|THE SECRETARY OF STATE FOR ENVIRONMENT, FOOD AND RURAL AFFAIRS|DEFRA|False|PUB|LONDON|UK|http://www.defra.gov.uk|https://ec.europa.eu/info/funding-tenders/opportunities/portal/screen/contact-form/project/999904713/101291488|2|participant|156648,7
101291488|Marble Imaging GmbH|Marble Imaging GmbH|True|PRC|Bremen|DE||https://ec.europa.eu/info/funding-tenders/opportunities/portal/screen/contact-form/project/878670136/101291488|9|participant|231012,5
101291488|INSTITUT PERTANIAN BOGOR|BOGOR AGRICULTURAL UNIVERSITY / IPB UNIVERSITY|False|HES|Bogor|ID||https://ec.europa.eu/info/funding-tenders/opportunities/portal/screen/contact-form/project/948332723/101291488|7|participant|73100
101291488|Ministry of Fisheries, Oceans and Maritime Affairs|Government|False|PUB|PORT VILA|VU||https://ec.europa.eu/info/funding-tenders/opportunities/portal/screen/contact-form/project/869855261/101291488|19|participant|127587,5
101291488|STICHTING VU||False|HES|Amsterdam|NL|http://www.vu.nl|https://ec.europa.eu/info/funding-tenders/opportunities/portal/screen/contact-form/project/954530344/101291488|20|participant|673409,38
101291488|LEIBNIZ-ZENTRUM FUR MARINE TROPENFORSCHUNG (ZMT) GMBH|ZMT BREMEN|False|REC|BREMEN|DE|http://www.zmt-bremen.de|https://ec.europa.eu/info/funding-tenders/opportunities/portal/screen/contact-form/project/986128094/101291488|1|coordinator|745875
101291488|FUNDACAO PUSAT SEGITIGA KARANG|Coral Triangle Center|True|OTH|DILI|TL||https://ec.europa.eu/info/funding-tenders/opportunities/portal/screen/contact-form/project/870177010/101291488|4|participant|1159405,88
101291488|EOMAP GMBH & CO KG|EOMAP|True|PRC|Seefeld|DE|https://www.eomap.de|https://ec.europa.eu/info/funding-tenders/opportunities/portal/screen/contact-form/project/997332079/101291488|5|participant|386287,5
101291488|UNIVERSITY OF LEEDS|UNIVLEEDS|False|HES|Leeds|UK|http://www.leeds.ac.uk|https://ec.europa.eu/info/funding-tenders/opportunities/portal/screen/contact-form/project/999975426/101291488|16|participant|208737
101291488|AGENCIA ESTATAL CONSEJO SUPERIOR DE INVESTIGACIONES CIENTIFICAS|CSIC|False|REC|MADRID|ES|http://www.csic.es|https://ec.europa.eu/info/funding-tenders/opportunities/portal/screen/contact-form/project/999991722/101291488|3|participant|331957,74
101291488|FUGRO NV|FUGRO|False|PRC|NOOTDORP|NL||https://ec.europa.eu/info/funding-tenders/opportunities/portal/screen/contact-form/project/871964817/101291488|6|participant|137412,5
101291488|UNIVERSITA DEGLI STUDI DI TRENTO|UniTrento|False|HES|TRENTO|IT|http://www.unitn.it|https://ec.europa.eu/info/funding-tenders/opportunities/portal/screen/contact-form/project/999841954/101291488|15|participant|260776,25
101291488|UNIVERSITAS HASANUDDIN|HASANUDDIN UNIVERSITY|False|HES|MAKASSAR|ID||https://ec.europa.eu/info/funding-tenders/opportunities/portal/screen/contact-form/project/910428712/101291488|14|participant|167625
101291488|UNIVERSITY OF WAIKATO|UNIVERSITY OF WAIKATO|False|HES|HAMILTON|NZ|http://www.waikato.ac.nz/|https://ec.europa.eu/info/funding-tenders/opportunities/portal/screen/contact-form/project/966956432/101291488|17|participant|21150
101291488|SOLOMON ISLANDS NATIONAL UNIVERSITY||False|HES|Honiara|SB||https://ec.europa.eu/info/funding-tenders/opportunities/portal/screen/contact-form/project/900285519/101291488|12|participant|140850
101291488|Universitas Pattimura||False|HES|Ambon|ID||https://ec.europa.eu/info/funding-tenders/opportunities/portal/screen/contact-form/project/869923937/101291488|18|participant|32712,5
101291488|INSTITUT DE RECHERCHE POUR LE DEVELOPPEMENT|IRD|False|REC|Marseille|FR|http://www.ird.fr|https://ec.europa.eu/info/funding-tenders/opportunities/portal/screen/contact-form/project/999513803/101291488|8|participant|265165,63
101291488|STICHTING NEDERLANDSE WETENSCHAPPELIJK ONDERZOEK INSTITUTEN|NWO-I|False|REC|Utrecht|NL|http://www.nwo.nl/instituten|https://ec.europa.eu/info/funding-tenders/opportunities/portal/screen/contact-form/project/999624092/101291488|11|participant|104925
101288143|CellCarta NV||False|PRC|Wilrijk Antwerp|BE||https://ec.europa.eu/info/funding-tenders/opportunities/portal/screen/contact-form/project/864694279/101288143|4|participant|182932,5
101288143|HISTOLOGIX LIMITED||False|PRC|Nottingham|UK||https://ec.europa.eu/info/funding-tenders/opportunities/portal/screen/contact-form/project/869921512/101288143|3|participant|303386,25
101288143|ACCESSION THERAPEUTICS LIMITED||True|PRC|OXFORD|UK||https://ec.europa.eu/info/funding-tenders/opportunities/portal/screen/contact-form/project/882979943/101288143|1|coordinator|5044771
101288143|Colibri Scientific Limited|Colibri Scientific|True|PRC|Handforth|UK||https://ec.europa.eu/info/funding-tenders/opportunities/portal/screen/contact-form/project/870073026/101288143|5|participant|849861,25
101288143|BioAgilytix Europe GmbH||False|PRC|Hamburg|DE||https://ec.europa.eu/info/funding-tenders/opportunities/portal/screen/contact-form/project/869842845/101288143|2|participant|1097223,75
101288733|UNIVERSITEIT HASSELT|UHASSELT|False|HES|Hasselt|BE|http://www.uhasselt.be|https://ec.europa.eu/info/funding-tenders/opportunities/portal/screen/contact-form/project/999874934/101288733|20|participant|118750
101288733|INSTITUT NATIONAL DE LA SANTE ET DE LA RECHERCHE MEDICALE|INSERM|False|REC|PARIS|FR|http://www.inserm.fr|https://ec.europa.eu/info/funding-tenders/opportunities/portal/screen/contact-form/project/999997833/101288733|7|participant|522033,75
101288733|UNIVERSIDAD DE GRANADA|UGR|False|HES|GRANADA|ES|http://www.ugr.es|https://ec.europa.eu/info/funding-tenders/opportunities/portal/screen/contact-form/project/999882015/101288733|13|participant|140000
101288733|VRIJE UNIVERSITEIT BRUSSEL|VUB|False|HES|BRUSSEL|BE|http://www.vub.ac.be|https://ec.europa.eu/info/funding-tenders/opportunities/portal/screen/contact-form/project/999902094/101288733|17|participant|201250
101288733|FONDATION REGISTRE DU CANCER|STICHTING KANKERREGISTER|False|REC|BRUSSELS|BE||https://ec.europa.eu/info/funding-tenders/opportunities/portal/screen/contact-form/project/994427996/101288733|12|participant|321250
101288733|UNIVERSITA DEGLI STUDI DI NAPOLI FEDERICO II|UNINA|False|HES|Napoli|IT|https://www.unina.it|https://ec.europa.eu/info/funding-tenders/opportunities/portal/screen/contact-form/project/999976590/101288733|10|participant|156250
101288733|UNIVERSITAET BERN||False|HES|BERN|CH|http://www.unibe.ch|https://ec.europa.eu/info/funding-tenders/opportunities/portal/screen/contact-form/project/999976493/101288733|3|participant|656553,75
101288733|LUISS LIBERA UNIVERSITA INTERNAZIONALE DEGLI STUDI SOCIALI GUIDO CARLI|LUISS GUIDO CALI|False|HES|Roma|IT|https://www.luiss.it|https://ec.europa.eu/info/funding-tenders/opportunities/portal/screen/contact-form/project/999914510/101288733|15|participant|310000
101288733|UNIVERSITA DEGLI STUDI DI TORINO|UNITO|False|HES|TORINO|IT|http://www.unito.it|https://ec.europa.eu/info/funding-tenders/opportunities/portal/screen/contact-form/project/999861936/101288733|11|participant|238340
101288733|UNIVERSITY OF LEEDS|UNIVLEEDS|False|HES|Leeds|UK|http://www.leeds.ac.uk|https://ec.europa.eu/info/funding-tenders/opportunities/portal/screen/contact-form/project/999975426/101288733|16|participant|272500
101288733|NORGES MILJO-OG BIOVITENSKAPELIGE UNIVERSITET|NMBU|False|HES|As|NO|http://www.umb.no|https://ec.europa.eu/info/funding-tenders/opportunities/portal/screen/contact-form/project/999902967/101288733|5|participant|429000
101288733|TAMPEREEN KORKEAKOULUSAATIO SR|TAMPERE UNIVERSITY|False|HES|TAMPERE|FI|http://www.tuni.fi|https://ec.europa.eu/info/funding-tenders/opportunities/portal/screen/contact-form/project/902999288/101288733|4|participant|413280
101288733|RESEAU FRANCAIS REGISTRES CANCER FRANCIM|Reseau Français Registres Cancer Francim|False|REC|TOULOUSE|FR||https://ec.europa.eu/info/funding-tenders/opportunities/portal/screen/contact-form/project/883115258/101288733|7|thirdParty|0
101288733|STICHTING AMSTERDAM UMC||False|REC|Amsterdam|NL|http://www.vumc.nl|https://ec.europa.eu/info/funding-tenders/opportunities/portal/screen/contact-form/project/919322739/101288733|9|participant|497500
101288733|UNIVERSITA' DEGLI STUDI DI MILANO-BICOCCA|UNIMIB|False|HES|Milano|IT|http://www.unimib.it|https://ec.europa.eu/info/funding-tenders/opportunities/portal/screen/contact-form/project/999923531/101288733|6|participant|473750
101288733|UNIVERSITAETSMEDIZIN DER JOHANNES GUTENBERG-UNIVERSITAET MAINZ|UMC-Mainz|False|HES|Mainz|DE|http://www.um-mainz.de/|https://ec.europa.eu/info/funding-tenders/opportunities/portal/screen/contact-form/project/994850722/101288733|8|participant|472867,5
101288733|ERASMUS UNIVERSITAIR MEDISCH CENTRUM ROTTERDAM|ERASMUS MC|False|HES|Rotterdam|NL|http://www.erasmusmc.nl|https://ec.europa.eu/info/funding-tenders/opportunities/portal/screen/contact-form/project/999988424/101288733|18|participant|418301,25
101288733|SIOP EUROPE|SIOPE|False|OTH|BRUXELLES|BE|http://www.siope.eu|https://ec.europa.eu/info/funding-tenders/opportunities/portal/screen/contact-form/project/997950066/101288733|2|participant|293750
101288733|KRAEFTENS BEKAEMPELSE|DCS|False|REC|Koebenhavn|DK|http://www.cancer.dk|https://ec.europa.eu/info/funding-tenders/opportunities/portal/screen/contact-form/project/999510408/101288733|14|participant|395000
101288733|FONDAZIONE IRCCS ISTITUTO NAZIONALE DEI TUMORI|INT|False|REC|Milan|IT|http://www.istitutotumori.mi.it|https://ec.europa.eu/info/funding-tenders/opportunities/portal/screen/contact-form/project/998538759/101288733|1|coordinator|525000
101288733|SCIENSANO|Sciensano|False|REC|ELSENE|BE|http://www.sciensano.be|https://ec.europa.eu/info/funding-tenders/opportunities/portal/screen/contact-form/project/906160809/101288733|19|participant|292500
101288450|ADDIS ABABA UNIVERSITY|AAU|False|HES|Addis Ababa|ET|http://www.aau.edu.et|https://ec.europa.eu/info/funding-tenders/opportunities/portal/screen/contact-form/project/992842046/101288450|11|participant|401318,75
101288450|FOLKEHELSEINSTITUTTET|NORWEGIAN INSTITUTE OF PUBLIC HEALTH NIPH|False|REC|Oslo|NO|http://www.fhi.no|https://ec.europa.eu/info/funding-tenders/opportunities/portal/screen/contact-form/project/999478883/101288450|6|participant|425256,25
101288450|ETHIOPIAN PUBLIC HEALTH INSTITUTE|EPHI|False|REC|Addis Ababa|ET||https://ec.europa.eu/info/funding-tenders/opportunities/portal/screen/contact-form/project/885522313/101288450|10|participant|328345
101288450|UNIVERSITAS BRAWIJAYA|UNIVERSITAS BRAWIJAYA|False|HES|Malang|ID||https://ec.europa.eu/info/funding-tenders/opportunities/portal/screen/contact-form/project/921756081/101288450|2|participant|400300
101288450|THE UNIVERSITY OF MANCHESTER|UNIVERSITY OF MANCHESTER|False|HES|Manchester|UK|http://www.manchester.ac.uk|https://ec.europa.eu/info/funding-tenders/opportunities/portal/screen/contact-form/project/999903840/101288450|1|coordinator|952886,25
101288450|IMPERIAL COLLEGE OF SCIENCE TECHNOLOGY AND MEDICINE||False|HES|London|UK|http://www.imperial.ac.uk|https://ec.europa.eu/info/funding-tenders/opportunities/portal/screen/contact-form/project/999993468/101288450|4|participant|149195
101288450|ACADEMISCH ZIEKENHUIS GRONINGEN|UNIVERSITAIR MEDISCH CENTRUM GRONINGEN|False|HES|Groningen|NL|http://www.umcg.nl|https://ec.europa.eu/info/funding-tenders/opportunities/portal/screen/contact-form/project/999914801/101288450|9|participant|443500
101288450|NEPAL DEVELOPMENT SOCIETY||True|OTH|BHARATPUR|NP||https://ec.europa.eu/info/funding-tenders/opportunities/portal/screen/contact-form/project/907221892/101288450|8|participant|546427,5
101288450|MAKERERE UNIVERSITY|MAKERERE|False|HES|Kampala|UG||https://ec.europa.eu/info/funding-tenders/opportunities/portal/screen/contact-form/project/999856601/101288450|3|participant|538651
101288450|JOHNS HOPKINS UNIVERSITY||False|HES|Baltimore|US|https://www.hopkinsmedicine.org|https://ec.europa.eu/info/funding-tenders/opportunities/portal/screen/contact-form/project/998267741/101288450|7|participant|135395
101288450|GOETEBORGS UNIVERSITET|UGOT - GOETEBORGS UNIVERSITET/UNIVERSITY OF GOTHENBURG|False|HES|Goeteborg|SE|http://www.gu.se|https://ec.europa.eu/info/funding-tenders/opportunities/portal/screen/contact-form/project/999981925/101288450|5|participant|399000
101288100|INSTITUT GUSTAVE ROUSSY||False|REC|Villejuif|FR|http://www.igr.fr|https://ec.europa.eu/info/funding-tenders/opportunities/portal/screen/contact-form/project/999454924/101288100|4|participant|159248,75
101288100|BIOBANKS AND BIOMOLECULAR RESOURCES RESEARCH INFRASTRUCTURE CONSORTIUM (BBMRI-ERIC)|BBMRI-ERIC|False|REC|GRAZ|AT|http://www.bbmri-eric.eu|https://ec.europa.eu/info/funding-tenders/opportunities/portal/screen/contact-form/project/946597878/101288100|6|participant|231125
101288100|RUPRECHT-KARLS-UNIVERSITAET HEIDELBERG|UHEI|False|HES|Heidelberg|DE|http://www.uni-heidelberg.de|https://ec.europa.eu/info/funding-tenders/opportunities/portal/screen/contact-form/project/999987648/101288100|3|participant|691664,34
101288100|INSTITUT CURIE|INSTITUT CURIE FONDATION|False|REC|Paris|FR|http://www.curie.fr|https://ec.europa.eu/info/funding-tenders/opportunities/portal/screen/contact-form/project/999896759/101288100|1|coordinator|3702758,25
101288100|PRINSES MAXIMA CENTRUM VOOR KINDERONCOLOGIE BV|PrinsesMaximaCentrumvoorKinderoncologie|False|OTH|Utrecht|NL|http://www.prinsesmaximacentrum.nl|https://ec.europa.eu/info/funding-tenders/opportunities/portal/screen/contact-form/project/935256153/101288100|2|participant|3459209,6
101288100|UNIVERSITATSKLINIKUM HEIDELBERG|UKHD|False|HES|HEIDELBERG|DE|http://www.klinikum.uni-heidelberg.de|https://ec.europa.eu/info/funding-tenders/opportunities/portal/screen/contact-form/project/999841081/101288100|3|thirdParty|0
101288100|SEEDING SCIENCE SPRL||True|PRC|OTTIGNIES-LOUVAIN-LA-NEUVE|BE||https://ec.europa.eu/info/funding-tenders/opportunities/portal/screen/contact-form/project/902888126/101288100|7|participant|263666,58
101288100|Childhood Cancer International Europe PatientInnen Organisation für von an Krebs erkrankten Kindern, Jugendlichen und deren Familien in Europa|CCI Europe|False|OTH|Vienna|AT||https://ec.europa.eu/info/funding-tenders/opportunities/portal/screen/contact-form/project/866113486/101288100|5|participant|205127,41
101289538|Nevezyne||True|PRC|SAINT-BRIEUC|FR||https://ec.europa.eu/info/funding-tenders/opportunities/portal/screen/contact-form/project/878264288/101289538|3|participant|941726,25
101289538|UNIVERSITE JEAN MONNET|UNIVERSITE JEAN MONNET|False|HES|SAINT-ETIENNE|FR||https://ec.europa.eu/info/funding-tenders/opportunities/portal/screen/contact-form/project/872232052/101289538|6|participant|1315712,5
101289538|NEC ONCOIMMUNITY AS||True|PRC|Oslo|NO||https://ec.europa.eu/info/funding-tenders/opportunities/portal/screen/contact-form/project/934031043/101289538|2|participant|1604775
101289538|NEC BIO THERAPEUTICS GMBH||False|PRC|MANNHEIM|DE||https://ec.europa.eu/info/funding-tenders/opportunities/portal/screen/contact-form/project/865505781/101289538|2|thirdParty|0
101289538|MEDIZINISCHE HOCHSCHULE HANNOVER|MHH|False|HES|Hannover|DE|http://www.mh-hannover.de|https://ec.europa.eu/info/funding-tenders/opportunities/portal/screen/contact-form/project/999878426/101289538|7|thirdParty|0
101289538|UPPSALA UNIVERSITET|UU|False|HES|Uppsala|SE|http://www.uu.se|https://ec.europa.eu/info/funding-tenders/opportunities/portal/screen/contact-form/project/999985029/101289538|5|participant|745250
101289538|NIEDERSACHSISCHES LANDESGESUNDHEITSAMT|NLGA|False|PUB|HANNOVER|DE||https://ec.europa.eu/info/funding-tenders/opportunities/portal/screen/contact-form/project/995922087/101289538|7|participant|657975
101289538|Croda Denmark A/S||False|PRC|Frederikssund|DK||https://ec.europa.eu/info/funding-tenders/opportunities/portal/screen/contact-form/project/898738563/101289538|4|participant|418450
101289538|EUROPEAN VACCINE INITIATIVE EV|EUROPEAN VACCINE INITIATIVE|False|REC|Heidelberg|DE||https://ec.europa.eu/info/funding-tenders/opportunities/portal/screen/contact-form/project/886899810/101289538|1|coordinator|888750
101288858|REGION SYDDANMARK|REGION OF SOUTHERN DENMARK|False|PUB|Vejle|DK|https://www.regionsyddanmark.dk|https://ec.europa.eu/info/funding-tenders/opportunities/portal/screen/contact-form/project/999602073/101288858|2|participant|1547815
101288858|ALESI SURGICAL LIMITED||True|PRC|Cardiff|UK||https://ec.europa.eu/info/funding-tenders/opportunities/portal/screen/contact-form/project/898913842/101288858|10|participant|129776,25
101288858|UNIVERSITEIT GENT|UGent|False|HES|GENT|BE|http://www.ugent.be|https://ec.europa.eu/info/funding-tenders/opportunities/portal/screen/contact-form/project/999986096/101288858|1|coordinator|2572860
101288858|DIGESTIVE CANCERS EUROPE DICE|DiCE|False|OTH|Bruxelles / Brussel|BE||https://ec.europa.eu/info/funding-tenders/opportunities/portal/screen/contact-form/project/895346570/101288858|8|participant|577381,25
101288858|EUROPEAN CANCER ORGANISATION|E.C.O.|False|OTH|Bruxelles / Brussel|BE|http://www.ecco-org.eu|https://ec.europa.eu/info/funding-tenders/opportunities/portal/screen/contact-form/project/997983628/101288858|7|participant|303750
101288858|UNIVERSITA COMMERCIALE LUIGI BOCCONI|UB|False|HES|Milano|IT|http://www.unibocconi.it|https://ec.europa.eu/info/funding-tenders/opportunities/portal/screen/contact-form/project/999838850/101288858|9|participant|640793,75
101288858|RUPRECHT-KARLS-UNIVERSITAET HEIDELBERG|UHEI|False|HES|Heidelberg|DE|http://www.uni-heidelberg.de|https://ec.europa.eu/info/funding-tenders/opportunities/portal/screen/contact-form/project/999987648/101288858|5|participant|631025
101288858|EUROPEAN SOCIETY OF SURGICAL ONCOLOGY|SOCIETE EUROPEENNE D ONCOLOGIE CHIRURGICALE|False|OTH|Woluwe-Saint-Lambert|BE||https://ec.europa.eu/info/funding-tenders/opportunities/portal/screen/contact-form/project/937093139/101288858|13|participant|81250
101288858|SYDDANSK UNIVERSITET|SDU|False|HES|Odense M|DK|http://www.sdu.dk|https://ec.europa.eu/info/funding-tenders/opportunities/portal/screen/contact-form/project/999904616/101288858|12|participant|458787,5
101288858|FONDAZIONE POLICLINICO UNIVERSITARIO AGOSTINO GEMELLI IRCCS|Fondazione Policlinico Universitario A. Gemelli|False|REC|Roma|IT||https://ec.europa.eu/info/funding-tenders/opportunities/portal/screen/contact-form/project/918081430/101288858|4|participant|1133438,75
101288858|CONSORCI SANITARI INTEGRAL||False|PUB|L'Hospitalet De Llobregat|ES||https://ec.europa.eu/info/funding-tenders/opportunities/portal/screen/contact-form/project/904108968/101288858|6|participant|602218,75
101288858|CAPNOPHARM GMBH||True|PRC|Tubingen|DE||https://ec.europa.eu/info/funding-tenders/opportunities/portal/screen/contact-form/project/878258953/101288858|11|participant|780000
101288858|INSTITUT REGIONAL DU CANCER DE MONTPELLIER|ICM-VAL D'AURELLE|False|REC|MONTPELLIER CEDEX 5|FR|https://www.icm.unicancer.fr|https://ec.europa.eu/info/funding-tenders/opportunities/portal/screen/contact-form/project/949811585/101288858|3|participant|572275
101289129|INSTITUT CATALA D'ONCOLOGIA|ICO|False|REC|Hospitalet de Llobregat|ES|http://www.iconcologia.net|https://ec.europa.eu/info/funding-tenders/opportunities/portal/screen/contact-form/project/998420031/101289129|3|participant|360537,5
101289129|THEOLYTICS LTD||True|PRC|OXFORD|UK||https://ec.europa.eu/info/funding-tenders/opportunities/portal/screen/contact-form/project/879746933/101289129|1|coordinator|5348627
101289129|UNIVERSIDAD DE NAVARRA|UNIVERSITY OF NAVARRA|False|HES|PAMPLONA|ES|http://www.unav.es|https://ec.europa.eu/info/funding-tenders/opportunities/portal/screen/contact-form/project/999641746/101289129|2|participant|470500
101289129|INSTITUTE OF CANCER RESEARCH: THE ROYAL CANCER HOSPITAL LBG|ICR|False|HES|London|UK|http://www.icr.ac.uk|https://ec.europa.eu/info/funding-tenders/opportunities/portal/screen/contact-form/project/999460841/101289129|5|participant|651286,75
101289129|UNIVERSITY HEALTH NETWORK||False|REC|Toronto|CA||https://ec.europa.eu/info/funding-tenders/opportunities/portal/screen/contact-form/project/911181432/101289129|4|participant|1167840
101290046|FUNDACIO PRIVADA INSTITUT D'INVESTIGACIO ONCOLOGICA DE VALL-HEBRON (VHIO)|FUNDACION PRIVADA INSTITUTO DEINVESTIGACION ONCOLOGICA DE VALL-HE|False|REC|Barcelona|ES|http://www.vhio.net|https://ec.europa.eu/info/funding-tenders/opportunities/portal/screen/contact-form/project/995163935/101290046|3|participant|204473,75
101290046|INSTITUT GUSTAVE ROUSSY||False|REC|Villejuif|FR|http://www.igr.fr|https://ec.europa.eu/info/funding-tenders/opportunities/portal/screen/contact-form/project/999454924/101290046|5|participant|975312,5
101290046|EGLE THERAPEUTICS|EGLE THERAPEUTICS|False|PRC|SURESNES|FR||https://ec.europa.eu/info/funding-tenders/opportunities/portal/screen/contact-form/project/874195138/101290046|1|coordinator|5235052,5
101290046|UNIVERSITY COLLEGE LONDON||False|HES|LONDON|UK|http://www.ucl.ac.uk|https://ec.europa.eu/info/funding-tenders/opportunities/portal/screen/contact-form/project/999975620/101290046|2|participant|1265780,75
101290046|TECHNISCHE UNIVERSITAET DRESDEN|TUD|False|HES|DRESDEN|DE|http://tu-dresden.de|https://ec.europa.eu/info/funding-tenders/opportunities/portal/screen/contact-form/project/999897729/101290046|4|participant|318500
101294365|VLAAMSE INSTELLING VOOR TECHNOLOGISCH ONDERZOEK N.V.|VITO|False|REC|Mol|BE|http://www.vito.be|https://ec.europa.eu/info/funding-tenders/opportunities/portal/screen/contact-form/project/999645238/101294365|4|participant|1298000
101294365|H-POWER PLC|HPOW|True|PRC|Cranleigh|UK|http://www.afcenergy.com|https://ec.europa.eu/info/funding-tenders/opportunities/portal/screen/contact-form/project/974516321/101294365|10|participant|347646,25
101294365|CEMEX INNOVATION HOLDING AG||False|PRC|Zug|CH||https://ec.europa.eu/info/funding-tenders/opportunities/portal/screen/contact-form/project/894205462/101294365|2|thirdParty|0
101294365|IMPERIAL COLLEGE OF SCIENCE TECHNOLOGY AND MEDICINE||False|HES|London|UK|http://www.imperial.ac.uk|https://ec.europa.eu/info/funding-tenders/opportunities/portal/screen/contact-form/project/999993468/101294365|8|participant|653491,25
101294365|ICONIQ INNOVATION LTD||True|PRC|MARKET HARBOROUGH LEICESTERSHIRE|UK||https://ec.europa.eu/info/funding-tenders/opportunities/portal/screen/contact-form/project/934722750/101294365|12|participant|273106,25
101294365|SINTEF AS|SINTEF|False|REC|Trondheim|NO|http://www.sintef.no|https://ec.europa.eu/info/funding-tenders/opportunities/portal/screen/contact-form/project/910945140/101294365|1|coordinator|1105306,25
101294365|AGUAS MUNICIPALIZADAS DE ALICANTE, EMPRESA MIXTA|AMAEM|False|PRC|Alicante|ES||https://ec.europa.eu/info/funding-tenders/opportunities/portal/screen/contact-form/project/974454338/101294365|3|participant|302125
101294365|IDENER RESEARCH & DEVELOPMENT AIE||False|REC|LA RINCONADA SEVILLA|ES||https://ec.europa.eu/info/funding-tenders/opportunities/portal/screen/contact-form/project/901322643/101294365|7|participant|647843,75
101294365|UNIVERSITAT POLITECNICA DE CATALUNYA|UPC|False|HES|BARCELONA|ES|http://www.upc.edu|https://ec.europa.eu/info/funding-tenders/opportunities/portal/screen/contact-form/project/999976202/101294365|9|participant|660375
101294365|THE UNIVERSITY OF NOTTINGHAM||False|HES|Nottingham|UK|http://www.nottingham.ac.uk|https://ec.europa.eu/info/funding-tenders/opportunities/portal/screen/contact-form/project/999976978/101294365|6|participant|990068,75
101294365|CETAQUA, CENTRO TECNOLOGICO DEL AGUA, FUNDACION PRIVADA|CETAQUA|False|REC|Cornella de Llobregat|ES|http://www.cetaqua.com|https://ec.europa.eu/info/funding-tenders/opportunities/portal/screen/contact-form/project/998224285/101294365|5|participant|1010875
101294365|ICONIQ INNOVATION SPAIN SL|ICONIQ INNOVATION SPAIN|True|PRC|BARCELONA|ES||https://ec.europa.eu/info/funding-tenders/opportunities/portal/screen/contact-form/project/884065082/101294365|12|thirdParty|0
101294365|ETA - ENERGIA, TRASPORTI, AGRICOLTURA SRL|ETA|True|PRC|FIRENZE|IT|http://www.etaflorence.it|https://ec.europa.eu/info/funding-tenders/opportunities/portal/screen/contact-form/project/997911072/101294365|11|participant|250375
101294365|CEMEX ESPANA OPERACIONES SL||False|PRC|Madrid|ES||https://ec.europa.eu/info/funding-tenders/opportunities/portal/screen/contact-form/project/892431623/101294365|2|participant|361906,25
101294927|LUDWIG-MAXIMILIANS-UNIVERSITAET MUENCHEN|LMU MUENCHEN|False|HES|MUNCHEN|DE|http://www.uni-muenchen.de|https://ec.europa.eu/info/funding-tenders/opportunities/portal/screen/contact-form/project/999978433/101294927|9|participant|421687,5
101294927|THE UNIVERSITY OF READING||False|HES|Reading|UK|http://www.rdg.ac.uk|https://ec.europa.eu/info/funding-tenders/opportunities/portal/screen/contact-form/project/999984156/101294927|8|participant|350000,16
101294927|DANMARKS METEOROLOGISKE INSTITUT||False|REC|KOBENHAVN|DK|http://www.dmi.dk|https://ec.europa.eu/info/funding-tenders/opportunities/portal/screen/contact-form/project/999509438/101294927|7|participant|1149838,75
101294927|DEUTSCHER WETTERDIENST|DWD|False|PUB|Offenbach Am Main|DE|http://www.dwd.de|https://ec.europa.eu/info/funding-tenders/opportunities/portal/screen/contact-form/project/998059094/101294927|3|participant|949695,18
101294927|AGENCIA ESTATAL CONSEJO SUPERIOR DE INVESTIGACIONES CIENTIFICAS|CSIC|False|REC|MADRID|ES|http://www.csic.es|https://ec.europa.eu/info/funding-tenders/opportunities/portal/screen/contact-form/project/999991722/101294927|6|participant|400000
101294927|ZENITHAL BLUE TECHNOLOGIES SL|ZENITHAL BLUE TECHNOLOGIES|True|PRC|BARCELONA|ES||https://ec.europa.eu/info/funding-tenders/opportunities/portal/screen/contact-form/project/870207953/101294927|10|participant|300000
101294927|KONINKLIJK NEDERLANDS METEOROLOGISCH INSTITUUT-KNMI|KNMI|False|REC|DE BILT|NL|http://www.knmi.nl|https://ec.europa.eu/info/funding-tenders/opportunities/portal/screen/contact-form/project/999518944/101294927|5|participant|700000
101294927|EUROPEAN CENTRE FOR MEDIUM-RANGE WEATHER FORECASTS|ECMWF|False|REC|READING|UK|http://www.ecmwf.int|https://ec.europa.eu/info/funding-tenders/opportunities/portal/screen/contact-form/project/999916741/101294927|1|coordinator|3322288
101294927|METEO-FRANCE||False|REC|Saint Mande Cedex|FR|http://www.meteo.fr|https://ec.europa.eu/info/funding-tenders/opportunities/portal/screen/contact-form/project/999578890/101294927|4|participant|895885,93
101294927|METEOROLOGISK INSTITUTT||False|REC|Oslo|NO|http://www.met.no|https://ec.europa.eu/info/funding-tenders/opportunities/portal/screen/contact-form/project/999510893/101294927|2|participant|1500137,5
101294938|FORSCHUNGSZENTRUM JULICH GMBH|FZJ|False|REC|JULICH|DE|http://www.fz-juelich.de|https://ec.europa.eu/info/funding-tenders/opportunities/portal/screen/contact-form/project/999980470/101294938|3|participant|498215
101294938|Beyond Weather BV|Beyond Weather|True|PRC|Utrecht|NL||https://ec.europa.eu/info/funding-tenders/opportunities/portal/screen/contact-form/project/870713905/101294938|6|participant|200301,91
101294938|METEOROLOGICAL AND ENVIRONMENTAL EARTH OBSERVATION SRL|MEEO|True|PRC|FERRARA|IT||https://ec.europa.eu/info/funding-tenders/opportunities/portal/screen/contact-form/project/972294439/101294938|8|participant|179937,5
101294938|UNIVERSITAT DE VALENCIA|UVEG|False|HES|Valencia|ES|http://www.uv.es|https://ec.europa.eu/info/funding-tenders/opportunities/portal/screen/contact-form/project/999953019/101294938|10|participant|499775
101294938|DEUTSCHER WETTERDIENST|DWD|False|PUB|Offenbach Am Main|DE|http://www.dwd.de|https://ec.europa.eu/info/funding-tenders/opportunities/portal/screen/contact-form/project/998059094/101294938|4|participant|509285,62
101294938|KOBENHAVNS UNIVERSITET|UCPH|False|HES|KOBENHAVN|DK|http://www.ku.dk|https://ec.europa.eu/info/funding-tenders/opportunities/portal/screen/contact-form/project/999991043/101294938|11|participant|282085,53
101294938|ALFRED-WEGENER-INSTITUT HELMHOLTZ-ZENTRUM FUR POLAR- UND MEERESFORSCHUNG|AWI|False|REC|BREMERHAVEN|DE|http://www.awi.de|https://ec.europa.eu/info/funding-tenders/opportunities/portal/screen/contact-form/project/999497507/101294938|7|participant|474975,02
101294938|EUROPEAN CENTRE FOR MEDIUM-RANGE WEATHER FORECASTS|ECMWF|False|REC|READING|UK|http://www.ecmwf.int|https://ec.europa.eu/info/funding-tenders/opportunities/portal/screen/contact-form/project/999916741/101294938|2|participant|929000
101294938|CELEST SCIENCE||True|PRC|MONTPELLIER|FR||https://ec.europa.eu/info/funding-tenders/opportunities/portal/screen/contact-form/project/871741814/101294938|9|participant|149718,75
101294938|MAX-PLANCK-GESELLSCHAFT ZUR FORDERUNG DER WISSENSCHAFTEN EV|MPG|False|REC|MUNCHEN|DE|http://www.mpg.de|https://ec.europa.eu/info/funding-tenders/opportunities/portal/screen/contact-form/project/999990267/101294938|5|participant|570205
101294938|FONDAZIONE CENTRO EURO-MEDITERRANEOSUI CAMBIAMENTI CLIMATICI|FONDAZIONE CMCC|False|REC|LECCE|IT|http://www.cmcc.it|https://ec.europa.eu/info/funding-tenders/opportunities/portal/screen/contact-form/project/999419422/101294938|1|coordinator|1380500
101294938|ROYAL INSTITUTION FOR THE ADVANCEMENT OF LEARNING MCGILL UNIVERSITY|McGill University|False|HES|Montreal|CA|http://www.mcgill.ca|https://ec.europa.eu/info/funding-tenders/opportunities/portal/screen/contact-form/project/998826946/101294938|13|participant|150000
101294938|CSC-TIETEEN TIETOTEKNIIKAN KESKUS OY|CSC-IT CENTER FOR SCIENCE LTD|False|OTH|Espoo|FI|http://www.csc.fi|https://ec.europa.eu/info/funding-tenders/opportunities/portal/screen/contact-form/project/999645820/101294938|12|participant|174251,19
101295913|UNIVERSITY OF EAST ANGLIA|UEA|False|HES|NORWICH|UK|http://www.uea.ac.uk|https://ec.europa.eu/info/funding-tenders/opportunities/portal/screen/contact-form/project/999985611/101295913|12|participant|74816,87
101295913|THE UNIVERSITY OF EXETER|UNEXE|False|HES|Exeter|UK|http://www.exeter.ac.uk/|https://ec.europa.eu/info/funding-tenders/opportunities/portal/screen/contact-form/project/999864555/101295913|16|participant|99608,36
101295913|WORLD METEOROLOGICAL ORGANIZATION|ORGANISATION METEOROLOGIQUE MONDIALE - WMO - OMM|False|PUB|Geneve|CH||https://ec.europa.eu/info/funding-tenders/opportunities/portal/screen/contact-form/project/999544940/101295913|3|participant|183125
101295913|KAMINSKI THOMAS HERBERT|THE INVERSION LAB THOMAS KAMINSKI CONSULTING||PRC||DE||https://ec.europa.eu/info/funding-tenders/opportunities/portal/screen/contact-form/project/924150332/101295913|15|participant|372363,38
101295913|LUNDS UNIVERSITET||False|HES|Lund|SE|http://www.lu.se|https://ec.europa.eu/info/funding-tenders/opportunities/portal/screen/contact-form/project/999901318/101295913|6|participant|392572,5
101295913|INTEGRATED CARBON OBSERVATION SYSTEM EUROPEAN RESEARCH INFRASTRUCTURECONSORTIUM|ICOS ERIC|False|REC|HELSINKI|FI||https://ec.europa.eu/info/funding-tenders/opportunities/portal/screen/contact-form/project/922983713/101295913|2|participant|602375
101295913|DALHOUSIE UNIVERSITY||False|HES|HALIFAX|CA|http://www.dal.ca|https://ec.europa.eu/info/funding-tenders/opportunities/portal/screen/contact-form/project/998539535/101295913|8|participant|199999,75
101295913|RUPRECHT-KARLS-UNIVERSITAET HEIDELBERG|UHEI|False|HES|Heidelberg|DE|http://www.uni-heidelberg.de|https://ec.europa.eu/info/funding-tenders/opportunities/portal/screen/contact-form/project/999987648/101295913|10|participant|211425,01
101295913|JOINT PROGRAMMING INITIATIVE ON HEALTHY AND PRODUCTIVE SEAS AND OCEANS|JPI Oceans|False|OTH|Ixelles|BE||https://ec.europa.eu/info/funding-tenders/opportunities/portal/screen/contact-form/project/909317092/101295913|17|participant|82875
101295913|INTERNATIONALES INSTITUT FUER ANGEWANDTE SYSTEMANALYSE|IIASA|False|REC|Laxenburg|AT|http://www.iiasa.ac.at|https://ec.europa.eu/info/funding-tenders/opportunities/portal/screen/contact-form/project/999452596/101295913|5|participant|147187,5
101295913|EUROPEAN CENTRE FOR MEDIUM-RANGE WEATHER FORECASTS|ECMWF|False|REC|READING|UK|http://www.ecmwf.int|https://ec.europa.eu/info/funding-tenders/opportunities/portal/screen/contact-form/project/999916741/101295913|7|participant|371673,76
101295913|NATIONAL OCEANOGRAPHY CENTRE||False|REC|Southampton|UK||https://ec.europa.eu/info/funding-tenders/opportunities/portal/screen/contact-form/project/898797054/101295913|13|participant|244748,24
101295913|MAX-PLANCK-GESELLSCHAFT ZUR FORDERUNG DER WISSENSCHAFTEN EV|MPG|False|REC|MUNCHEN|DE|http://www.mpg.de|https://ec.europa.eu/info/funding-tenders/opportunities/portal/screen/contact-form/project/999990267/101295913|14|participant|84187,5
101295913|FONDAZIONE CENTRO EURO-MEDITERRANEOSUI CAMBIAMENTI CLIMATICI|FONDAZIONE CMCC|False|REC|LECCE|IT|http://www.cmcc.it|https://ec.europa.eu/info/funding-tenders/opportunities/portal/screen/contact-form/project/999419422/101295913|11|participant|249312,5
101295913|VLAAMS INSTITUUT VOOR DE ZEE|FLANDERS MARINE INSTITUTE INSTITUT FLAMAND DE LA MER|False|REC|OOSTENDE|BE||https://ec.europa.eu/info/funding-tenders/opportunities/portal/screen/contact-form/project/999599939/101295913|9|participant|484000
101295913|NORCE RESEARCH AS|NORCE|False|REC|BERGEN|NO|http://www.norceresearch.no|https://ec.europa.eu/info/funding-tenders/opportunities/portal/screen/contact-form/project/905860788/101295913|1|coordinator|588293,73
101295913|UNIVERSITE DE VERSAILLES SAINT-QUENTIN EN YVELINES||False|HES|VERSAILLES|FR|http://www.uvsq.fr|https://ec.europa.eu/info/funding-tenders/opportunities/portal/screen/contact-form/project/999837104/101295913|4|participant|611250
101296157|FUDAN UNIVERSITY|FDU|False|HES|SHANGHAI|CN|https://www.fudan.edu.cn|https://ec.europa.eu/info/funding-tenders/opportunities/portal/screen/contact-form/project/999899863/101296157|13|associatedPartner|
101296157|THE UNIVERSITY OF READING||False|HES|Reading|UK|http://www.rdg.ac.uk|https://ec.europa.eu/info/funding-tenders/opportunities/portal/screen/contact-form/project/999984156/101296157|6|participant|634072,5
101296157|PUSAN NATIONAL UNIVERSITY|PNU|False|HES|BUSAN|KR||https://ec.europa.eu/info/funding-tenders/opportunities/portal/screen/contact-form/project/932489616/101296157|8|participant|447500
101296157|RESEARCH AND BUSINESS DEVELOPMENT FOUNDATION PUSAN NATIONAL UNIVERSITY||False|HES|BUSAN|KR||https://ec.europa.eu/info/funding-tenders/opportunities/portal/screen/contact-form/project/870542700/101296157|8|thirdParty|0
101296157|UNIVERSITY OF CAPE TOWN|UCT|False|HES|Rondebosch|ZA|http://www.uct.ac.za|https://ec.europa.eu/info/funding-tenders/opportunities/portal/screen/contact-form/project/999849229/101296157|4|participant|406752,5
101296157|MET OFFICE||False|PUB|EXETER|UK|http://www.metoffice.gov.uk|https://ec.europa.eu/info/funding-tenders/opportunities/portal/screen/contact-form/project/999892685/101296157|1|coordinator|1000915
101296157|STIFTELSEN NANSEN SENTER FOR MILJOOG FJERNMALING|NERSC|False|REC|BERGEN|NO|http://www.nersc.no|https://ec.europa.eu/info/funding-tenders/opportunities/portal/screen/contact-form/project/999477913/101296157|2|participant|786290
101296157|INSTITUT FRANCAIS DE RECHERCHE POUR L'EXPLOITATION DE LA MER||False|REC|Plouzane|FR|http://www.ifremer.fr|https://ec.europa.eu/info/funding-tenders/opportunities/portal/screen/contact-form/project/999630300/101296157|9|participant|111275
101296157|DEPARTMENT OF HOUSING, LOCAL GOVERNMENT AND HERITAGE|DHLGH|False|PUB|Dublin|IE||https://ec.europa.eu/info/funding-tenders/opportunities/portal/screen/contact-form/project/928585269/101296157|3|participant|439365
101296157|ACADEMIA SINICA|AS|False|HES|Taipei|TW||https://ec.europa.eu/info/funding-tenders/opportunities/portal/screen/contact-form/project/999594701/101296157|12|associatedPartner|
101296157|FONDAZIONE CENTRO EURO-MEDITERRANEOSUI CAMBIAMENTI CLIMATICI|FONDAZIONE CMCC|False|REC|LECCE|IT|http://www.cmcc.it|https://ec.europa.eu/info/funding-tenders/opportunities/portal/screen/contact-form/project/999419422/101296157|7|participant|629380
101296157|HELMHOLTZ-ZENTRUM FUR OZEANFORSCHUNG KIEL (GEOMAR)||False|REC|Kiel|DE|http://www.geomar.de|https://ec.europa.eu/info/funding-tenders/opportunities/portal/screen/contact-form/project/986090458/101296157|5|participant|729407,5
101296157|CENTRE NATIONAL DE LA RECHERCHE SCIENTIFIQUE CNRS|CNRS|False|REC|PARIS|FR|http://www.cnrs.fr|https://ec.europa.eu/info/funding-tenders/opportunities/portal/screen/contact-form/project/999997930/101296157|10|participant|598240
101296157|UNIVERSITETET I BERGEN|UiB|False|HES|Bergen|NO|http://www.uib.no|https://ec.europa.eu/info/funding-tenders/opportunities/portal/screen/contact-form/project/999974456/101296157|11|participant|640000
101296314|IBOSS GMBH||True|PRC|Aachen|DE||https://ec.europa.eu/info/funding-tenders/opportunities/portal/screen/contact-form/project/895497696/101296314|2|participant|329673,75
101296314|RIF Institut fur Forschung und Transfer e.V.||True|REC|Dortmund|DE||https://ec.europa.eu/info/funding-tenders/opportunities/portal/screen/contact-form/project/866530004/101296314|6|participant|236750
101296314|EURA ITALIA SRL||True|PRC|Bruneck|IT||https://ec.europa.eu/info/funding-tenders/opportunities/portal/screen/contact-form/project/869904828/101296314|7|participant|102500
101296314|RHEINISCH-WESTFAELISCHE TECHNISCHE HOCHSCHULE AACHEN|RWTH AACHEN|False|HES|Aachen|DE|http://www.rwth-aachen.de|https://ec.europa.eu/info/funding-tenders/opportunities/portal/screen/contact-form/project/999983962/101296314|1|coordinator|733475
101296314|VEOWARE|VEOWARE SPACE|True|PRC|LEUVEN|BE||https://ec.europa.eu/info/funding-tenders/opportunities/portal/screen/contact-form/project/904336821/101296314|4|participant|312000
101296314|IENAI SPACE SL||True|PRC|Leganes|ES||https://ec.europa.eu/info/funding-tenders/opportunities/portal/screen/contact-form/project/898568037/101296314|5|participant|334656,25
101296314|ARGOTEC SRL||True|PRC|SAN MAURO TORINESE|IT||https://ec.europa.eu/info/funding-tenders/opportunities/portal/screen/contact-form/project/893539169/101296314|3|participant|446585
101296319|UNIVERSITE DE LIEGE|ULIEGE|False|HES|LIEGE|BE|http://www.ulg.ac.be|https://ec.europa.eu/info/funding-tenders/opportunities/portal/screen/contact-form/project/999976105/101296319|3|participant|517062,5
101296319|MET OFFICE||False|PUB|EXETER|UK|http://www.metoffice.gov.uk|https://ec.europa.eu/info/funding-tenders/opportunities/portal/screen/contact-form/project/999892685/101296319|5|participant|475976,25
101296319|ALFRED-WEGENER-INSTITUT HELMHOLTZ-ZENTRUM FUR POLAR- UND MEERESFORSCHUNG|AWI|False|REC|BREMERHAVEN|DE|http://www.awi.de|https://ec.europa.eu/info/funding-tenders/opportunities/portal/screen/contact-form/project/999497507/101296319|7|participant|418652,5
101296319|CENTRE EUROPEEN DE RECHERCHE ET DEFORMATION AVANCEE EN CALCUL SCIENTIFIQUE|CERFACS|False|PRC|TOULOUSE CEDEX|FR|http://www.cerfacs.fr|https://ec.europa.eu/info/funding-tenders/opportunities/portal/screen/contact-form/project/999940118/101296319|9|participant|311187,5
101296319|CONSIGLIO NAZIONALE DELLE RICERCHE|CNR|False|REC|Roma|IT|http://www.cnr.it|https://ec.europa.eu/info/funding-tenders/opportunities/portal/screen/contact-form/project/999979500/101296319|10|participant|304750
101296319|STIFTELSEN NANSEN SENTER FOR MILJOOG FJERNMALING|NERSC|False|REC|BERGEN|NO|http://www.nersc.no|https://ec.europa.eu/info/funding-tenders/opportunities/portal/screen/contact-form/project/999477913/101296319|1|coordinator|833901,88
101296319|ISTITUTO NAZIONALE DI OCEANOGRAFIA E DI GEOFISICA SPERIMENTALE|OGS|False|REC|Sgonico-Trieste|IT|http://www.ogs.trieste.it|https://ec.europa.eu/info/funding-tenders/opportunities/portal/screen/contact-form/project/999625644/101296319|4|participant|468562,5
101296319|EUROPEAN CENTRE FOR MEDIUM-RANGE WEATHER FORECASTS|ECMWF|False|REC|READING|UK|http://www.ecmwf.int|https://ec.europa.eu/info/funding-tenders/opportunities/portal/screen/contact-form/project/999916741/101296319|6|participant|461367,5
101296319|METEOROLOGISK INSTITUTT||False|REC|Oslo|NO|http://www.met.no|https://ec.europa.eu/info/funding-tenders/opportunities/portal/screen/contact-form/project/999510893/101296319|11|participant|255000
101296319|FONDAZIONE CENTRO EURO-MEDITERRANEOSUI CAMBIAMENTI CLIMATICI|FONDAZIONE CMCC|False|REC|LECCE|IT|http://www.cmcc.it|https://ec.europa.eu/info/funding-tenders/opportunities/portal/screen/contact-form/project/999419422/101296319|8|participant|399875
101296319|MERCATOR OCEAN|MERCATOR OCEAN|False|REC|TOULOUSE|FR|http://www.mercator-ocean.fr|https://ec.europa.eu/info/funding-tenders/opportunities/portal/screen/contact-form/project/974300496/101296319|2|participant|549500
101296343|Xiphera oy|Xiphera Ltd.|True|PRC|Espoo|FI||https://ec.europa.eu/info/funding-tenders/opportunities/portal/screen/contact-form/project/885959201/101296343|6|participant|70000
101296343|NANOXPLORE DESIGN SERVICES||True|PRC|Sevres|FR||https://ec.europa.eu/info/funding-tenders/opportunities/portal/screen/contact-form/project/870685678/101296343|2|participant|1190202,5
101296343|THALES ALENIA SPACE ITALIA SPA|TASITALIA|False|PRC|ROMA|IT|http://www.thalesaleniaspace.com|https://ec.europa.eu/info/funding-tenders/opportunities/portal/screen/contact-form/project/999488195/101296343|4|participant|196687,5
101296343|FRONTGRADE GAISLER AB|FRONTGRADE GAISLER AB|False|PRC|GOTEBORG|SE||https://ec.europa.eu/info/funding-tenders/opportunities/portal/screen/contact-form/project/999675987/101296343|1|coordinator|3331500
101296343|TTTECH COMPUTERTECHNIK AG||False|PRC|Wien|AT|https://www.tttech.com|https://ec.europa.eu/info/funding-tenders/opportunities/portal/screen/contact-form/project/999791029/101296343|5|participant|103841,25
101296343|THALES ALENIA SPACE ESPANA SA|TAS-E|False|PRC|TRES CANTOS|ES||https://ec.europa.eu/info/funding-tenders/opportunities/portal/screen/contact-form/project/999701595/101296343|3|thirdParty|0
101296343|THALES ALENIA SPACE FRANCE SAS|THALES ALENIA SPACE FRANCE|False|PRC|TOULOUSE|FR|http://www.thalesaleniaspace.com|https://ec.europa.eu/info/funding-tenders/opportunities/portal/screen/contact-form/project/999908205/101296343|3|participant|98925
101296343|NANOXPLORE||True|PRC|Sevres|FR||https://ec.europa.eu/info/funding-tenders/opportunities/portal/screen/contact-form/project/899404080/101296343|2|thirdParty|0
101298684|LEAPWAVE TECHNOLOGIES S.L.|LEAPWAVE TECHNOLOGIES|True|PRC|LEGANES|ES||https://ec.europa.eu/info/funding-tenders/opportunities/portal/screen/contact-form/project/883946451/101298684|4|participant|815750
101298684|GESELLSCHAFT FUR ANGEWANDTE MIKRO UND OPTOELEKTRONIK MIT BESCHRANKTERHAFTUNG AMO GMBH|AMO GMBH|True|OTH|Aachen|DE|http://www.amo.de|https://ec.europa.eu/info/funding-tenders/opportunities/portal/screen/contact-form/project/999796558/101298684|3|participant|692525
101298684|TELEFONICA INNOVACION DIGITAL SL|TID|False|PRC|MADRID|ES||https://ec.europa.eu/info/funding-tenders/opportunities/portal/screen/contact-form/project/917790915/101298684|7|participant|209375
101298684|EIDGENOESSISCHE TECHNISCHE HOCHSCHULE ZUERICH|ETH Zürich|False|HES|Zuerich|CH|https://www.ethz.ch|https://ec.europa.eu/info/funding-tenders/opportunities/portal/screen/contact-form/project/999979015/101298684|6|participant|855540
101298684|TECHNIKON FORSCHUNGS- UND PLANUNGSGESELLSCHAFT MBH|TECHNIKON|True|PRC|VILLACH|AT|http://www.technikon.at|https://ec.europa.eu/info/funding-tenders/opportunities/portal/screen/contact-form/project/999761735/101298684|2|participant|348375
101298684|THALES|THALES|False|PRC|MEUDON|FR|https://www.thalesgroup.com|https://ec.europa.eu/info/funding-tenders/opportunities/portal/screen/contact-form/project/999751938/101298684|1|coordinator|1028232,5
101298684|UNIVERSIDAD CARLOS III DE MADRID|UC3M|False|HES|Getafe (Madrid)|ES|http://www.uc3m.es|https://ec.europa.eu/info/funding-tenders/opportunities/portal/screen/contact-form/project/999899572/101298684|5|participant|864500
101298722|SUOMEN ITAMERI-INSTITUUTIN SAATIO SR|THE BALTIC INSTITUTE OF FINLAND|False|OTH|Tampere|FI||https://ec.europa.eu/info/funding-tenders/opportunities/portal/screen/contact-form/project/954288232/101298722|6|thirdParty|0
101298722|INTERUNIVERSITAIR MICRO-ELECTRONICA CENTRUM|IMEC|False|REC|Leuven|BE|http://www.imec.be|https://ec.europa.eu/info/funding-tenders/opportunities/portal/screen/contact-form/project/999981149/101298722|1|coordinator|553800
101298722|THE LISBON COUNCIL FOR ECONOMIC COMPETITIVENESS ASBL|THE LISBON COUNCIL|False|OTH|Bruxelles / Brussel|BE||https://ec.europa.eu/info/funding-tenders/opportunities/portal/screen/contact-form/project/997420543/101298722|4|participant|301250
101298722|TAMPEREEN KAUPUNKISEUDUN ELINKEINOJA KEHITYSYHTIO BUSINESS TAMPERE OY||False|OTH|Tampere|FI||https://ec.europa.eu/info/funding-tenders/opportunities/portal/screen/contact-form/project/897506372/101298722|9|participant|133750
101298722|TAMPEREEN KAUPUNKI|TAMMERFORS STADCITY OF TAMPERE|False|PUB|Tampere|FI||https://ec.europa.eu/info/funding-tenders/opportunities/portal/screen/contact-form/project/998829080/101298722|6|participant|384625
101298722|GEMEENTE ROTTERDAM|ROTTERDAM|False|PUB|ROTTERDAM|NL|http://www.rotterdam.nl|https://ec.europa.eu/info/funding-tenders/opportunities/portal/screen/contact-form/project/998914925/101298722|5|participant|331875
101298722|FUTURE INSIGHT GROUP BV|FUTURE INSIGHT GROUP|True|PRC|ZWOLLE|NL||https://ec.europa.eu/info/funding-tenders/opportunities/portal/screen/contact-form/project/928328025/101298722|8|participant|213125
101298722|VLAAMSE GEWEST|VL O|False|PUB|BRUSSEL|BE||https://ec.europa.eu/info/funding-tenders/opportunities/portal/screen/contact-form/project/999575107/101298722|7|participant|300250
101298722|ENGINEERING - INGEGNERIA INFORMATICA SPA|ENG|False|PRC|ROMA|IT|https://www.eng.it|https://ec.europa.eu/info/funding-tenders/opportunities/portal/screen/contact-form/project/999960488/101298722|3|participant|405625
101298722|OPEN & AGILE SMART CITIES|OASC|False|OTH|BRUXELLES|BE||https://ec.europa.eu/info/funding-tenders/opportunities/portal/screen/contact-form/project/914842115/101298722|2|participant|374837,5
101299072|FREE SOFTWARE FOUNDATION EUROPE EV||False|OTH|BERLIN|DE||https://ec.europa.eu/info/funding-tenders/opportunities/portal/screen/contact-form/project/951400639/101299072|2|participant|122250
101299072|OPENFORUM EUROPE||True|OTH|Bruxelles / Brussel|BE||https://ec.europa.eu/info/funding-tenders/opportunities/portal/screen/contact-form/project/897246412/101299072|13|participant|50600
101299072|STICHTING NATIONALE BEHEERSORGANISATIE INTERNET PROVIDERS|NBIP|False|OTH|HOUTEN|NL||https://ec.europa.eu/info/funding-tenders/opportunities/portal/screen/contact-form/project/877232014/101299072|15|participant|43125
101299072|STICHTING HOGESCHOOL VAN ARNHEM ENNIJMEGEN HAN|HAN University of Applied Sciences|False|HES|Arnhem|NL|https://www.han.nl|https://ec.europa.eu/info/funding-tenders/opportunities/portal/screen/contact-form/project/997475542/101299072|4|participant|230543,75
101299072|GEANT VERENIGING|GEANT VERENIGING|True|REC|Amsterdam|NL||https://ec.europa.eu/info/funding-tenders/opportunities/portal/screen/contact-form/project/999579278/101299072|14|participant|126500
101299072|OW2|OW2|True|OTH|PARIS|FR||https://ec.europa.eu/info/funding-tenders/opportunities/portal/screen/contact-form/project/989865892/101299072|6|participant|121217,5
101299072|STICHTING NLNET|NLNET|False|OTH|Amsterdam|NL||https://ec.europa.eu/info/funding-tenders/opportunities/portal/screen/contact-form/project/954538395/101299072|1|coordinator|7833031,1
101299072|TOLERANT NETWORKS LIMITED|TOLERANT NETWORKS|True|PRC|Dublin|IE||https://ec.europa.eu/info/funding-tenders/opportunities/portal/screen/contact-form/project/935371195/101299072|5|participant|67562,5
101299072|CENTER FOR THE CULTIVATION OF TECHNOLOGY GEMEINNUTZIGE GMBH|CCT|True|REC|Berlin|DE||https://ec.europa.eu/info/funding-tenders/opportunities/portal/screen/contact-form/project/916469193/101299072|7|participant|28893,75
101299072|ASSOCIATION PROFESSIONNELLE EUROPEENNE DU LOGICIEL LIBRE|Apell asbl|True|OTH|Bruxelles / Brussel|BE||https://ec.europa.eu/info/funding-tenders/opportunities/portal/screen/contact-form/project/882664305/101299072|9|participant|50600
101299072|RADICALLY OPEN SECURITY BV|RADICALLY OPEN SECURITY|True|PRC|Amsterdam|NL||https://ec.europa.eu/info/funding-tenders/opportunities/portal/screen/contact-form/project/926038437/101299072|3|participant|424062,5
101299072|COMMONS CARETAKERS BV|Commons Caretakers|True|PRC|Amsterdam|NL||https://ec.europa.eu/info/funding-tenders/opportunities/portal/screen/contact-form/project/906103385/101299072|10|participant|253000
101299072|ASOCIACION PARA EL PROGRESO DE LAS COMUNICACIONES||True|OTH|Gurb|ES||https://ec.europa.eu/info/funding-tenders/opportunities/portal/screen/contact-form/project/888907516/101299072|8|participant|86681,25
101299072|STICHTING NIXOS FOUNDATION|NixOS Foundation|False|OTH|Amsterdam|NL||https://ec.europa.eu/info/funding-tenders/opportunities/portal/screen/contact-form/project/906077486/101299072|11|participant|130995
101299072|STICHTING EDSGER INSTITUTE|EDSGER INSTITUTE|False|OTH|Rijen|NL||https://ec.europa.eu/info/funding-tenders/opportunities/portal/screen/contact-form/project/870377024/101299072|12|participant|426937,5
101298846|ABOUTCODE EUROPE ASBL|ABOUTCODE EUROPE|True|OTH|Uccle|BE||https://ec.europa.eu/info/funding-tenders/opportunities/portal/screen/contact-form/project/877995016/101298846|2|participant|970000
101298846|STICHTING NLNET|NLNET|False|OTH|Amsterdam|NL||https://ec.europa.eu/info/funding-tenders/opportunities/portal/screen/contact-form/project/954538395/101298846|1|coordinator|650000
101298846|UNIVERSIDAD REY JUAN CARLOS|URJC|False|HES|Mostoles|ES|http://www.urjc.es|https://ec.europa.eu/info/funding-tenders/opportunities/portal/screen/contact-form/project/999886283/101298846|4|participant|410000
101298846|STICHTING EDSGER INSTITUTE|EDSGER INSTITUTE|False|OTH|Rijen|NL||https://ec.europa.eu/info/funding-tenders/opportunities/portal/screen/contact-form/project/870377024/101298846|3|participant|970000
101298864|UNIVERSITAT JAUME I DE CASTELLON|UJI|False|HES|Castellon De La Plana|ES|http://www.uji.es|https://ec.europa.eu/info/funding-tenders/opportunities/portal/screen/contact-form/project/999882985/101298864|12|participant|265000
101298864|Neurofai GmbH|Neurofai GmbH|True|PRC|Kaiserslautern|DE||https://ec.europa.eu/info/funding-tenders/opportunities/portal/screen/contact-form/project/874133155/101298864|8|participant|302397,5
101298864|NEURANICS LIMITED|NEURANICS LIMITED|True|PRC|GLASGOW|UK||https://ec.europa.eu/info/funding-tenders/opportunities/portal/screen/contact-form/project/889921748/101298864|9|participant|275000
101298864|EIT MANUFACTURING SOUTH SRL|EIT MANUFACTURING SOUTH|True|PRC|MILANO|IT||https://ec.europa.eu/info/funding-tenders/opportunities/portal/screen/contact-form/project/895367716/101298864|15|participant|379250
101298864|MADE SCARL||True|OTH|MILANO MI|IT||https://ec.europa.eu/info/funding-tenders/opportunities/portal/screen/contact-form/project/897504529/101298864|7|participant|116875
101298864|AALTO KORKEAKOULUSAATIO SR|AALTO|False|HES|Espoo|FI|http://www.aalto.fi/en/|https://ec.europa.eu/info/funding-tenders/opportunities/portal/screen/contact-form/project/991256096/101298864|4|participant|524600
101298864|DE MONTFORT UNIVERSITY|DMU|False|HES|Leicester|UK|http://www.dmu.ac.uk|https://ec.europa.eu/info/funding-tenders/opportunities/portal/screen/contact-form/project/999847968/101298864|14|participant|446567,5
101298864|SCUOLA SUPERIORE DI STUDI UNIVERSITARI E DI PERFEZIONAMENTO S ANNA|SSSA|False|HES|PISA|IT|http://www.santannapisa.it|https://ec.europa.eu/info/funding-tenders/opportunities/portal/screen/contact-form/project/999884731/101298864|3|participant|449375
101298864|DEUTSCHES FORSCHUNGSZENTRUM FUR KUNSTLICHE INTELLIGENZ GMBH|DFKI|False|REC|Kaiserslautern|DE|http://www.dfki.de|https://ec.europa.eu/info/funding-tenders/opportunities/portal/screen/contact-form/project/999607602/101298864|1|coordinator|873783,75
101298864|EIDGENOESSISCHE TECHNISCHE HOCHSCHULE ZUERICH|ETH Zürich|False|HES|Zuerich|CH|https://www.ethz.ch|https://ec.europa.eu/info/funding-tenders/opportunities/portal/screen/contact-form/project/999979015/101298864|2|participant|495875
101298864|MASMEC SPA|MASMEC|True|PRC|MODUGNO|IT|http://www.masmec.com|https://ec.europa.eu/info/funding-tenders/opportunities/portal/screen/contact-form/project/998153669/101298864|11|participant|425000
101298864|POLITECNICO DI MILANO|POLIMI|False|HES|Milano|IT|http://www.polimi.it|https://ec.europa.eu/info/funding-tenders/opportunities/portal/screen/contact-form/project/999879881/101298864|6|participant|331875
101298864|BREMBO NV||False|PRC|BERGAMO|NL||https://ec.europa.eu/info/funding-tenders/opportunities/portal/screen/contact-form/project/984966422/101298864|10|participant|380000
101298864|UNIVERSITAT POLITECNICA DE VALENCIA|UPV|False|HES|VALENCIA|ES|http://www.upv.es|https://ec.europa.eu/info/funding-tenders/opportunities/portal/screen/contact-form/project/999864846/101298864|5|participant|533375
101298864|FUNDACIO HOSPITAL UNIVERSITARI VALL D'HEBRON - INSTITUT DE RECERCA|VHIR|False|REC|BARCELONA|ES|http://www.vhebron.es/vhang.htm|https://ec.europa.eu/info/funding-tenders/opportunities/portal/screen/contact-form/project/999541642/101298864|13|participant|200000
101298864|GRAPHICSVISION.AI GGMBH||True|OTH|KAISERSLAUTERN|DE||https://ec.europa.eu/info/funding-tenders/opportunities/portal/screen/contact-form/project/953567716/101298864|1|thirdParty|0
101306498|ECOLE POLYTECHNIQUE FEDERALE DE LAUSANNE|EPFL|False|HES|LAUSANNE|CH|http://www.epfl.ch|https://ec.europa.eu/info/funding-tenders/opportunities/portal/screen/contact-form/project/999973971/101306498|2|participant|1519695
101306498|UNIVERSITE LIBRE DE BRUXELLES|ULB|False|HES|Bruxelles / Brussel|BE|http://www.ulb.ac.be|https://ec.europa.eu/info/funding-tenders/opportunities/portal/screen/contact-form/project/999986290/101306498|3|participant|1016599,92
101306498|UNIVERSITY OF STUTTGART|USTUTT|False|HES|Stuttgart|DE|http://www.uni-stuttgart.de|https://ec.europa.eu/info/funding-tenders/opportunities/portal/screen/contact-form/project/999974747/101306498|1|coordinator|1463618,75
101294600|AIT AUSTRIAN INSTITUTE OF TECHNOLOGY GMBH|AIT|False|REC|WIEN|AT|http://www.ait.ac.at/|https://ec.europa.eu/info/funding-tenders/opportunities/portal/screen/contact-form/project/999584128/101294600|4|participant|249995
101294600|ASOCIACION COLOMBIANA DE ACONDICIONAMIENTO DEL AIRE Y DE LA REFRIGERACION|ACAIRE|False|REC|BOGOTA|CO||https://ec.europa.eu/info/funding-tenders/opportunities/portal/screen/contact-form/project/869269866/101294600|11|participant|61375
101294600|INSTITUT INTERNATIONAL DU FROID|INTERNATIONAL INSTITUTE OF REFRIGERATION IIF IIR|False|PUB|Paris|FR|http://www.iifiir.org|https://ec.europa.eu/info/funding-tenders/opportunities/portal/screen/contact-form/project/994381921/101294600|5|participant|199872,51
101294600|ECOWAS CENTRE FOR RENEWABLE ENERGY AND ENERGY EFFICIENCY|ECREEE|False|PUB|PRAIA|CV||https://ec.europa.eu/info/funding-tenders/opportunities/portal/screen/contact-form/project/892393114/101294600|9|participant|151281,25
101294600|GLUCKMAN CONSULTING LIMITED|Gluckman Consulting Limited|True|PRC|COBHAM|UK||https://ec.europa.eu/info/funding-tenders/opportunities/portal/screen/contact-form/project/870114930/101294600|3|participant|579987,43
101294600|Centro Studi Galileo srl|Centro Studi Galileo srl|False|PRC|Casale Monferrato|IT||https://ec.europa.eu/info/funding-tenders/opportunities/portal/screen/contact-form/project/939426183/101294600|6|participant|249062,5
101294600|THAI REFRIGERATION ASSOCIATION||False|OTH|BANGKOK|TH||https://ec.europa.eu/info/funding-tenders/opportunities/portal/screen/contact-form/project/869510911/101294600|7|participant|69807,68
101294600|LONDON SOUTH BANK UNIVERSITY LBG|LSBU|False|HES|LONDON|UK|https://www.lsbu.ac.uk|https://ec.europa.eu/info/funding-tenders/opportunities/portal/screen/contact-form/project/999911309/101294600|1|coordinator|739383,06
101294600|GUIDEHOUSE EUROPE LIMITED|GUIDEHOUSE EUROPE|False|PRC|London|UK||https://ec.europa.eu/info/funding-tenders/opportunities/portal/screen/contact-form/project/877749412/101294600|2|thirdParty|0
101294600|GUIDEHOUSE NETHERLANDS BV|GUIDEHOUSE|False|PRC|Utrecht|NL|http://www.ecofys.com|https://ec.europa.eu/info/funding-tenders/opportunities/portal/screen/contact-form/project/990797868/101294600|2|thirdParty|0
101294600|ASOCIACION ARGENTINA DEL FRIO|ASOCIACION ARGENTINA DEL FRIO|False|OTH|CIUDAD AUTONOMA DE BUENOS AIRES|AR||https://ec.europa.eu/info/funding-tenders/opportunities/portal/screen/contact-form/project/869037551/101294600|10|participant|68812,5
101294600|GUIDEHOUSE GERMANY GMBH||False|PRC|BERLIN|DE||https://ec.europa.eu/info/funding-tenders/opportunities/portal/screen/contact-form/project/889336547/101294600|2|participant|224968,75
101294600|EUROPEAN HEAT PUMP ASSOCIATION||False|OTH|BRUXELLES|BE|https://www.ehpa.org|https://ec.europa.eu/info/funding-tenders/opportunities/portal/screen/contact-form/project/923854288/101294600|8|participant|79875
101294600|UNITED NATIONS ENVIRONMENT PROGRAMME|PROGRAMME DES NATIONS UNIES POUR L'ENVIRONNEMENT - UNEP|False|PUB|Nairobi|KE|http://www.unep.org|https://ec.europa.eu/info/funding-tenders/opportunities/portal/screen/contact-form/project/997514245/101294600|12|associatedPartner|
101296430|TECHNISCHE UNIVERSITAET MUENCHEN|TUM|False|HES|Muenchen|DE|http://www.tu-muenchen.de|https://ec.europa.eu/info/funding-tenders/opportunities/portal/screen/contact-form/project/999977463/101296430|1|coordinator|771475
101296430|KLEPSYDRA TECHNOLOGIES AG|KLEPSYDRA TECHNOLOGIES|True|PRC|ZUG|CH||https://ec.europa.eu/info/funding-tenders/opportunities/portal/screen/contact-form/project/899637850/101296430|2|participant|335712,5
101296430|Orbital Paradigm Sociedad Limitada||True|PRC|Madrid|ES||https://ec.europa.eu/info/funding-tenders/opportunities/portal/screen/contact-form/project/870020840/101296430|3|participant|387847,5
101294209|UNIVERSITE DE PERPIGNAN|UPVD|False|HES|PERPIGNAN|FR|https://www.univ-perp.fr|https://ec.europa.eu/info/funding-tenders/opportunities/portal/screen/contact-form/project/998225546/101294209|1|thirdParty|0
101294209|CSP-BOOST||True|PRC|FONT-ROMEU-ODEILLO-VIA|FR||https://ec.europa.eu/info/funding-tenders/opportunities/portal/screen/contact-form/project/887813938/101294209|8|participant|447588,75
101294209|SOHHYTEC SA||True|PRC|Lausanne|CH||https://ec.europa.eu/info/funding-tenders/opportunities/portal/screen/contact-form/project/894521294/101294209|7|participant|842125
101294209|DEUTSCHES ZENTRUM FUR LUFT - UND RAUMFAHRT EV|DLR|False|REC|KOLN|DE|https://www.dlr.de|https://ec.europa.eu/info/funding-tenders/opportunities/portal/screen/contact-form/project/999981731/101294209|4|participant|674623,75
101294209|FUNDACION CENER|CENTRO NACIONAL DE ENERGIAS RENOVABLES CENER|True|REC|SARRIGUREN|ES|http://www.cener.com|https://ec.europa.eu/info/funding-tenders/opportunities/portal/screen/contact-form/project/999745342/101294209|5|participant|631207,5
101294209|Panatere SA|Panatere SA|True|PRC|Saignelégier|CH||https://ec.europa.eu/info/funding-tenders/opportunities/portal/screen/contact-form/project/882344011/101294209|2|participant|1510370
101294209|SOCRATE INDUSTRIE|SI|True|PRC|LE BELIEU|FR|http://www.socrate-industrie.com|https://ec.europa.eu/info/funding-tenders/opportunities/portal/screen/contact-form/project/974430476/101294209|11|participant|1240431,25
101294209|CENTRE NATIONAL DE LA RECHERCHE SCIENTIFIQUE CNRS|CNRS|False|REC|PARIS|FR|http://www.cnrs.fr|https://ec.europa.eu/info/funding-tenders/opportunities/portal/screen/contact-form/project/999997930/101294209|1|coordinator|1400120
101294209|KATHOLIEKE UNIVERSITEIT LEUVEN|KU Leuven|False|HES|LEUVEN|BE|http://www.kuleuven.be|https://ec.europa.eu/info/funding-tenders/opportunities/portal/screen/contact-form/project/999991334/101294209|9|participant|294125
101294209|AMPHENOL SOCAPEX|AMPHENOL SOCAPEX|False|PRC|THYEZ|FR||https://ec.europa.eu/info/funding-tenders/opportunities/portal/screen/contact-form/project/875620262/101294209|3|participant|144000
101294209|RADIALL|RADIALL|False|PRC|Aubervilliers|FR|https://www.radiall.com|https://ec.europa.eu/info/funding-tenders/opportunities/portal/screen/contact-form/project/986392419/101294209|6|participant|129875
101294209|BULANE|BULANE|True|PRC|FABREGUES (34690)|FR||https://ec.europa.eu/info/funding-tenders/opportunities/portal/screen/contact-form/project/869732265/101294209|10|participant|316775
101294209|RINA CONSULTING - CENTRO SVILUPPO MATERIALI SPA|CSM SPA|False|PRC|Roma|IT|http://www.c-s-m.it|https://ec.europa.eu/info/funding-tenders/opportunities/portal/screen/contact-form/project/998453011/101294209|12|participant|368125
101295248|UNIVERSITETET I TROMSOE - NORGES ARKTISKE UNIVERSITET|UiT|False|HES|Tromso|NO|http://uit.no/|https://ec.europa.eu/info/funding-tenders/opportunities/portal/screen/contact-form/project/999874643/101295248|23|participant|37332,5
101295248|SCIENTIFIC COMMITTEE ON ANTARTIC RESEARCH|SCAR|False|OTH|CAMBRIDGE|UK||https://ec.europa.eu/info/funding-tenders/opportunities/portal/screen/contact-form/project/869238632/101295248|4|participant|497773,75
101295248|LUDWIG-MAXIMILIANS-UNIVERSITAET MUENCHEN|LMU MUENCHEN|False|HES|MUNCHEN|DE|http://www.uni-muenchen.de|https://ec.europa.eu/info/funding-tenders/opportunities/portal/screen/contact-form/project/999978433/101295248|15|participant|230155
101295248|EURO-ARGO ERIC|EURO-ARGO ERIC|False|REC|Plouzane|FR||https://ec.europa.eu/info/funding-tenders/opportunities/portal/screen/contact-form/project/949128026/101295248|22|participant|168875
101295248|UNIVERSITE DE BREST|UNIVERSITE DE BRETAGNE OCCIDENTALE|False|HES|BREST|FR|http://www.univ-brest.fr/|https://ec.europa.eu/info/funding-tenders/opportunities/portal/screen/contact-form/project/999902676/101295248|22|thirdParty|0
101295248|INSTITUT ROYAL DES SCIENCES NATURELLES DE BELGIQUE|KONINKLIJK BELGISCHINSTITUUT VOOR NATUURWETENSCHAPPENROYAL BELGIAN INSTITUTE OF NATURAL|False|REC|Bruxelles / Brussel|BE|http://www.naturalsciences.be|https://ec.europa.eu/info/funding-tenders/opportunities/portal/screen/contact-form/project/998437006/101295248|10|participant|316250
101295248|UNIVERSITE CATHOLIQUE DE LOUVAIN|UCLouvain|False|HES|LOUVAIN LA NEUVE|BE|http://www.uclouvain.be|https://ec.europa.eu/info/funding-tenders/opportunities/portal/screen/contact-form/project/999980664/101295248|3|participant|509125
101295248|NORSK POLARINSTITUTT||False|REC|Tromsoe|NO||https://ec.europa.eu/info/funding-tenders/opportunities/portal/screen/contact-form/project/998675432/101295248|5|participant|423530
101295248|ALFRED-WEGENER-INSTITUT HELMHOLTZ-ZENTRUM FUR POLAR- UND MEERESFORSCHUNG|AWI|False|REC|BREMERHAVEN|DE|http://www.awi.de|https://ec.europa.eu/info/funding-tenders/opportunities/portal/screen/contact-form/project/999497507/101295248|1|coordinator|1818961,25
101295248|UNITED KINGDOM RESEARCH AND INNOVATION|UKRI|False|REC|SWINDON|UK|https://www.ukri.org/|https://ec.europa.eu/info/funding-tenders/opportunities/portal/screen/contact-form/project/906446474/101295248|2|participant|1068878,75
101295248|UNIVERSITY OF CANTERBURY||False|HES|CHRISTCHURCH|NZ|https://www.canterbury.ac.nz|https://ec.europa.eu/info/funding-tenders/opportunities/portal/screen/contact-form/project/999873673/101295248|21|participant|83996,25
101295248|CONSIGLIO NAZIONALE DELLE RICERCHE|CNR|False|REC|Roma|IT|http://www.cnr.it|https://ec.europa.eu/info/funding-tenders/opportunities/portal/screen/contact-form/project/999979500/101295248|19|participant|131625
101295248|UNIVERSITY OF OTAGO||False|HES|Dunedin|NZ|http://www.otago.ac.nz|https://ec.europa.eu/info/funding-tenders/opportunities/portal/screen/contact-form/project/998331567/101295248|20|participant|90851,25
101295248|UNIVERSITY OF SOUTHAMPTON|SOUTHAMPTON|False|HES|SOUTHAMPTON|UK|http://www.southampton.ac.uk|https://ec.europa.eu/info/funding-tenders/opportunities/portal/screen/contact-form/project/999975329/101295248|18|participant|133467,5
101295248|COUNCIL FOR SCIENTIFIC AND INDUSTRIAL RESEARCH|CSIR|False|REC|Pretoria|ZA|http://www.csir.co.za|https://ec.europa.eu/info/funding-tenders/opportunities/portal/screen/contact-form/project/999646693/101295248|17|participant|165036,25
101295248|BUNDESAMT FUR SEESCHIFFFAHRT UND HYDROGRAPHIE|BSH|False|PUB|Hamburg|DE|http://www.bsh.de|https://ec.europa.eu/info/funding-tenders/opportunities/portal/screen/contact-form/project/999440083/101295248|22|thirdParty|0
101295248|CONSORZIO NAZIONALE INTERUNIVERSITARIO PER LE SCIENZE DEL MARE ASSOCIAZIONE|CONISMA|False|REC|Roma|IT|http://www.conisma.it|https://ec.europa.eu/info/funding-tenders/opportunities/portal/screen/contact-form/project/999510990/101295248|8|participant|376555
101295248|INSTITUT FRANCAIS DE RECHERCHE POUR L'EXPLOITATION DE LA MER||False|REC|Plouzane|FR|http://www.ifremer.fr|https://ec.europa.eu/info/funding-tenders/opportunities/portal/screen/contact-form/project/999630300/101295248|22|thirdParty|0
101295248|EUROPEAN POLAR BOARD|EPB|False|OTH|UMEA|SE||https://ec.europa.eu/info/funding-tenders/opportunities/portal/screen/contact-form/project/873449887/101295248|9|participant|367980
101295248|NATIONAL OCEANOGRAPHY CENTRE||False|REC|Southampton|UK||https://ec.europa.eu/info/funding-tenders/opportunities/portal/screen/contact-form/project/898797054/101295248|12|participant|300513,75
101295248|EUROPEAN SCIENCE COMMUNICATION INSTITUTE (ESCI) GGMBH||False|OTH|Oldenburg|DE||https://ec.europa.eu/info/funding-tenders/opportunities/portal/screen/contact-form/project/916295951/101295248|13|participant|267250
101295248|ETT SPA|ETT|True|PRC|Genova|IT|https://www.ettsolutions.com|https://ec.europa.eu/info/funding-tenders/opportunities/portal/screen/contact-form/project/991672808/101295248|6|participant|380217,5
101295248|CENTRE NATIONAL DE LA RECHERCHE SCIENTIFIQUE CNRS|CNRS|False|REC|PARIS|FR|http://www.cnrs.fr|https://ec.europa.eu/info/funding-tenders/opportunities/portal/screen/contact-form/project/999997930/101295248|11|participant|310500
101295248|MERCATOR OCEAN|MERCATOR OCEAN|False|REC|TOULOUSE|FR|http://www.mercator-ocean.fr|https://ec.europa.eu/info/funding-tenders/opportunities/portal/screen/contact-form/project/974300496/101295248|7|participant|380000
101295248|GOETEBORGS UNIVERSITET|UGOT - GOETEBORGS UNIVERSITET/UNIVERSITY OF GOTHENBURG|False|HES|Goeteborg|SE|http://www.gu.se|https://ec.europa.eu/info/funding-tenders/opportunities/portal/screen/contact-form/project/999981925/101295248|14|participant|263731,25
101295248|THE UNIVERSITY OF EDINBURGH|UEDIN|False|HES|Edinburgh|UK|http://www.ed.ac.uk/home|https://ec.europa.eu/info/funding-tenders/opportunities/portal/screen/contact-form/project/999974941/101295248|16|participant|174611,25
101296380|IHP GMBH - LEIBNIZ INSTITUTE FOR HIGH PERFORMANCE MICROELECTRONICS|LEIBNIZ-INSTITUT FUR INNOVATIVE MIKROELEKTRONIK|False|REC|Frankfurt Oder|DE||https://ec.europa.eu/info/funding-tenders/opportunities/portal/screen/contact-form/project/999606438/101296380|6|participant|599894,5
101296380|AT & S AUSTRIA TECHNOLOGIE & SYSTEMTECHNIK AKTIENGESELLSCHAFT|AT&S|False|PRC|LEOBEN|AT||https://ec.europa.eu/info/funding-tenders/opportunities/portal/screen/contact-form/project/999571615/101296380|5|participant|589967,5
101296380|INTERUNIVERSITAIR MICRO-ELECTRONICA CENTRUM|IMEC|False|REC|Leuven|BE|http://www.imec.be|https://ec.europa.eu/info/funding-tenders/opportunities/portal/screen/contact-form/project/999981149/101296380|1|coordinator|349750
101296380|THALES ALENIA SPACE ITALIA SPA|TASITALIA|False|PRC|ROMA|IT|http://www.thalesaleniaspace.com|https://ec.europa.eu/info/funding-tenders/opportunities/portal/screen/contact-form/project/999488195/101296380|3|participant|247125
101296380|SYNERGIE CAD PSC||False|PRC|Carros|FR||https://ec.europa.eu/info/funding-tenders/opportunities/portal/screen/contact-form/project/885568485/101296380|4|participant|518736,25
101296380|THALES ALENIA SPACE FRANCE SAS|THALES ALENIA SPACE FRANCE|False|PRC|TOULOUSE|FR|http://www.thalesaleniaspace.com|https://ec.europa.eu/info/funding-tenders/opportunities/portal/screen/contact-form/project/999908205/101296380|2|participant|600027,5
101296380|AMU NORDJYLLAND|AMU NORDJYLLAND_HYTEK|False|PUB|Aalborg|DK||https://ec.europa.eu/info/funding-tenders/opportunities/portal/screen/contact-form/project/887755253/101296380|7|participant|377236,25
101293577|EIDGENOSSISCHES INSTITUT FUR METROLOGIE METAS|METAS|False|PUB|Wabern|CH||https://ec.europa.eu/info/funding-tenders/opportunities/portal/screen/contact-form/project/950138184/101293577|6|participant|229480
101293577|UNIVERSITE DE LIEGE|ULIEGE|False|HES|LIEGE|BE|http://www.ulg.ac.be|https://ec.europa.eu/info/funding-tenders/opportunities/portal/screen/contact-form/project/999976105/101293577|8|participant|196249,9
101293577|WORLD METEOROLOGICAL ORGANIZATION|ORGANISATION METEOROLOGIQUE MONDIALE - WMO - OMM|False|PUB|Geneve|CH||https://ec.europa.eu/info/funding-tenders/opportunities/portal/screen/contact-form/project/999544940/101293577|2|participant|353750
101293577|LUNDS UNIVERSITET||False|HES|Lund|SE|http://www.lu.se|https://ec.europa.eu/info/funding-tenders/opportunities/portal/screen/contact-form/project/999901318/101293577|7|participant|229990
101293577|FORSCHUNGSZENTRUM JULICH GMBH|FZJ|False|REC|JULICH|DE|http://www.fz-juelich.de|https://ec.europa.eu/info/funding-tenders/opportunities/portal/screen/contact-form/project/999980470/101293577|10|participant|250546,25
101293577|INTEGRATED CARBON OBSERVATION SYSTEM EUROPEAN RESEARCH INFRASTRUCTURECONSORTIUM|ICOS ERIC|False|REC|HELSINKI|FI||https://ec.europa.eu/info/funding-tenders/opportunities/portal/screen/contact-form/project/922983713/101293577|7|thirdParty|0
101293577|UNIVERSITAT WIEN|UNIVIE|False|HES|WIEN|AT|http://www.univie.ac.at|https://ec.europa.eu/info/funding-tenders/opportunities/portal/screen/contact-form/project/999866883/101293577|11|participant|200407,5
101293577|UNIVERSITE LIBRE DE BRUXELLES|ULB|False|HES|Bruxelles / Brussel|BE|http://www.ulb.ac.be|https://ec.europa.eu/info/funding-tenders/opportunities/portal/screen/contact-form/project/999986290/101293577|9|participant|186474,38
101293577|UNIVERSITY OF SOUTHAMPTON|SOUTHAMPTON|False|HES|SOUTHAMPTON|UK|http://www.southampton.ac.uk|https://ec.europa.eu/info/funding-tenders/opportunities/portal/screen/contact-form/project/999975329/101293577|3|participant|199368,75
101293577|JOHANN WOLFGANG GOETHE-UNIVERSITAET FRANKFURT AM MAIN|GUF|False|HES|FRANKFURT AM MAIN|DE|http://www.uni-frankfurt.de|https://ec.europa.eu/info/funding-tenders/opportunities/portal/screen/contact-form/project/999978724/101293577|5|participant|518568,13
101293577|UNIVERSITY OF BRISTOL||False|HES|BRISTOL|UK|http://www.bristol.ac.uk|https://ec.europa.eu/info/funding-tenders/opportunities/portal/screen/contact-form/project/999974262/101293577|1|coordinator|1685088,75
101293577|Universita' degli Studi di Urbino Carlo Bo|UNIURB|False|HES|Urbino|IT|http://www.uniurb.it|https://ec.europa.eu/info/funding-tenders/opportunities/portal/screen/contact-form/project/997437906/101293577|12|participant|155375
101293577|EIDGENOSSISCHE MATERIALPRUFUNGS- UND FORSCHUNGSANSTALT|EMPA|False|HES|Dubendorf|CH|http://www.empa.ch|https://ec.europa.eu/info/funding-tenders/opportunities/portal/screen/contact-form/project/999907138/101293577|4|participant|645214,38
101288164|PRESIDENZA DEL CONSIGLIO DEI MINISTRI.||False|PUB|Roma|IT|http://www.governo.biotecnologie.it|https://ec.europa.eu/info/funding-tenders/opportunities/portal/screen/contact-form/project/999827210/101288164|10|participant|49242,5
101288164|THE LISBON COUNCIL FOR ECONOMIC COMPETITIVENESS ASBL|THE LISBON COUNCIL|False|OTH|Bruxelles / Brussel|BE||https://ec.europa.eu/info/funding-tenders/opportunities/portal/screen/contact-form/project/997420543/101288164|9|participant|208750
101288164|IRCCS - ASSOCIAZIONE LA NOSTRA FAMIGLIA 'ISTITUTO SCIENTIFICO EUGENIO MEDEA'|MEDEA|False|REC|Ponte Lambro|IT|http://www.emedea.it|https://ec.europa.eu/info/funding-tenders/opportunities/portal/screen/contact-form/project/998265025/101288164|1|coordinator|691750,28
101288164|EIDD Design for All Europe Europaischer Dachverband Design fur Alle||False|OTH|Linz|AT||https://ec.europa.eu/info/funding-tenders/opportunities/portal/screen/contact-form/project/931112895/101288164|7|participant|304103,75
101288164|IMMANENCE SRL SOCIETA BENEFIT|IMMANENCE|True|PRC|TORINO|IT||https://ec.europa.eu/info/funding-tenders/opportunities/portal/screen/contact-form/project/877973870/101288164|6|participant|235375
101288164|ASSOCIAZIONE L'ABILITA' ONLUS||False|OTH|Milano|IT||https://ec.europa.eu/info/funding-tenders/opportunities/portal/screen/contact-form/project/870576844/101288164|2|participant|390750
101288164|STIFTUNG PREUSSISCHER KULTURBESITZ|SPK|False|REC|Berlin|DE|https://www.preussischer-kulturbesitz.de|https://ec.europa.eu/info/funding-tenders/opportunities/portal/screen/contact-form/project/998517031/101288164|8|participant|191500
101288164|SCUOLA UNIVERSITARIA PROFESSIONALE DELLA SVIZZERA ITALIANA|SUPSI|False|HES|MANNO|CH|http://www.supsi.ch|https://ec.europa.eu/info/funding-tenders/opportunities/portal/screen/contact-form/project/999587620/101288164|3|participant|571390
101288164|NORGES TEKNISK-NATURVITENSKAPELIGE UNIVERSITET NTNU|NTNU|False|HES|TRONDHEIM|NO|http://www.ntnu.no|https://ec.europa.eu/info/funding-tenders/opportunities/portal/screen/contact-form/project/999977851/101288164|5|participant|305790,63
101288164|CARDIFF UNIVERSITY|CARDIFF UNIVERSITY|False|HES|CARDIFF|UK|http://www.cardiff.ac.uk|https://ec.europa.eu/info/funding-tenders/opportunities/portal/screen/contact-form/project/999979694/101288164|4|participant|450334,85
101288355|INSTITUT GUSTAVE ROUSSY||False|REC|Villejuif|FR|http://www.igr.fr|https://ec.europa.eu/info/funding-tenders/opportunities/portal/screen/contact-form/project/999454924/101288355|3|participant|209900
101288355|ASOCIACION INSTITUTO DE INVESTIGACION SANITARIA BIOGIPUZKOA|ASOCIACION INSTITUTO BIOGIPUZKOA|False|REC|DONOSTIA-SAN SEBASTIAN|ES|http://www.biodonostia.org|https://ec.europa.eu/info/funding-tenders/opportunities/portal/screen/contact-form/project/972652078/101288355|6|participant|414755
101288355|OSLO UNIVERSITETSSYKEHUS HF|OUS|False|HES|OSLO|NO|http://www.oslo-universitetssykehus.no|https://ec.europa.eu/info/funding-tenders/opportunities/portal/screen/contact-form/project/991104000/101288355|1|coordinator|1677211
101288355|Servicio Vasco de Salud Osakidetza|Osakidetza|False|PUB|Vitoria-Gasteiz|ES|http://www.osakidetza.euskadi.net/v19-oskhome/es/|https://ec.europa.eu/info/funding-tenders/opportunities/portal/screen/contact-form/project/993205990/101288355|6|thirdParty|0
101288355|DNV IMATIS AS|DNV Imatis AS|False|PRC|PORSGRUNN|NO||https://ec.europa.eu/info/funding-tenders/opportunities/portal/screen/contact-form/project/898097005/101288355|7|participant|481460
101288355|UNIVERSITAIR MEDISCH CENTRUM UTRECHT|UMC UTRECHT|False|HES|Utrecht|NL|http://www.umcutrecht.nl|https://ec.europa.eu/info/funding-tenders/opportunities/portal/screen/contact-form/project/999915189/101288355|4|participant|879300
101288355|STICHTING HET NEDERLANDS KANKER INSTITUUT-ANTONI VAN LEEUWENHOEK ZIEKENHUIS|NKI AVL|False|REC|AMSTERDAM|NL|http://www.nki.nl|https://ec.europa.eu/info/funding-tenders/opportunities/portal/screen/contact-form/project/999984738/101288355|5|participant|632960
101288355|UNIVERSITAETSKLINIKUM FREIBURG|UKLFR|False|HES|Freiburg|DE|http://www.uniklinik-freiburg.de/augenklinik|https://ec.europa.eu/info/funding-tenders/opportunities/portal/screen/contact-form/project/999881918/101288355|2|participant|511995
101288355|SOCIETE INTERNATIONALE D ONCOLOGIE GERIATRIQUE|INTERNATIONAL SOCIETY OF GERIATRIC ONCOLOGY|False|OTH|LAS ACACIAS|CH||https://ec.europa.eu/info/funding-tenders/opportunities/portal/screen/contact-form/project/892332974/101288355|8|participant|191625
101287826|LUDWIG-MAXIMILIANS-UNIVERSITAET MUENCHEN|LMU MUENCHEN|False|HES|MUNCHEN|DE|http://www.uni-muenchen.de|https://ec.europa.eu/info/funding-tenders/opportunities/portal/screen/contact-form/project/999978433/101287826|2|participant|161055
101287826|SOLIDARMED (LESOTHO)||False|REC|MASERU|LS||https://ec.europa.eu/info/funding-tenders/opportunities/portal/screen/contact-form/project/869963610/101287826|5|participant|1391250
101287826|UNIVERSITAT BASEL||False|HES|Basel|CH|http://www.unibas.ch|https://ec.europa.eu/info/funding-tenders/opportunities/portal/screen/contact-form/project/999907914/101287826|7|participant|699980
101287826|SCHWEIZERISCHES TROPEN UND PUBLIC HEALTH INSTITUT|SWISS TPH SWISS TROPICAL AND PUBLIC HEALTH INSTITUTE|False|REC|ALLSCHWIL|CH|http://www.swisstph.ch|https://ec.europa.eu/info/funding-tenders/opportunities/portal/screen/contact-form/project/998518583/101287826|6|participant|350000
101287826|MINISTRY OF HEALTH LESOTHO|Ministry of Health|False|PUB|Maseru|LS||https://ec.europa.eu/info/funding-tenders/opportunities/portal/screen/contact-form/project/885353145/101287826|3|participant|158750
101287826|UNIVERSITY OF KWAZULU-NATAL||False|HES|Westville|ZA|https://www.ukzn.ac.za|https://ec.europa.eu/info/funding-tenders/opportunities/portal/screen/contact-form/project/999889290/101287826|9|participant|253561,25
101287826|NATIONAL UNIVERSITY OF LESOTHO|NATIONAL UNIVERSITY OF LESOTHO|False|HES|Maseru|LS||https://ec.europa.eu/info/funding-tenders/opportunities/portal/screen/contact-form/project/920799952/101287826|4|participant|132250
101287826|UNIVERSITY OF GLASGOW||False|HES|Glasgow|UK|http://www.gla.ac.uk/researchinstitutes/iii/staff/iainmcinnes/|https://ec.europa.eu/info/funding-tenders/opportunities/portal/screen/contact-form/project/999974165/101287826|8|participant|181091,25
101287826|INSTITUUT VOOR TROPISCHE GENEESKUNDE|ITM|False|HES|ANTWERPEN|BE|http://www.itg.be|https://ec.europa.eu/info/funding-tenders/opportunities/portal/screen/contact-form/project/999883276/101287826|1|coordinator|671683,75
101288005|UNIVERSIDAD DE GRANADA|UGR|False|HES|GRANADA|ES|http://www.ugr.es|https://ec.europa.eu/info/funding-tenders/opportunities/portal/screen/contact-form/project/999882015/101288005|1|coordinator|865168,75
101288005|THE SWALLOWS HEAD & NECK CANCER SUPPORT GROUP||False|OTH|BLACKPOOL|UK||https://ec.europa.eu/info/funding-tenders/opportunities/portal/screen/contact-form/project/869945568/101288005|3|participant|437187,5
101288005|TENBORON OY||True|PRC|Helsinki|FI||https://ec.europa.eu/info/funding-tenders/opportunities/portal/screen/contact-form/project/892764236/101288005|2|participant|6289641,25
101290166|GRUPO ESPANOL DE TRATAMIENTO DE TUMORES DE CABEZA Y CUELLO TTCC|TTCC|False|REC|MADRID|ES||https://ec.europa.eu/info/funding-tenders/opportunities/portal/screen/contact-form/project/880670664/101290166|3|participant|826656,25
101290166|UNIVERSITE LIBRE DE BRUXELLES|ULB|False|HES|Bruxelles / Brussel|BE|http://www.ulb.ac.be|https://ec.europa.eu/info/funding-tenders/opportunities/portal/screen/contact-form/project/999986290/101290166|4|participant|312375
101290166|NETRIS  PHARMA SA|NETRIS Pharma SA|True|PRC|GENEVA|CH||https://ec.europa.eu/info/funding-tenders/opportunities/portal/screen/contact-form/project/886850922/101290166|1|thirdParty|0
101290166|GROUPE D'ONCOLOGIE ET RADIOTHERAPIE TETE ET COU (GORTEC)|GORTEC|True|OTH|TOURS|FR||https://ec.europa.eu/info/funding-tenders/opportunities/portal/screen/contact-form/project/869139207/101290166|2|participant|1437687,5
101290166|NETRIS PHARMA SAS||True|PRC|LYON|FR|https://www.netrispharma.com|https://ec.europa.eu/info/funding-tenders/opportunities/portal/screen/contact-form/project/975064468/101290166|1|coordinator|4671678,75
101290754|SCLAVO VACCINES ASSOCIATION|SVA|False|REC|Siena|IT|http://www.sclavo.org|https://ec.europa.eu/info/funding-tenders/opportunities/portal/screen/contact-form/project/972921932/101290754|1|coordinator|577524
101290754|UNIVERSITEIT ANTWERPEN|UANTWERPEN|False|HES|Antwerpen|BE|http://www.ua.ac.be|https://ec.europa.eu/info/funding-tenders/opportunities/portal/screen/contact-form/project/999902870/101290754|6|participant|872908,75
101290754|UNIVERSITA DEGLI STUDI DI SIENA|UNISI|False|HES|Siena|IT|http://www.unisi.it|https://ec.europa.eu/info/funding-tenders/opportunities/portal/screen/contact-form/project/999898020/101290754|7|participant|247860
101290754|UNIVERSITE DE KINSHASA|UNIKIN|False|HES|KINSHASA|CD||https://ec.europa.eu/info/funding-tenders/opportunities/portal/screen/contact-form/project/999890745/101290754|9|participant|216250
101290754|Fondazione Biotecnopolo di Siena|Fondazione Biotecnopolo di Siena|False|OTH|Siena|IT||https://ec.europa.eu/info/funding-tenders/opportunities/portal/screen/contact-form/project/882554016/101290754|2|participant|1229093,25
101290754|STIFTUNG TIERAERZTLICHE HOCHSCHULE HANNOVER||False|HES|HANNOVER|DE|http://www.tiho-hannover.de|https://ec.europa.eu/info/funding-tenders/opportunities/portal/screen/contact-form/project/999464430/101290754|4|participant|591417,11
101290754|COMMISSARIAT A L ENERGIE ATOMIQUE ET AUX ENERGIES ALTERNATIVES|CEA|False|REC|Paris|FR|https://www.cea.fr|https://ec.europa.eu/info/funding-tenders/opportunities/portal/screen/contact-form/project/999992401/101290754|5|participant|1799141,25
101290754|UNIVERSITE LIBRE DE BRUXELLES|ULB|False|HES|Bruxelles / Brussel|BE|http://www.ulb.ac.be|https://ec.europa.eu/info/funding-tenders/opportunities/portal/screen/contact-form/project/999986290/101290754|10|participant|431712,5
101290754|PHILOGEN SPA||True|PRC|Siena|IT|http://www.philogen.com|https://ec.europa.eu/info/funding-tenders/opportunities/portal/screen/contact-form/project/986974031/101290754|11|participant|3480231,21
101290754|UNIVERSITETET I OSLO|UNIVERSITY OF OSLO|False|HES|Oslo|NO|http://www.uio.no|https://ec.europa.eu/info/funding-tenders/opportunities/portal/screen/contact-form/project/999975814/101290754|3|participant|386069,19
101290754|INSTITUUT VOOR TROPISCHE GENEESKUNDE|ITM|False|HES|ANTWERPEN|BE|http://www.itg.be|https://ec.europa.eu/info/funding-tenders/opportunities/portal/screen/contact-form/project/999883276/101290754|8|participant|167710,26
