id|acronym|title|startDate|endDate|totalCost|legalBasis|topics|masterCall|subCall|fundingScheme|objective|grantDoi|cluster
101223091|C5|Clever Combination of Synthetic Compartmentalization, Carbon Fixation and Compound Biomanufacturing|2025-11-01|2029-10-31|0|HORIZON.3.1|HORIZON-EIC-2024-PATHFINDERCHALLENGES-01-01|HORIZON-EIC-2024-PATHFINDERCHALLENGES-01|HORIZON-EIC-2024-PATHFINDERCHALLENGES-01|HORIZON-EIC|The C5 Pathfinder project aims to revolutionize the production of bio-based chemicals by leveraging synthetic compartmentalization and metabolic engineering within photosynthetic cyanobacterial systems. The multidisciplinary consortium brings together experts from diverse fields, including microbiology, synthetic biology, and chemical engineering, with the overarching goal to maximize cyanobacterial photosynthetic CO2 fixation and isoprene product generation. This will be achieved by installing a more efficient CO2 fixation cycle, connecting it directly with isoprene production to maximize carbon partitioning, and constructing a conceptual novel synthetic bacterial organelle, co-localizing selected enzymes. This promotes substrate channeling and creates a favorable microenvironment to enhance their catalytic activity while minimizing metabolic crosstalk with the cytosol and containing toxic intermediates. We will develop a process to directly harvest isoprene from the gas phase, which spontaneously separates from the cells and growth media. This avoids problematic biomass harvesting and product extraction, simplifying the production process. The project's success will be assessed through life cycle assessments (LCA) and techno-economic analyses (TEA) to ensure that the developed processes are both environmentally sustainable and economically viable. The collaboration among consortium members will facilitate knowledge transfer and technology development, leading to the creation of modular and scalable systems suitable for industrial applications. Additionally, workshops and outreach activities will be conducted to disseminate findings and promote engagement with stakeholders across the bioeconomy sector. Overall, C5 aims to introduce groundbreaking innovative technologies which will significantly increase Solar-to-Isoprene conversion efficiency and pave the way for the widespread adoption of bio-based chemicals, contributing to a sustainable and circular economy.|10.3030/101223091|Other
101216923|URBAN PROSUMERS|URBAN PROSUMERS – towards a knowledge transfer hub for empowering citizens as producers and consumers of sustainable solutions to climate-neutrality|2025-10-01|2028-03-31|1999847,5|HORIZON.2.1|HORIZON-MISS-2024-CROSS-02-01|HORIZON-MISS-2024-CROSS-02|HORIZON-MISS-2024-CROSS-02|HORIZON-RIA|The URBAN PROSUMERS project supports the implementation of EU’s Climate Neutral and Smart Cities Mission at the local level in Tampere Region, Finland. This initiative strengthens and enhances the role of local Higher Education Institutions (HEIs) as focal actors of transdisciplinary research and action in sustainability issues. By leveraging citizen science and participatory research methods, the project actively involves Tampere residents and local stakeholders in developing solutions focused on sustainable mobility, food systems and energy. Through co-creation, the project builds a knowledge transfer hub around the topic of sustainable urban prosumerism.The title “URBAN PROSUMERS” highlights the project’s goal to engage residents as both producers and consumers of sustainable solutions, services and knowledge. Through novel participatory infrastructures and a co-creation process guided by HEIs, the project brings together the city, residents, and various actors to identify local needs related to the Mission themes. It funds community experiments that seek social or technological innovations within the three key thematic areas of the project (mobility, food and energy), addressing the needs identified by residents and local entities such as NGOs, associations and city administration.Tampere HEIs play a crucial role by developing and managing a new knowledge transfer hub for sustainable urban prosumerism, integrating this process also into their strategic work. The project aims to create a novel theoretical understanding of the urban prosumerism model through co-creation and experimental community projects. This model can serve as an example for participatory climate action in cities, with potential for scaling and replication in other Mission cities across Finland and Europe.|10.3030/101216923|Cluster MISS
101220926|X-SeeO2|Real-time X-ray diffraction and microstructure imaging: accelerating the transformation of cementitious materials into CO2 sinks|2025-10-01|2029-09-30|0|HORIZON.3.1|HORIZON-EIC-2024-PATHFINDERCHALLENGES-01-02|HORIZON-EIC-2024-PATHFINDERCHALLENGES-01|HORIZON-EIC-2024-PATHFINDERCHALLENGES-01|HORIZON-EIC|X-SeeO2 delivers unique tools to the portfolio’s Challenge projects as transversal enabling technologies that will accelerate innovation for cement decarbonisation and smart carbonisation of concretes. Led by three renowned universities (Malaga, Bath and Manchester) and The European Synchrotron, X-SeeO2 leverages its X-ray specialised facilities and expertise in low-carbon cementitious materials, carbonation and materials imaging. The project offers access to advanced analytical techniques, including synchrotron and laboratory X-ray powder diffraction (PD) and micro-computed tomography (mCT), supporting the portfolio's research. It commits to collect and analyse over 600 synchrotron PD patterns, 140/70 synchrotron/lab mCT, respectively, supported by 51 person months for portfolio data analysis.These ambitious goals will be achieved by: (i) Designing/manufacturing a world-first in-situ high-pressure (HP) CO2 mineralisation cell for synchrotron mCT, and tailoring an existing in-situ HP cell for synchrotron PD; (ii) Creating robust workflows for PD and mCT data acquisition and analysis tailored to cementitious materials; and (iii) Validating workflows in two case studies. These studies also contribute to the other Challenge categories: “Novel supplementary cementitious materials (SMCs) produced by combining mechanochemical activation and CO2 mineralisation of alkaline industrial wastes”; and “high-throughput determination of autoclave accelerated CO2 curing kinetics of Portland cements (PC) and PC-SCMs blends”.The knowledge generated by X-SeeO2 will be transformative for the Challenge projects and for the advancement of cement materials science and engineering. The results will further enable the creation of two comprehensive atlases compiling and sharing the PD and mCT data and analytical results generated by the Portfolio. This legacy will have a lasting impact, supporting future predictive model development and minimising empirical testing.|10.3030/101220926|Other
101221957|MOJITO|Decarbonized liMe PrOduction through enhanced JoInt dielectric heaTing and waste carbonaceous material additiOn|2025-10-01|2028-09-30|0|HORIZON.3.1|HORIZON-EIC-2024-PATHFINDERCHALLENGES-01-02|HORIZON-EIC-2024-PATHFINDERCHALLENGES-01|HORIZON-EIC-2024-PATHFINDERCHALLENGES-01|HORIZON-EIC|The MOJITO project aims to validate a laboratory scale system for the production of decarbonised lime with reduced energy consumption and carbon emissions in the calcination process, while achieving CO2 removal. The system is based on an electrically powered rotary kiln that transfers heat in the calcining material by microwave and electrical heating. Due to the capacity of microwaves to penetrate inside the limestone particles, the kiln will use lower temperatures with respect to standard systems. The input material will also be integrated with carbonaceous material for its ability to absorb electromagnetic energy and convert it to heat, thus improving the efficiency of the process. The CO2 produced by the calcination will be collected in an external vessel for further use in Carbon Capture and Storage (and Utilisation). Accurate atomistic computer simulations of the CaCO3 calcination process in realistic conditions through machine learning will be performed using a Tier-0 supercomputer, based on the understanding of the microscopic mechanisms at play. This will allow to study and design new solutions and the specific MOJITO systems. This enables the production of grade lime that satisfies up to 70% of market demand.|10.3030/101221957|Other
101216412|HARARA|Co-creating inclusive local climate adaptation practices to deal with experienced heat|2026-01-01|2028-12-31|1999658,75|HORIZON.2.1|HORIZON-MISS-2024-CROSS-02-01|HORIZON-MISS-2024-CROSS-02|HORIZON-MISS-2024-CROSS-02|HORIZON-RIA|European societies, especially in urban areas, are disproportionately affected by the impact of global warming. Global warming can be felt by how people experience heat at home - which is often a combination of the temperature and air humidity in their residence. Experienced heat and heat stress may vary across people’s houses, also depending on the adaptation strategies they apply and affect people’s health outcomes and experiences. Migrant populations, ranging from migrants to their descendants, are often excluded from current data collection and measures, creating environmental injustice, and in turn strengthening social and ethnic inequalities in societies. The HARARA project aims to contribute to the EU Mission on Adaptation to Climate Change by supporting regions such as Belgium and the Netherlands, and more specifically, their cities and local authorities, to become more resilient in the face of climate change impacts. HARARA will systematically integrate insights from multiple disciplines (sociology, ecology, biology, urban planning, etc.), as well as societal and educational institutions, to first empirically assess both subjective and objective climate impacts on migrant groups. Afterwards, a citizen science approach will be taken to empower local migrant communities to actively participate in and contribute to inclusive climate policies of the future through the development of inclusive climate adaptation practices. The inclusive climate adaptation practices will be included in the EC Mission Portal; triangulated with stakeholders, presented in policy briefs and a Toolkit for schools, two sustainable and inclusive fairs, and reports for non-academic audiences. Furthermore, HARARA sets up transdisciplinary knowledge hubs, supported by integration specialists or Gluon researchers, that secure future regional collaborations and transdisciplinary research practices.|10.3030/101216412|Cluster MISS
101221259|ECO-SLAG-CEM|ENVIRONMENTALLY COMPATIBLE OPTIMIZATION OF EAF SLAG FOR LOW-CARBON ADVANCED GREEN CEMENT|2025-10-01|2029-09-30|0|HORIZON.3.1|HORIZON-EIC-2024-PATHFINDERCHALLENGES-01-02|HORIZON-EIC-2024-PATHFINDERCHALLENGES-01|HORIZON-EIC-2024-PATHFINDERCHALLENGES-01|HORIZON-EIC|"""The ECO-SLAG-CEM project aims to develop high-performance, low-carbon cements using modified Electric Arc Furnace (EAF) slag. The project addresses the significant CO2 emissions from the cement and steel industries, which together account for approximately 14% of global CO2 emissions. The primary objective is to enhance the reactivity of EAF slag through high-temperature treatments and bio-based activation systems, enabling the formulation of high-performance, low-carbon binders to replace the declining availability of granulated blast furnace slag (GBS).To achieve this, the project follows a twofold approach: high-temperature treatments to increase the intrinsic reactivity of EAF slags and the development of tailor-made activation systems, including the use of bio-based chelatants to pre-treat slags and accelerate hydration. A further focus of the project is the presence and mobility of Fe and heavy metals to ensure durability and compliance with environmental standards. The relevance to the work program lies in its alignment with the Horizon Europe Pathfinder Challenge """"Towards cement and concrete as a carbon sink."""" The project aims to develop low-carbon binder technologies, optimize clinker reduction, and provide valuable data on the structure and behavior of Fe-bearing slags. By valorizing EAF slag, the project supports the decarbonization of the cement industry and adds value to the steel production process, making it easier to adopt globally and boosting the competitiveness of European steel production. The project involves collaboration between various partners, including universities, research institutes, and industry players, ensuring a comprehensive and interdisciplinary approach. The expected outcomes include the development of treatment strategies for EAF slags, the introduction of bio-based accelerators, and the formulation of high-performance hydraulic binders, contributing to the sustainability and competitiveness of the EU cement & steel industries."""|10.3030/101221259|Other
101223193|SUN2CN|Fully-Integrated PV-EC Device for the Production of C-N Chemicals|2025-11-01|2029-10-31|0|HORIZON.3.1|HORIZON-EIC-2024-PATHFINDERCHALLENGES-01-01|HORIZON-EIC-2024-PATHFINDERCHALLENGES-01|HORIZON-EIC-2024-PATHFINDERCHALLENGES-01|HORIZON-EIC|The SUN2CN project aims to deliver a standalone Solar-to-X device for the conversion of simple, low-energy molecules found in waste streams — such as nitrates (NO3-) and carbon dioxide (CO2) — into valuable carbon-nitrogen (C-N) chemicals, using sunlight as the only energy source. C-N chemicals, such as urea and methylamine, critical for the agriculture and pharmaceutical industries, contribute significantly to human health and quality of life.To enable the solar conversion of NO3- and CO2 into C-N chemicals, SUN2CN will develop a fully-integrated photovoltaic (PV)-electrochemical (EC) device that incorporates a porous PV membrane coated with selective electrocatalysts in an innovative flow cell design. The standalone solar-to-X device will provide a sustainable solution for the decentralized production of valuable organonitrogen (C-N) chemicals and wastewater treatment, eliminating the need for fossil resources and energy-intensive ammonia production.SUN2CN aims to achieve a breakthrough in the chemical and energy sectors. It will contribute to the vision of decentralized prosumption of renewable fuels, chemicals, and materials using local resources and solar energy, thereby empowering communities and remote areas.|10.3030/101223193|Other
101223335|CONCERTO|CarbOn Negative CemEnt fRom ulTra-mafic rOcks|2025-10-01|2029-09-30|0|HORIZON.3.1|HORIZON-EIC-2024-PATHFINDERCHALLENGES-01-02|HORIZON-EIC-2024-PATHFINDERCHALLENGES-01|HORIZON-EIC-2024-PATHFINDERCHALLENGES-01|HORIZON-EIC|The majority of CO2 emissions associated with Portland clinker production originate from the calcination of limestone, a process necessary to extract calcium, the key element required for forming the main binding hydration phases. Unfortunately, most of the calcium found in nature is embedded in limestone. This project aims to explore hydraulic binders based on magnesium (instead of calcium) since this element is abundant in silico-magnesian ultramafic rocks, which are widely available. This approach thus eliminates the CO2 emissions associated with the decarbonization of raw materials during the production process. We have developed a groundbreaking, scalable process for producing silico-magnesian CO2-free cements from ultramafic rocks (CNRS pending patent). If decarbonized energy is used during production, the overall carbon footprint of this binder could be net-negative, as magnesium hydroxide formed during hydration could sequester atmospheric CO2 throughout the service life of the cementitious product via carbonation. The main goal of this project is to optimize the manufacturing process and performances of this hydraulic binder and to develop various applications based on it.|10.3030/101223335|Other
101219355|SOLARSPOON|Solar-driven synthesis of proteins and lipids via photoelectrochemistry of living organisms|2025-11-01|2029-10-31|0|HORIZON.3.1|HORIZON-EIC-2024-PATHFINDERCHALLENGES-01-01|HORIZON-EIC-2024-PATHFINDERCHALLENGES-01|HORIZON-EIC-2024-PATHFINDERCHALLENGES-01|HORIZON-EIC|Biohybrid systems offer unique energy-efficient routes to harness solar energy for the fixation of CO2 and nitrogen into valuable, complex molecules. This project will integrate living photosynthetic bacteria and food-producing autotrophic bacteria into stand-alone photoelectrochemical devices tailored for the direct production of proteins and lipids from sunlight, air and water. Cyanobacteria will supply electrons via light-driven water oxidation, organic dyes will provide these electrons with sufficient energy to generate substrates that would directly feed either a culture or a consortia of food producing microorganisms in the same device. The result will be the demonstration of the first direct conversion of CO2 and N2 from air to protein- or lipid-rich food materials using solar energy, with the aim to produce a prototype that can reach 1% solar-conversion efficiency or surpass present food production processes via agriculture.Our bioengineering efforts will focus on three key innovations: (i) overcoming complex electron transfer pathway barriers at the cell-electrode interface, aided by the coupling of electrode engineering with advanced modelling of the interface; (ii) expanding the range of Solar-to-X products to two essential food groups (proteins and lipids), enabled by the formation of novel microbial consortia on redox polymer films that mitigate their conflicting microenvironment needs; and iii) device engineering that synergizes the different outputs and needs of the bio-anode and cathode whilst also facilitating easy food-product collection. The delivery of our envisioned Solar-to-Food devices will open the door to re-imagining sustainable food production for off-grid locations, kitchens in future households and spaceships. Current food industries, such as our partner Solar Foods, would be an immediate benefactor. Our envisioned solar-to-lipids production process could be a stepping stone to fuels production lines of the future.|10.3030/101219355|Other
101223271|CERBERUS|Unlocking the Full Potential of Edge AI through In-memory Computing Based on 2D Materials with Extreme Energy Efficiency|2026-02-01|2030-01-31|0|HORIZON.3.1|HORIZON-EIC-2024-PATHFINDERCHALLENGES-01-04|HORIZON-EIC-2024-PATHFINDERCHALLENGES-01|HORIZON-EIC-2024-PATHFINDERCHALLENGES-01|HORIZON-EIC|The introduction of the on-device AI paradigm in edge computing could bring significant benefits and enable a plethora of exciting applications in AR/VR gear, industrial automation devices, drones, 5G/6G base stations or autonomous vehicles. However, AI is well-known to be generally power hungry and edge devices are not able to withstand the computational requirements of emerging AI workloads. Therefore, energy efficiency is closing the door important breakthroughs across industries such as ICT, mobility, healthcare, agri-food, industrial automation, leaving an enormous untapped potential behind. To remedy this, academia and industry have proposed in-memory computing (IMC) and the associated non-Von Neumann architectures as a means to dramatically improve the efficiency of AI processing; yet the promise of the IMC paradigm is limited by non-idealities within and around the IMC tiles. In this light, the CERBERUS project aims to take a radical step forward in the field of IMC by addressing the fundamental efficiency bottlenecks that prevent edge computing stakeholders from unleashing the full potential of this technology. To this end, CERBERUS will employ a three-pillar approach grounded on (i) 2× more efficient memristive devices, (ii) 30% more efficient peripheral circuits also allowing to bypass domain conversions, and (iii) 70% more effective heat dissipation devices to virtually eliminate thermal noise. Thanks to a deeply cross-layer simulation approach integrating models of the developed devices and circuits, our ultimate goal is to show that 3X better energy efficiency can be achieved at the system level for modern and emerging edge AI computing workloads, towards the vision of deploying sizable AI models in virtually any device, even at the extreme edge.|10.3030/101223271|Other
101221404|AstrAware|An On-board Dynamic Vision Sensor Suite for Enhanced Satellite Self and Situational Awareness|2025-10-01|2028-09-30|0|HORIZON.3.1|HORIZON-EIC-2024-PATHFINDERCHALLENGES-01-05|HORIZON-EIC-2024-PATHFINDERCHALLENGES-01|HORIZON-EIC-2024-PATHFINDERCHALLENGES-01|HORIZON-EIC|The current overpopulation of satellites in orbit requires decisive actions to ensure safe operations in the near-Earth environment. These actions are particularly challenging, as only a fraction of objects in orbit are cooperative satellites, while the majority are space debris, which includes inactive satellites, rocket bodies, and fragments of all sizes. Space debris significantly raises the risk of collisions, and its continued increase could render space activities unsustainable in the future. In this context, developing the capability to detect, identify, and track orbiting objects is essential for predicting their trajectories and assessing potential conjunctions with other satellites. Additionally, advancing technologies for proximity operations is vital for enabling large-scale active space debris removal and servicing missions.The AstrAware project aims to contribute to both tasks through a sensor suite that provides long-range and close-range characterization of a detected target. To achieve these two functions, the project will employ a sensor suite that incorporates innovative dynamic vision sensors with novel data processing pipelines. Central to this system is the integration of a neuromorphic camera, optimized for detecting debris through its heightened sensitivity to illumination changes, alongside an adapted star tracker that functions as a dynamic vision sensor. By working together, these sensors not only share data but also enhance each other's performance, providing continuous optical information for both far- and close-range navigation. This synergy allows for precise proximity operations, seamlessly incorporating debris detection and attitude control within a single, efficient sensor suite, delivering significant operational advantages.|10.3030/101221404|Other
101181686|ArcticKnows|Just knowledge co-creation for a regenerative Arctic economy|2025-10-01|2028-09-30|0|HORIZON.2.6|HORIZON-CL6-2024-COMMUNITIES-01-3|HORIZON-CL6-2024-COMMUNITIES-01|HORIZON-CL6-2024-COMMUNITIES-01|HORIZON-RIA|ArcticKnows will empower Coastal, Local and Indigenous Communities (CLICs) in the Arctic to mobilise their indigenous and local knowledges (including traditional ecological knowledge) and enhance their agency to act towards co-creating regenerative economies and livelihoods in a just, inclusive, and gender-sensitive way. The project convenes CLICs, researchers and other local stakeholders (industry, businesses, civil society, policymakers) in a just and decolonial knowledge co-creation process, to co-design and co-deploy pioneering principles, methodologies, guidelines, frameworks and indicators for regenerative economies and livelihoods, as well as attractive platforms for community engagement and participation. ArcticKnows tackles some of the key challenges including a) climate change and climate related vulnerabilities; b) extractive economic models and mindsets; c) lack of recognition and/or—depending on the context—appropriation of local and indigenous knowledges; and d) lack of CLICs, women, and youth engagement in decision-making. It employs just, decolonial and inclusive knowledge co-creation and multi-actor collaborative and transdisciplinary approaches, for innovating and transforming towards regenerative and climate-wise economy, while co-designing platforms for meaningful community engagement that empowers and strengthen CLICs’, women, youth and other marginalized groups to participate in policy making. In ArcticKnows we cocreate, demonstrate and evaluate examples of regenerative local economies in four Pilots, in Greenland, Norway, Sweden and Finland, focusing on close-to-nature tourism, small-scale climate-resilient agriculture and climate-resilient fisheries, all of which represent environments of multispecies encounters. ArcticKnows advances and activates multispecies coexistence and justice. Finally, it promotes mindful sharing and scaling up best practices, while ensuring intellectual and cultural autonomy of local and indigenous knowledge holders.|10.3030/101181686|Cluster 6
101234842|COMPASS|Comprehensive Offshore Management Platform for Assessing SuStainability|2025-11-01|2029-10-31|0|HORIZON.2.5|HORIZON-CL5-2024-D3-02-08|HORIZON-CL5-2024-D3-02|HORIZON-CL5-2024-D3-02|HORIZON-RIA|Europe is at the forefront of offshore wind energy, with ambitious goals to expand its capacity from around 34 GW in 2023 to at least 88 GW by 2030 and 360 GW by 2050. Developing Offshore Wind Farms (OWFs) affects the environment and socio-economic systems both positively and negatively. To meet sustainability requirements, it is crucial to holistically evaluate these impacts across all scales and life phases of existing and future OWFs. Although many modeling tools exist to assess different types of impacts individually, the development of a holistic integrated tool is lacking. COMPASS (Comprehensive Offshore Management Platform for Assessing Sustainability) will provide an innovative and holistic understanding of both global and local cumulative impacts of OWF. By combining life-cycle based environmental, economic and social tools and an OWF digital twin, COMPASS will leverage their mutual advantages to assess OWF project sustainability. These tools will be integrated in a user-friendly, customizable, decision-support platform. The platform will be set up using diverse case studies across Europe, incorporating various OWF designs from bottom-fixed to floating technologies. This approach ensures its adaptability to different European sea basins and OWF projects. The platform aims to assist stakeholders in exploring different cost-effective options to improve sustainability trade-offs, acceptability and performance of OWF projects. By addressing both priced and non-priced sustainability criteria, it will provide recommendations to optimize OWF designs, from recycling strategies to nature-inclusive solutions, thereby refining OWF tender competitiveness. The COMPASS consortium brings together leading experts from academia, research institutes and industry, across eight EU countries, and involves an End-User Group, Policy-oriented Advisory Board and international experts, ensuring an innovative transdisciplinary, end-user driven approach to OWF impact assessment.|10.3030/101234842|Cluster 5
101235287|THUNDER|INNOVATION IN E-MEOH PRODUCTION BY ONE-POT TANDEM PROCESS|2025-10-01|2029-09-30|3992190|HORIZON.2.5|HORIZON-CL5-2024-D3-02-02|HORIZON-CL5-2024-D3-02|HORIZON-CL5-2024-D3-02|HORIZON-RIA|THUNDER aims to develop an innovative, modular solution for e-MeOH production, addressing high costs, energy demand, and inefficiencies of benchmark. Using a one-pot tandem approach, the solution combines three reactions: (1) CO2 and H2O vapor capture, (2) co-electrolysis to produce CO and green H2, and (3) CO2/CO hydrogenation to synthesize e-MeOH. THUNDER will enhance efficiency with multifunctional membranes for CO2 capture, advanced electrocatalysts for CO and H2 production, and thermochemical catalysts for hydrogenating CO2 and CO into e-MeOH.  Using renewable energy and recovering surplus heat, THUNDER will reduce energy consumption compared to benchmark. THUNDER modular design reduces infrastructure costs, optimizes material use, and minimizes reliance on critical raw materials.THUNDER’s impact on process efficiency, cost, sustainability, and renewable energy will be evaluated along the project.  5. It’s expected to be a reduction in green house emission of 75%, 50-60% in CAPEX and 8-16% in OPEX.  Additionally, by recycling CO2/H2O vapor and residual heat from fuel cells, THUNDER facilitates e-MeOH production for fuel cell energy generation, effectively closing the carbon loop and optimizing overall resource and energy efficiency. Key outputs include: (i) advanced materials such as catalysts, membranes, and 3D-printed reactors from recycled titanium, (ii) process intensification, integrating all steps into a unified system, (iii) technology optimization from TRL3 to TRL4 through testing with real and simulated flue gases, and (iv) validation of e-MeOH in fuel cells for mobility and electricity applications.In summary, THUNDER will play a pivotal role in the transition to a sustainable economy, fostering modular, efficient and cost-competitive production of carbon-neutral synthetic fuels production from renewable energies.|10.3030/101235287|Cluster 5
101236115|C2FUe-LS|Turning recycled carbon into valuable fuels for all transport sectors by marrying selective plasma and bio-/chemo-catalysis at mild conditions|2025-10-01|2029-09-30|4028302,5||HORIZON-CL5-2024-D3-02-02|HORIZON-CL5-2024-D3-02|HORIZON-CL5-2024-D3-02|HORIZON-RIA|+C2Fue-LS aims to develop a direct cold plasma-catalysis pathway, combined with hybrid bio-/nano-catalysis, to efficiently produce alcohols from CO2 recycling, green hydrogen, and renewable electricity. The project focuses on the challenging CO2 plasma-hydrogenation to formaldehyde, followed by its selective conversion to alcohols of precise lengths using a novel formate carboxylase paired with advanced bimetallic nanocatalysts. These catalysts are encapsulated within porous Metal-Organic Frameworks (MOFs) and manufactured as digitally structured modules with hierarchical porous structures, enhancing plasma formation and facilitating substrate and product migration during the CO2-to-alcohol conversion.+C2Fue-LS targets high-efficient and selective production of aviation and shipping fuels operating under mild conditions (≤100 ºC, ambient pressure). By leveraging plasma effects—pioneering in room temperature catalysis—and encapsulating hybrid bio-, chemo-, and nano-catalysts within MOFs and digitally structured modules, the project will significantly reduce the energy barriers and boosts process efficiency and selectivity, producing alcohols as fuels and chemicals without the need of additional purification steps.The project’s modular approach allows for the selective synthesis of various alcohols, including ethanol, under sustainable and energy-efficient conditions. +C2Fue-LS encompasses several key objectives, as (I) Development of innovative plasma-, bio-, nano-, and chemo-catalysts, (II) the design of advanced catalyst carriers with controlled active site distribution, (III) advanced characterization by ex- and in- situ/operando techniques for mechanistic understanding, (IV) lab-scale validation of the technology, including safety assessments, (VI) comprehensive environmental, techno-economic, and socio-economic evaluations.All in all, +C2Fue-LS represents a breakthrough technology in CO2 conversion into valuable alcohols as fuels and added value chemicals.|10.3030/101236115|Cluster 5
101223119|STORM|Solar Weather Forecasting Mission|2025-11-01|2028-04-30|0|HORIZON.3.1|HORIZON-EIC-2024-PATHFINDERCHALLENGES-01-05|HORIZON-EIC-2024-PATHFINDERCHALLENGES-01|HORIZON-EIC-2024-PATHFINDERCHALLENGES-01|HORIZON-EIC|In STORM, satellite constellation operation in interplanetary space shall be demonstrated, preferably in a fixed position with reference to Earth, at the example of extending current solar storm warning capabilities by significant factors. Solar storms comprise electrically charged particles typically generated by Coronal Mass Ejections from the sun. Consequences on Earth can be devastating, as all vital systems depending on electricity (GPS, radar, traffic management and financial systems), may be impaired. Even worse damages can be caused in space, leading to complete system failure. The proposed Solar weather forecasting mission (STORM) is intended to extend current warning time of 30-60 minutes by factor up to 5 which will enable authorities to prevent severe damage, e.g., by powering down critical systems.STORM will place a constellation of multiple sensing spacecraft at various positions closer to the sun well beyond L1. The geometric distribution of the SensSats (e.g., a V-shape as proposed in earlier work) will allow for accurate prediction of the time, strength, velocity, and extent of the solar storm. Solar sails are envisioned as a propulsion system to hold the position of the constellation satellites without using propellant mass, and high-efficiency electric propulsion shall be used to carry the small constellation satellites to their final positions. Multiple challenges of optimizing the propulsion system performance clearly beyond current capacities, complex orbit mechanics, communication over long distances in satellites as small as possible to minimize the requirements for the propulsions system, and autonomous operation of the carrier spacecraft will have to be overcome.The proposed work will yield an optimized mission design in terms of number and position of sensing spacecraft and a technology roadmap with clear assessment of technology maturation needed to conduct the final mission.|10.3030/101223119|Other
101223135|C-SINC|Concrete products through sustainable and innovative carbon-storing binders|2025-10-01|2029-09-30|0|HORIZON.3.1|HORIZON-EIC-2024-PATHFINDERCHALLENGES-01-02|HORIZON-EIC-2024-PATHFINDERCHALLENGES-01|HORIZON-EIC-2024-PATHFINDERCHALLENGES-01|HORIZON-EIC|The cement industry is a major contributor to global carbon emissions, primarily due to the reliance on clinker, the main ingredient in traditional cement production. To address the urgent need for decarbonization in construction, our project proposes the development of an alternative binder that integrates CO2-sequestered magnesium-based silicates, such as olivine and pyroxenes, as supplementary cementitious materials (SCMs). This innovative approach not only replaces clinker but also enhances the carbon capture potential of concrete, transforming it into a carbon sink. The project will focus on optimizing the accelerated mineral carbonation process, refining the formulations and performance of these mineralized SCMs, and validating their suitability for large-scale industrial applications. Machine learning models and advanced simulation tools will be employed to design sustainable concrete mixtures and evaluate their performance. The ultimate goal is to reduce the embodied carbon emissions of concrete, while maintaining or improving its structural performance. By leveraging interdisciplinary expertise, we aim to develop a commercially viable binder with lower embodied emissions for the construction industry. This project aligns with the EIC Pathfinder Challenge objectives and contributes to the European Green Deal, Fit for 55, and Circular Economy Action Plan, supporting the EU’s broader mission of achieving carbon neutrality and advancing sustainable building practices.|10.3030/101223135|Other
101257413|HEARTCORE|HUMAN-BASED ADVANCED CARDIAC SAFETY PLATFORM INTEGRATING MULTILAYER CARDIAC ORGANOIDS, MESH MEA, AND AI-BASED PROARRHYTHMIA RISK ASSESSMENT|2026-06-01|2030-05-31|2993436,25|HORIZON.3.1|HORIZON-EIC-2025-PATHFINDEROPEN|HORIZON-EIC-2025-PATHFINDEROPEN|HORIZON-EIC-2025-PATHFINDEROPEN|HORIZON-EIC|Cardiac safety testing still relies on animal models or oversimplified in vitro assays that often fail to predict human outcomes, increasing the risk of drug-induced arrhythmias and delaying drug development. HEARTCORE will integrate physiologically relevant, human heart-forming organoids (HFOs) with a multilayer 3D mesh microelectrode array (mesh MEA) and laser-based optoporation, creating a groundbreaking new platform for cardiotoxicity testing and predicting drug responses in the short and long term.A hiPSC-derived advanced HFO model will include a proper cardiac structure of endocardial, myocardial, and epicardial compartments, including sinoatrial node–like cells for replicating 3D electrophysiological properties of the heart. These organoids will be grown into a biocompatible double-layer mesh MEA to enable non-invasive, high-resolution field-potential recordings, spatial repolarization mapping, and 3D signal propagation analysis over time. Optoporation will provide intracellular-like action potentials, while simultaneous calcium imaging and contraction monitoring will yield multiparametric datasets. To translate the data into actionable insights, we will develop a multi-scale in silico model, merging 3D spatial and temporal electrophysiological signatures with drug-specific effects to simulate proarrhythmic risk and deliver mechanistic predictions beyond current methods.For elevated throughput screening, HEARTCORE will feature an optoporation-compatible high-electrode count MEA system with >1,000 channels in multiwell plates for 3D data acquisition and visualisation across the two mesh layers. Advanced software will create authentic 3D electrophysiological maps, overcoming the limitations of current 2D views.HEARTCORE aims to transform cardiac safety testing—improving risk detection, advancing patient-specific disease modeling, cutting drug development costs, and promoting human-relevant, animal-free in vitro models emulating native-like responses.|10.3030/101257413|Other
101257530|ALERT|MULTIANALYTE DIGITAL SENSING WITH QR-CODE MICRONEEDLES FOR MINIMALLY INVASIVE EARLY DIAGNOSIS OF ALZHEIMER|2026-03-01|2029-02-28|2917386,25|HORIZON.3.1|HORIZON-EIC-2025-PATHFINDEROPEN|HORIZON-EIC-2025-PATHFINDEROPEN|HORIZON-EIC-2025-PATHFINDEROPEN|HORIZON-EIC|"""ALERT introduces a groundbreaking leap in medical diagnostics, redefining in-vivo sensing with a pioneering digital approach. This revolutionary technology centers on multianalyte digital sensing via QR-coded microneedles—engineered for minimally invasive, highly accurate, and real-time measurement of critical disease biomarkers directly from plasma beneath the skin.Seamlessly integrating digital innovation with advanced biomedical sensing, ALERT’s microneedles encode biomarker data into a scannable digital QR code, enabling instant and precise diagnostics. These microneedles operate through a unique binary fluorescence mechanism, switching distinctly """"on"""" or """"off"""" when biomarker concentrations cross predefined clinical thresholds. This digital paradigm eradicates the need for external calibration—a key limitation of traditional analog chemical sensors—ensuring enhanced accuracy, reliability, and ease of use in real-world applications.With a main focus on early detection of Alzheimer’s Disease (AD), ALERT tackles a pressing global health challenge, particularly urgent given the rapidly aging population. AD often remains clinically undetected for 15 to 20 years, making early diagnosis crucial for improving patient outcomes and reducing the immense social and economic burdens of late-stage management. ALERT's approach includes rigorous validation in animal models, well-defined Key Performance Indicators, advanced material synthesis, cutting-edge device fabrication, and proactive risk mitigation strategies.Beyond revolutionizing AD diagnostics, ALERT’s digital QR-code microneedle platform holds vast potential for broader medical applications, including early detection of cancer, sepsis, and infectious diseases. Its adaptability extends even further, with applications in environmental monitoring, precision agriculture, and food safety."""|10.3030/101257530|Other
101257710|GREENDIGO|Biosolutions for Denim Dyeing within the Planetary Boundaries|2026-04-01|2030-03-31|2999145|HORIZON.3.1|HORIZON-EIC-2025-PATHFINDEROPEN|HORIZON-EIC-2025-PATHFINDEROPEN|HORIZON-EIC-2025-PATHFINDEROPEN|HORIZON-EIC|The global denim industry, producing over 3 billion pairs of jeans annually, is one of the most chemically intensive sectors in textiles. Conventional indigo dyeing relies on fossil-derived synthetic indigo and toxic reducing agents such as sodium hydrosulfite, resulting in widespread water pollution, hazardous working conditions, and high energy and chemical input. GREENDIGO aims to revolutionise this process by developing the first fully enzymatic, biobased dyeing method for denim that is scalable, safe, and sustainable. The project will replace conventional indigo with a water-soluble precursor, which can be adsorbed onto cotton fibres under mild aqueous conditions. A specific enzyme will catalyse its in-situ conversion to indigo directly on the fabric, eliminating the need for harmful reductants and enabling a cleaner, circular textile value chain. GREENDIGO will combine cutting-edge enzyme engineering, synthetic biology, and textile chemistry with advanced sustainability assessment to ensure the process is economically viable, environmentally safe, and aligned with planetary boundaries. The project applies the EC’s Safe and Sustainable by Design (SSbD) framework from the outset and integrates life cycle analysis, ecotoxicity testing, and absolute sustainability modelling. Outcomes will be benchmarked against current practices, with particular attention to emissions, resource use, and scalability. If successful, GREENDIGO will lay the scientific and technological foundation for a new class of biosourced textile dyes, enabling the reindustrialisation of denim dyeing under strict environmental standards. The project supports key EU priorities, including the Green Deal, the EU Strategy for Sustainable and Circular Textiles, and zero pollution targets.|10.3030/101257710|Other
101257628|AMFactory|Engineering bioreactor mass production of arbuscular mycorrhizal fungi for European farming|2026-05-01|2029-04-30|2993767|HORIZON.3.1|HORIZON-EIC-2025-PATHFINDEROPEN|HORIZON-EIC-2025-PATHFINDEROPEN|HORIZON-EIC-2025-PATHFINDEROPEN|HORIZON-EIC|Microbial inoculants containing arbuscular mycorrhizal fungi (AMF) are powerful tools in increasing the sustainability of our food production systems. These soil fungi form a symbiotic association with almost all major agricultural crops, acquiring nutrients beyond the nutrient-depleted zone of the rhizosphere to meet plant nutrient requirements, resulting in increased biomass and yield. AMF-colonized plants also show greater tolerance to a/biotic stresses. The production of these inoculants has thus huge economic value. However, current AMF production relies largely on substrate-based cultivation systems with suitable host plants, which is space-demanding, hard to scale-up and prone to carrying unwanted contaminants. An alternative exists with the production of AMF in vitro in root organ cultures (ROC). This method also has some drawbacks. It is labor-intensive, costly, and produces comparatively fewer spores than in the greenhouse. Mass production of AMF at industrial scale is, however, done in ROC, but in countries where labor costs are well below EU salaries. This model is not viable in the EU which is characterized by high salaries and stringent regulations.The ambition of AMFactory is therefore to bridge the gap between the contaminant-free production of AMFs in ROC and their mass-production in bioreactors at low costs, making EU worldwide competitive on the market of AMF bioinoculants. This will be achieved by engineering host roots for enhanced lipid metabolism to fuel the spores (WP1), identify and optimize plant-AMF signaling compounds for optimal colonization (WP2) and enable their low-cost, large-scale biosynthesis via microbial cell factories (WP3). The combination of engineered roots and signaling molecules will be tested and validated using ROC and advanced microfluidics (WP4) and the most promising confirmed in a bioreactor (WP5) with the final objective to produce 108 spores per L in a period of 4 to 6 months, applicable for European farming.|10.3030/101257628|Other
101258189|CarboNcare|CARBON-EFFICIENT BIOPRODUCTION OF CHEMICALS FROM METHANOL|2026-05-01|2030-04-30|3135362,35|HORIZON.3.1|HORIZON-EIC-2025-PATHFINDEROPEN|HORIZON-EIC-2025-PATHFINDEROPEN|HORIZON-EIC-2025-PATHFINDEROPEN|HORIZON-EIC|A major challenge in carbon-based bioproduction is achieving high-yield conversion of carbon feedstocks—such as methanol—into target compounds, while avoiding carbon losses to biomass or CO2 emissions. Current microbial metabolism prioritizes energy and biomass generation, often oxidizing a substantial fraction of carbon as CO2 via respiration, limiting the sustainability of bio-based production systems. CarboNcare proposes a breakthrough solution: a synthetic fermentative metabolism engineered into E. coli and P. putida, which forces methanol assimilation into value-added products without releasing CO2. These strains grow only if they convert methanol into target chemicals, lactate, succinate, and 2,3-butanediol with high stoichiometric yields, ensuring a tight growth-product coupling and preventing evolutionary drift toward biomass overproduction. By bypassing oxidative respiration and instead generating energy through substrate-level phosphorylation and controlled electron transfer to quinones, CarboNcare eliminates the need for CO2-emitting pathways. Electrons are redirected to internal metabolites (e.g. pyruvate, acetyl-CoA), maximizing carbon retention in final products. The system operates under aerobic but non-respiratory conditions, simplifying scale-up, reducing methanol loss, and enhancing process robustness. CarboNcare follows a Design-Build-Test-Learn (DBTL) approach, combining cutting-edge strain design with metabolic rewiring. The project brings together leading European partners: CHA (strain engineering and synthetic metabolism), DTU (systems biology and P. putida engineering), MPI (computational modelling), ULEI (enzyme engineering), CEA (adaptive laboratory evolution), IN and DEC (communication, stakeholder engagement, business modelling), and HES-SO (bioprocess development and scale-up). Together, they will deliver a robust and climate-resilient platform for sustainable methanol-based bioproduction.|10.3030/101258189|Other
101257928|NanoFlash|Cell-targeted Biophotonic Nanoparticles for Vision Restoration|2026-05-01|2030-04-30|2999978,75|HORIZON.3.1|HORIZON-EIC-2025-PATHFINDEROPEN|HORIZON-EIC-2025-PATHFINDEROPEN|HORIZON-EIC-2025-PATHFINDEROPEN|HORIZON-EIC|NanoFlash aims to develop disruptive nano-enabled technology to restore damaged neuronal networks through precise stimulation of specific retinal cells. Focusing on non-genetic reactivation of physiological vision, NanoFlash targets treatment of retinitis pigments (RP) and age-related macular degeneration (AMD), both marked by severe retinal degradation and loss of high-resolution vision. Current retinal prostheses suffer from low resolution and indiscriminate activation of inner retina, while ontogenetic strategies targeting ON-bipolar cells (BCs) face significant limitation in efficacy and translational readiness.Circumventing these challenges, NanoFlash will engineer photovoltaic polymer nanoparticles (NPs) functionalist to target mGluR6 receptors, a unigue hallmark on PN-BCs. Using state-of-the-art modelling and bioelectronic in vitro platforms, the project will drive the rational design and optimisation of NPs, tailoring their size, architecture, spectral sensitivity, and transduction efficiency. Advanced organ-on-chip devices will be developed to screen and validate NP targeting and retinal reactivation performance in retinal organdies and explants. Lead NP candidates will then be tested in rod-cone degeneration rodent models, assessing targeting precision, suspension stability, and visual restoration outcomes. NanoFlash represents a major leap forward in retinal prosthetics by restoring the ON/OFF pathway segregation critical for spatial resolution, contrast sensitivity, and motion detection. This highly interdisciplinary effort will push the frontiers of bio-organic optoelectronics and neurophysiology, providing essential preclinical data toward therapies for currently incurable retinal diseases, addressing a pressing unmet medical need in the EU.|10.3030/101257928|Other
101257982|MECH-QUBIT|MECHanical QUBIT With Enhanced Coherence|2026-02-01|2030-01-31|3072590||HORIZON-EIC-2025-PATHFINDEROPEN|HORIZON-EIC-2025-PATHFINDEROPEN|HORIZON-EIC-2025-PATHFINDEROPEN|HORIZON-EIC|Condensed-matter qubits, such as transmons and spin qubits, benefit from compatibility with silicon-based fabrication, offering a path toward scalable quantum processors that could eventually host millions of qubits. However, despite their scalability, these platforms remain fundamentally limited in coherence, with typical quantum coherence times in the range of 0.01 to 1ms. Here we propose a radically new qubit architecture that encodes quantum information in mechanical vibrations, targeting quantum coherence times in the 1–100ms range. This mechanical qubit is realized by coupling a high-frequency mechanical oscillator to an electron double quantum dot (DQD) qubit. The key to surpassing the coherence of conventional electronic qubits lies in operating within the ultrastrong coupling regime, where the interaction strength between the mechanical and electronic degrees of freedom becomes comparable to the mechanical frequency. In this regime, mechanical nonlinearities at the quantum level emerge, enabling the definition of robust two-level systems with enhanced coherence. The project will demonstrate the mechanical qubit concept using suspended graphene drums integrated with bilayer graphene DQDs and superconducting resonators for readout. These components will be fabricated using all-2D-material van der Waals heterostructures to suppress charge noise and maximize coherence. A tight feedback loop between theory, fabrication, and experiment will guide optimization, enabling systematic identification and mitigation of decoherence sources. As proof-of-concept, we aim to realize coherent control of the mechanical qubit, a two-qubit gate, and force quantum sensing protocols with unprecedented sensitivity. This novel qubit platform opens the path to scalable quantum computing with improved quantum coherence and integrated sensing functionality.|10.3030/101257982|Other
101259077|CHEM-SCAN|HIGH-RESOLUTION FUNCTIONAL OPTICAL IMAGING OF CHEMORESISTANCE|2026-03-01|2030-02-28|2998207,5|HORIZON.3.1|HORIZON-EIC-2025-PATHFINDEROPEN|HORIZON-EIC-2025-PATHFINDEROPEN|HORIZON-EIC-2025-PATHFINDEROPEN|HORIZON-EIC|The development of chemoresistance, i.e. the ability of cancer cells to evade treatment, has become a major challenge for current cancer therapy and significantly contributes to most tumor relapses and deaths. Changes in the way how sub-populations of cancer cells process metabolites have been identified as an indication of tumor chemoresistance: multiple different metabolites were found and identified in several chemoresistant tumors, which are attributed to facilitate tumor cell survival under chemotherapeutic stress. Identifying cells that can resist chemotherapy by adapting metabolite processing is, however, difficult, because this requires assessing the biochemical state of many cells at the single cell level and for multiple metabolites, simultaneously. A key limitation is that currently no single non-invasive platform exists that can be utilized in a highly parallelized fashion to monitor chemoresistance at the cellular and tissue level. CHEM-SCAN will develop novel fluorescent probes for the energetic/reductive state of cells, metabolites, and metabolic indicators that can assess chemoresistance of single cells. These probes will be assessed with highest sensitivity and spatiotemporal resolution by CHEM-SCAN's novel high-speed fluorescence lifetime imaging (FLIM) platform across multiple length scales. This FLIM platform will allow biomedical and clinical researchers to determine and follow the individual responses of human cancer cells to chemotherapy, enabling the assessment of individualized treatment options. Using the platform, alternative options for the individualized treatment of chemoresistant tumors, such as the combination of multiple drugs or the testing of new drugs can rapidly be conducted in-vitro without posing additional burdens on the patient. At the same time, CHEM-SCAN will provide a research platform for the continued quest for a better understanding of chemoresistance and will be able to scale well beyond just this initial target.|10.3030/101259077|Other
101257287|ULTRAPURE|INTEGRATED SOURCES FOR ULTRAPURE OSCILLATIONS FROM ACOUSTICAL TO LIGHT WAVES|2026-02-01|2029-01-31|3054936,25|HORIZON.3.1|HORIZON-EIC-2025-PATHFINDEROPEN|HORIZON-EIC-2025-PATHFINDEROPEN|HORIZON-EIC-2025-PATHFINDEROPEN|HORIZON-EIC|Many high-performance photonics applications with immense potential such as quantum sensing, atomic clocks and THz communications are hindered in their translation from academic research into real-world solutions by the absence of methods to generate oscillations of sufficiently narrow linewidth, high spectral purity and long-term stability in small integrated devices. ULTRAPURE will enable the generation of ultrapure waves in the radiofrequency, microwave, terahertz and optical domain enabled by stimulated Brillouin scattering (SBS) in an integrated thin-film lithium tantalate (TFLT) platform to realise these solutions.Compared to other state-of-the-art materials, TFLT is the first material that promises simultaneous realisation of high SBS gain, narrow linewidth, minimal propagation losses, high integration density and high potential for scalability due to intrinsic material properties such as absence of birefringence, as well as very high optical damage threshold and thermal stability. The high SBS gain in TFLT will be exploited to design chip-scale Brillouin lasers at different wavelengths that achieve a linewidth of around 1 Hz and a side-mode suppression ratio > 40dB, together with additional features such as modulation on-chip. These lasers constitute the basis of the ULTRAPURE applications: A coherent population trapping (CPT) atomic clock that will achieve a stability of <5x10^-13 at 1 s and <2x10^-14 at 1 h, and a volume of 1-3 L, thus overcoming the trade-off between stability and size of current alternatives, and a THz source with linewidths of around 1 Hz, a continuous tuneability from 300GHz to 1 THz, SMSR >50 dB and a precise stabilisation of the generated frequencies. These advances will facilitate breakthroughs in various photonics applications, e.g., leading to the realisation of smart cities, promising substantial benefits for economy, society and environment through high data rate communication and satellite-independent network synchronisation.|10.3030/101257287|Other
101258419|INTEGRAL|INTEGRATED PHOTONICS FOR SIGNAL PROCESSING AND LASERS TOWARDS THE NEXT GENERATION OPTICAL COHERENCE TOMOGRAPHY|2026-03-01|2029-02-28|2999500|HORIZON.3.1|HORIZON-EIC-2025-PATHFINDEROPEN|HORIZON-EIC-2025-PATHFINDEROPEN|HORIZON-EIC-2025-PATHFINDEROPEN|HORIZON-EIC|Optical Coherence Tomography (OCT) is a powerful and scalable imaging platform, indispensable in ophthalmology and increasingly relevant in dermatology, cardiology, and industrial inspection. Yet its broader potential remains constrained by the lack of real-time en-face visualization and reliance on bulky, high-cost hardware.INTEGRAL addresses these challenges by rethinking OCT architecture from source to signal, introducing integrated photonic technologies that eliminate long-standing bottlenecks.At its core are two breakthrough innovations: a Down-conversion Leader-Follower (DLF) photonic processor that performs direct optical-domain signal processing without FFT or resampling, and an Akinetic Dispersive Laser (ADL) providing fast, stable, compact swept-source illumination with no moving parts. Implemented as photonic integrated circuits, these components enable real-time, multi-depth en-face imaging at sweep rates beyond 5 MHz—an order of magnitude faster than today’s commercial systems.INTEGRAL targets two key OCT wavelength bands—1060nm for deep tissue penetration and 840nm for high-resolution imaging—delivering a compact, modular engine compatible with current and next-gen systems. By eliminating the need for highspeed digitization and enabling instant visual feedback, INTEGRAL unlocks new applications across ophthalmology, surgery, dermatology & industrial inspection.The project brings together world-leading expertise in photonic integration, OCT, and medical device manufacturing in a high-risk, high-gain initiative that aims to rewrite the technological foundations of medical imaging. If successful, INTEGRAL will enable widespread OCT adoption not just in clinics, but also in general practices, pharmacies, and even homes—supporting accessible health monitoring. This lays a strong foundation for post-project commercial exploitation and TRL scaling, establishing a sovereign EU supply chain and leadership in a high-value, fast-growing global market.|10.3030/101258419|Other
101259183|NEQIOS|Neuromorphic Quantum-Inspired Optimization and Simulation|2026-03-01|2031-02-28|3358894,25|HORIZON.3.1|HORIZON-EIC-2025-PATHFINDEROPEN|HORIZON-EIC-2025-PATHFINDEROPEN|HORIZON-EIC-2025-PATHFINDEROPEN|HORIZON-EIC|NEQIOS introduces a radically new approach to solving complex computational problems that resist efficient solution on existing digital or quantum systems. We propose a compact neuromorphic platform that physically emulates key quantum properties, such as annealing, tunnelling, and superposition, without relying on fragile quantum states. Instead, NEQIOS integrates analogue in-memory computing (AIMC), integrated photonics (IPC), and reconfigurable nonlinear computing (RNC) in a high-performance system-on-package design.This innovation is urgently needed. From materials discovery to logistics and drug design, society faces NP-hard problems that scale exponentially. Quantum computers offer promise, but current systems – operating at cryogenic temperatures and requiring large infrastructure – remain costly, slow, difficult to scale and prohibitive for use on edge devices. NEQIOS offers a robust, room-temperature alternative that drastically reduces energy use (below 1 mW) and solution time (microseconds), while achieving solution quality on par with quantum annealers.NEQIOS’s key breakthrough lies in decomposing energy-based models into fine-grained computational primitives, each mapped to a dedicated physical substrate. AIMC performs high-throughput vector-matrix operations, IPC ensures precision and low-latency signal flow, and RNC handles nonlinear, adaptive function approximation. Together, these components form a physical solver capable of mimicking quantum behaviour with unmatched efficiency and scalability.NEQIOS is driven by a world-class European consortium with deep expertise in neuromorphic computing, photonic hardware, and analogue systems. With IBM Research Europe, Radboud University, University of Heidelberg, Enlightra, University of Oxford, and University of Twente, we unite technical excellence and a bold vision to deliver a transformative computing paradigm, aligned with Europe's semiconductor strategy and future demands in AI, science and industry.|10.3030/101259183|Other
101259068|DRIVIN CAR|DRIVIN' CAR: Developing robust in vivo nanomedicine-based chimeric antigen receptor technology|2026-03-01|2030-02-28|3000347,5|HORIZON.3.1|HORIZON-EIC-2025-PATHFINDEROPEN|HORIZON-EIC-2025-PATHFINDEROPEN|HORIZON-EIC-2025-PATHFINDEROPEN|HORIZON-EIC|DRIVIN’ CAR aims to transform immunotherapy by developing a scalable, cost-effective platform for in vivo generation of chimeric antigen receptor (CAR) immune cells. Using proprietary apolipoprotein nanoparticle (aNP) platform technology, DRIVIN’ CAR pursues robust CAR monocyte/macrophage (CAR M) and CAR T cell therapy. Owing to their biocompatibility and natural tropism for myeloid cells, aNPs are excellently suited for in vivo CAR M therapy. For efficient in vivo T cell targeting, aNPs can be modularly surface-functionalized with apolipoprotein fusion proteins.The Program’s aNP platform technology addresses key limitations of current CAR therapies that prevent widespread implementation. It simultaneously tackles high treatment costs, complex ex vivo manufacturing procedures, and poor performance in solid tumors of conventional CAR cell therapy. The aNP platform also overcomes challenges associated with emerging in vivo approaches, such as limited specificity and safety risks.By combining advanced bioengineering, high throughput manufacturing, library screening approaches and in vivo validation, DRIVIN’CAR brings together world-leading experts to deliver a unique and versatile platform for in vivo CAR therapies with real clinical impact.This Program’s successful completion will advance the aNP platform to TRL 4.  Besides enabling in vivo CAR immune cell therapy for cancer treatment, the aNP platform has significant translational potential and pertinency for applications in non-malignant diseases such as autoimmune disorders and cardiovascular disease.|10.3030/101259068|Other
101223249|2D-ADDICT|TWO-Dimensional materials for ADvanced DevIces and  low-power CompuTing|2025-11-01|2028-10-31|0||HORIZON-EIC-2024-PATHFINDERCHALLENGES-01-04|HORIZON-EIC-2024-PATHFINDERCHALLENGES-01|HORIZON-EIC-2024-PATHFINDERCHALLENGES-01|HORIZON-EIC|The grand challenge facing the electronics industry is to find technical solutions that will allow power consumption to be reduced while at the same time increasing the performance and functionalities of electronic chips in the medium to long term (i.e., 10-15 years from now). From an industrial point of view, the way is already paved: the main semiconductor manufacturers (INTEL, Samsung, TSMC) have indeed announced that the next 2 nm technology node (N2) will be realized through the Nanosheet (NS) technology, which represents the next technological leap after the FinFET. The continuation of Moore's Law depends on the ability to further scale the device footprint, which requires the reduction of nanosheet thickness. In this scenario, the 2D-ADDICT project aims to revolutionize nanoelectronics by developing the next generation of energy-efficient devices based on two-dimensional materials (2DMs). These devices will serve as the foundation for smart edge technologies, offering ultra-low power consumption while maintaining high performance. By exploiting the unique properties of 2DMs, such as atomic scale thickness, high carrier mobility and excellent electrostatic control, the project addresses key limitations of traditional semiconductor technology. The 2D-ADDICT project aims to unleash the full potential of 2DMs for the next generation of advanced electronic switches (More Moore), as well as to capture the opportunities offered within the More than Moore paradigm by leveraging 2DMs' compatibility with CMOS technology and their limited thermal budget, compatible with the back-end of line (BEOL) for in-memory processing, opening new avenues for improved circuit density, including novel Non-von Neumann Architecture.|Low-power electronics, two-dimensional materials, nanosheet transistors|Other
101259018|OutMARCH|OutMARCH-ing cancer: Towards innovative membrane protein degrader modalities for cancer treatment|2026-05-01|2030-04-30|2999050|HORIZON.3.1|HORIZON-EIC-2025-PATHFINDEROPEN|HORIZON-EIC-2025-PATHFINDEROPEN|HORIZON-EIC-2025-PATHFINDEROPEN|HORIZON-EIC|The OutMARCH project pioneers a paradigm-shifting protein degradation technology aimed at transforming the therapeutic landscape for cancer and beyond. By engineering a novel class of bispecific antibodies—SureTACs—that harness membrane-bound E3 ubiquitin ligases to selectively degrade disease-driving surface proteins. This groundbreaking lysosomal-targeting approach offers greater selectivity, durability, and breadth than conventional blocking therapies and, moreover, enables the targeting of previously 'undruggable' proteins. Central to our innovation is the utilization of the MARCH family of membrane-bound E3 ligases—an unconventional class of enzymes with remarkable substrate promiscuity and cancer-selective expression profiles. These properties make MARCH E3s ideal effectors for tissue-specific protein degradation, reducing off-target toxicity and overcoming treatment resistance. To unlock their therapeutic potential, we will develop a modular platform combining antibody engineering, innovative screening technologies, and machine-learning-guided design. The result will be a new class of biologics that direct the body’s own cellular machinery to dispose of harmful proteins.Our initial focus is on two urgent oncology needs: therapy-resistant B-cell lymphomas and difficult-to-treat gastrointestinal cancers. Both cancer types rely on critical cell surface signaling hubs that evade traditional drug targeting. By degrading cancer-driving proteins at the cell surface, we aim to drive tumor-specific protein elimination to achieve durable anti-cancer effects. Using AI-guided antibody design and optimized E3-target pairing screens, OutMARCH will establish the first programmable, modular membrane degrader platform. While currently focused on oncology, this platform has broad potential across autoimmunity, transplantation, and chronic inflammation—paving the way for a new era of programmable degradation in precision medicine.|10.3030/101259018|Other
101257985|SuperICQ|Superconducting Integrated Circuits for Scalable Quantum Systems|2026-03-01|2030-02-28|2998012,75|HORIZON.3.1|HORIZON-EIC-2025-PATHFINDEROPEN|HORIZON-EIC-2025-PATHFINDEROPEN|HORIZON-EIC-2025-PATHFINDEROPEN|HORIZON-EIC|Superconducting circuits based on Josephson junctions (JJs) are the cornerstone of quantum and classical cryogenic electronics, which is an active topic of research and technological development. Conventional JJs rely on electric current or magnetic flux control, which is far less practical as compared to the voltage control used in conventional field-effect transistors underpinning the modern semiconductor industry. Thus, the realisation of scalable gated JJs with local electrostatic control - Josephson field-effect transistors (JoFETs) - is expected to kick off a new era in quantum computing hardware and ultra-fast and low-power computing in the fields of artificial intelligence (AI) and high-performance computing (HPC). Moreover, JoFET technology can provide ultra-low-power superconducting integrated circuits (ICs) for qubit control and readout, unachievable by conventional silicon electronics, to support and enable the ongoing quantum computing revolution.Despite the proof-of-concept demonstrators of JoFETs in various material platforms, reported since the 1980s, the technology has not advanced to the IC level. Empowered by the unique scalable fabrication process for graphene-based JoFETs recently demonstrated by SuperICQ members, we will develop a 200 mm wafer platform for truly scalable superconducting JoFET integrated circuits. With our platform, individual modules will be developed, such as quantum-limited parametric amplifiers, on-chip filters, ultra-sensitive microwave bolometers, voltage-tunable resonators, and multiplexed control and readout modules for scalable interfacing of superconducting qubits. We will validate the developed JoFET ICs by using them for the control and readout of state-of-the-art superconducting qubits. Our project’s ultimate goal is to demonstrate a novel path toward ultra-low-power electronics for scalable control, readout, and interfacing of superconducting quantum computers and advance toward future quantum systems-on-a-chip.|10.3030/101257985|Other
101258941|HeartVision|Illuminating new paths in heart failure therapy|2026-07-01|2030-06-30|3998796,25|HORIZON.3.1|HORIZON-EIC-2025-PATHFINDEROPEN|HORIZON-EIC-2025-PATHFINDEROPEN|HORIZON-EIC-2025-PATHFINDEROPEN|HORIZON-EIC|HeartVision is an ambitious high-risk, high-gain project that aims to unlock real-time, in vivo 3D microscopy of beating hearts and engineered heart tissues (EHTs) at cell-scale resolution – even deep within tissue folds.Heart failure is the leading cause of death worldwide, and today, there is no curative therapy for it. EHT transplantation offers hope, but we currently lack tools to assess its effectiveness in real time. Critical questions remain unanswered: Where do transplanted cardiomyocytes go? How do they integrate? When do they start contributing to heart function? Today, even imaging cells deep within therapy-scale EHTs is not possible - let alone in a beating heart.HeartVision will generate multiple IPs with potential in current and future clinical and biotech markets, while ensuring open access to key scientific breakthroughs. It strikes a bold balance between innovation exploitation and open science dissemination.HeartVision will realize the dream of cell-scale imaging in living organs and put it in the hands of therapy developers, reshaping how we see, study, and treat heart failure and beyond.|10.3030/101258941|Other
101257934|AI-RITMIA|AI-assisted peRsonalized heart-on-chIp as advanced diagnostic Tool for clinical significance assessMent of Inherited cArdiomyopathies|2026-08-01|2029-07-31|2999935|HORIZON.3.1|HORIZON-EIC-2025-PATHFINDEROPEN|HORIZON-EIC-2025-PATHFINDEROPEN|HORIZON-EIC-2025-PATHFINDEROPEN|HORIZON-EIC|Inherited cardiomyopathies (iCMPs) are a major causeInherited cardiomyopathies (iCMPs) are a major cause of heart disease and account for a significant percentage of deaths in young patients. While recent advances in next-generation sequencing have enabled testing of a large number of genes related to iCMPs, the rate of identification of pathogenic variants is still below 50%. On the other hand, this unprecedented sequencing power has led to an exponential increase in detecting novel unclassified genetic variants (VUS), for which pathogenicity has not been confirmed. VUS uncertainty of diagnosis poses important problems in clinical evaluations, therapeutic decisions and risk-assessment both for patient and family members.The AI-RITMIA Consortium proposes a breakthrough innovation to establish a conclusive link between specific VUSs and CMPclinical phenotypes, yielding to the development of an unprecedented technological platform: a radically new AI-guided patient-specific heart-on-chip diagnostic tool (AI-RITMIA) will be able to interface for the first time three currently diverging sectors: patient specific in vitro modelling, in silico and artificial intelligence (AI) based data handling and clinical evaluation. AI-RITMIA will be the first clinical grade personalized in vitro-in silico platform enabling faster and unbiased correlations of clinical outcomes with functional in vitro profiling for VUS-carrying patients, returning a pathogenicity score directly to the clinicians to unlock informed diagnosis and therapeutic decisions. The achievement of such innovation will leverage on enabling technologies and resources uniquely available in the Consortium, which brings together excellences from the three interfacing worlds: 1) in vitro models based on OoC and microsensors @POLIMI, @BIOMIMX, @NMI and patient-specific iPSCs @ICH; 2) the largest EU cohort of well characterized CMP patients @COCHIN, and 3) clinical grade AI-based data handling interfaces @TUM, @ADVICE.|10.3030/101257934|Other
101259117|REMMIA|REcycling perManent Magnets: an Innovative Approach|2026-03-01|2030-02-28|2991615,75|HORIZON.3.1|HORIZON-EIC-2025-PATHFINDEROPEN|HORIZON-EIC-2025-PATHFINDEROPEN|HORIZON-EIC-2025-PATHFINDEROPEN|HORIZON-EIC|Rare earth elements (REE) are crucial for modern technology, used in batteries, smartphones, electric cars, wind generators, industrial robots, military drones, and medical imaging. Demand for REE in permanent magnets is expected to increase tenfold by 2050. The four magnetic elements Pr, Nd, Dy, Tb account for over 90% of the total value of extracted rare earths. The current processing from mining to magnet manufacture involves costly and environmentally challenging steps. Our project, REMMIA, focuses on finding new recycling solutions for the most critical and least recycled materials in the EU, offering a sustainable alternative to harmful mining processes. We aim to develop a novel fundamental approach to improve the efficiency and flexibility of chemical separations needed to recycle REE permanent magnets. By combining 3d-4f and 4f-4f metal separation based on magneto-electrodeposition and antisolvent extraction, we propose a synergistic blending of two innovative approaches to achieve a technological breakthrough on fine local control of oxide nucleation and precipitation. This can be applied to recycling batches of feedstock of variable size, purity, or composition, and ultimately to raw material processing, utilizing about 25% of annual magnet production available for recycling. We expect to recover over 90% of REEs with more than 99% purity in five cycles, compared to 50-100 cycles in conventional methods, thus saving time and money and allowing to recover 25% of EU's annual REE demand from recycled sources. Our consortium is composed of renowned scientists in magnetism, electrochemistry, and hydrometallurgy, and two promising SMEs, which will be key to our success.|10.3030/101259117|Other
101256857|ULYSSES|Ultrasensitive Luminescence-based Yeast Sensors for Specific Early Cancer Sensing|2026-05-01|2029-04-30|2991106,25|HORIZON.3.1|HORIZON-EIC-2025-PATHFINDEROPEN|HORIZON-EIC-2025-PATHFINDEROPEN|HORIZON-EIC-2025-PATHFINDEROPEN|HORIZON-EIC|ULYSSES is a pioneering project aimed at developing a non-invasive, portable, and user-friendly biosensor for the early detection of breast and prostate cancers through urine analysis. Its core vision is to identify cancer-related volatile organic compounds (VOCs) and develop a biotechnological device for their detection in urine. The innovation lies in mimicking the extraordinary olfactory system of the nematode Caenorhabditis elegans, which can distinguish cancerous from healthy urine with over 90% accuracy. This ability is mediated by a large repertoire of olfactory receptors (ORs) expressed on specialized sensory neurons. ULYSSES replicates this sensing capacity in a synthetic biology framework by introducing selected C. elegans ORs into engineered yeast (Saccharomyces cerevisiae). These ORs are functionally coupled to a bioluminescence resonance energy transfer (BRET)-based biosensing construct. Upon binding cancer-associated VOCs, conformational changes in the ORs trigger measurable BRET signal shifts, serving as indicators of cancer-specific profiles with nanomolar sensitivity. In parallel, urine VOCs will be analysed via gas chromatography–mass spectrometry (GC-MS). Machine learning will be applied to the spectral data to identify key compounds that differentiate cancer from healthy samples and link them to specific OR activation profiles. Engineered yeast biosensors, each with a distinct OR-BRET construct, will be arrayed on a disposable device. Upon urine exposure, BRET signal changes will be recorded and interpreted via an AI algorithm trained on activation heatmaps. This enables the identification of cancer-related patterns with high sensitivity and specificity. Feasibility is ensured by the convergence of expertise within a strongly interdisciplinary consortium. ULYSSES lays the foundation for a versatile diagnostic platform with broad applications in health monitoring and personalized medicine, with strong potential for societal and healthcare impact.|10.3030/101256857|Other
101259120|FeROS|Prodrugs oF antiparasitic RedOx-active compoundS|2026-03-01|2030-02-28|3046491,25|HORIZON.3.1|HORIZON-EIC-2025-PATHFINDEROPEN|HORIZON-EIC-2025-PATHFINDEROPEN|HORIZON-EIC-2025-PATHFINDEROPEN|HORIZON-EIC|With 600,000 deaths per year, malaria remains the most devastating parasitic disease for humans. The efficiency of artemisinin-based combination therapy, the spearhead of malarial treatment, is now threatened by the development of drug resistant parasites displaying enhanced transmission potential to mosquitoes. Chagas disease, leishmaniasis and schistosomiasis are neglected tropical parasitic diseases that are considered as the greatest missed opportunities atop the priorities for WHO. The FeROS project is based on the discovery of promising non-quinonoid chemotypes as precursors of 3-benzylmenadiones, with specific antiparasitic profiles depending on the substitution pattern. FeROS will follow convergent and complementary objectives: (i) to develop innovative and specific antiparasitic prodrugs in specific series of optimized drug-candidates to reach total cures in infected animal models for four human parasitic diseases, (ii) to extend the concept to animal health, (iii) to draw structure-activity relationships in in vitro and in vivo parasite assays, (iv) to build innovative chemical tools to visualize the release of active principles under ROS fluxes, in living parasites upon drug treatment, (v) to decipher the molecular and cellular mechanisms that underlie prodrug antiparasitic activities and selectivity. FeROS is built on the multidisciplinary expertise of 7 laboratories from France, Belgium, Switzerland and USA. In an interdisciplinary approach, we will combine a large set of expertise, ranging from medicinal chemistry, physico(bio)chemistry, proteomics to parasite genetics and molecular and cellular parasitology to optimize the antiparasitic non-quinonoid prodrugs of 3-benzylmenadiones, to unravel their mode of action and take them to early clinical studies.|10.3030/101259120|Other
101258103|PROPANTHERA|Retrograde atrophy induction: a paradigm shift in prostate and  pancreatic cancer prevention and therapy.|2026-03-01|2029-02-28|3140625|HORIZON.3.1|HORIZON-EIC-2025-PATHFINDEROPEN|HORIZON-EIC-2025-PATHFINDEROPEN|HORIZON-EIC-2025-PATHFINDEROPEN|HORIZON-EIC|Pancreatic cancer (PaC) is a leading cause of cancer-related death in the Western world and its incidence is increasing. Prostate cancer (PrC) is the 2nd most frequent cancer in men and the 5th leading cause of death globally. These tumors arise in exocrine glands with secretory ducts. Standard treatments like the Whipple procedure or radical prostatectomy are aggressive and carry significant morbidity. PROPANTHERA proposes a first-in-class, minimally invasive alternative: targeted radiofrequency ablation (RFA) of exocrine ducts to induce localized retrograde atrophy leading to functional elimination of preneoplastic lesions and tumors. This breakthrough is enabled through the design of novel ultra-miniaturized catheters developed by world leaders in bioengineering and surgical oncology, enhanced by key expertise in state-of-the-art genome editing and genomic biology tools. The project builds on strong prior evidence in mice and uses tools ready for translation. Preclinical validation will use genetically engineered swine models mimicking human KRAS/TP53-driven and BRCA2-associated pancreatic cancer. For the first time, we will ablate lobular structures in the pancreas and the prostate in vivo, offering a precision medicine, organ-preserving approach.PROPANTHERA pioneers a paradigm shift: replacing resection with precision-guided atrophy. This approach will reduce complications, costs, and recovery time. Its impact will be highest in high-risk patients and those unfit for surgery. PROPANTHERA will not only redefine the treatment of PaC and PrC but it will also inaugurate a new class of organ-preserving interventions for a wider range of malignancies. The new medical devices, with a clear path to CE marking, and the strong biology to guide further refinement align with EU missions to reduce cancer burden and foster innovation to impact on survival.|10.3030/101258103|Other
101258353|PHINDER|Picosecond-scale Photonic Heterogeneous Integrated Neuromorphic Detector|2026-04-01|2030-03-31|3129503,75|HORIZON.3.1|HORIZON-EIC-2025-PATHFINDEROPEN|HORIZON-EIC-2025-PATHFINDEROPEN|HORIZON-EIC-2025-PATHFINDEROPEN|HORIZON-EIC|Advanced applications—ranging from 5D-imaging particle detectors and proton beam therapy computed tomography, to adaptive chemical process control—generate vast streams of optical data. Whether produced by particle interactions in scintillator materials or by spatiotemporal chemical variations captured in sensor arrays, these data require compression and sub-nanosecond, energy-efficient processing within an integrated system enhanced by artificial intelligence (AI)—capabilities that current technologies cannot deliver. PHINDER’s ambitious goal is to deliver disruptive hardware innovations enabling sub-nanosecond monitoring and real-time data analysis, addressing the unmet needs of next-generation imaging, sensing, and control technologies. PHINDER pioneers a new class of optoelectronic devices that combine picosecond-scale detection with on-chip intelligence by advancing the state of the art in: (i) optoelectronic neuromorphic algorithm-hardware co-design and (ii) multiscale integration of III-V semiconductor nanowire neuromorphic circuits and sensor arrays with programmable on-chip InP photonic integrated circuits. A transdisciplinary team with access to leading cleanroom and high-performance computing facilities will integrate early-stage research components into radically new chip architectures delivering (1) sub-100 ps temporal resolution and latency, (2) ultra-low-energy photonic interconnects below 1 fJ per spike, and (3) unprecedented spatiotemporal resolution beyond current state-of-the-art systems. This high-risk, high-gain vision of a sub-nanosecond event camera with on-chip intelligence addresses Europe’s critical need for low-energy, ultrafast data processing and AI at the edge. By leveraging Europe’s strengths in photonics, PHINDER will enable transformative applications in fundamental science, biomedical technology, chemical processing, and high-speed production—contributing to sustainability, competitiveness, and strategic autonomy.|10.3030/101258353|Other
101284471|NEOMAG|UNLOCKING INNOVATION OPPORTUNITIES IN MECHANOBIOLOGY AND MECHANOMEDICINE|2026-03-01|2029-02-28|0|HORIZON.3.1|HORIZON-EIC-2025-TRANSITIONOPEN|HORIZON-EIC-2025-TRANSITIONOPEN|HORIZON-EIC-2025-TRANSITIONOPEN|HORIZON-EIC|Mechanical forces critically shape processes such as stem cell differentiation, cancer invasion, and tissue repair, yet most experimental and drug development platforms fail to capture this dimension. The lack of technologies that reproduce physiologically relevant mechanics hinders both fundamental discovery and the design of effective therapies. NeoMag EIC Transition focuses on validating the first AI-guided magneto-mechanical platform that can precisely program, sense, and control the mechanical microenvironment of living tissues under high-resolution microscopy. Our mission: Revolutionize biomedical research to spark new scientific and therapeutic possibilities. Our integrated hardware will produce stable, high-frequency, spatially resolved deformation fields; calibrated mechanical consumables that translate actuation into reproducible tissue-level cues; and a hybrid physics+AI control stack that learns inverse mappings from desired cellular responses to actuation patterns.60ND is the lead and UC3M participates as affiliate entity. As a UC3M spin-off, 60ND holds an exclusive license to the UC3M patent, including rights to further develop the technology andits commercialization. The team blends mechanobiology, smart materials, and data/AI with venture and startup experience, ensuring rigorous validation, stakeholder engagement with reference laboratories, and credible post-project pathways.Initial early adopters that will be pursued during this project are research labs, biotech/pharma, and CROs in organs-on-chip, regenerative medicine, and oncology, segments with clear pain points and strong purchasing power. A RUO-first pathway, an ISO-aligned QMS foundation, and an IP/FTO strategy anchored in our exclusive UC3M license de-risk market entry and scale-up. The result is to validate a compelling venture case: a defensible technology platform, clear unit economics via recurring consumables/software, and a credible path to partnerships and distribution.|10.3030/101284471|Other
101292269|PARADISE|PlAsma technologies for Remediation of Air for a cleaner environment by Development of Innovative microwave Sintered Electroceramics|2026-03-01|2028-04-30|0|HORIZON.3.1|HORIZON-EIC-2025-TRANSITIONOPEN|HORIZON-EIC-2025-TRANSITIONOPEN|HORIZON-EIC-2025-TRANSITIONOPEN|HORIZON-EIC|PARADISE introduces an innovative cold plasma-based technology for industrial-scale air depollution, going beyond traditional and emerging methods. Its disruptiveness lies in a new core of the plasma reactor, a patented electroceramic discharge barrier. This breakthrough shifts the paradigm from incremental improvements to a new product, turning cold plasma from an academic promise into an industrial reality with a robust, scalable, and sustainable solution for air purification.The transition from TRL4 to TRL6 and market readiness builds on advances from the EU CEM-WAVE H2020 Project, which enabled pre-industrial manufacturing of large electroceramic components via Microwave Sintering (MWS). MWS is expected to overcome the limits of conventional sintering and Spark Plasma Sintering (SPS). The main risk concerns achieving homogeneous porosity in components; to mitigate this, a hierarchical approach is planned: full exploitation of MWS with SPS as a fallback.The electroceramic components will be integrated into two demonstrators: an agri-food site and an indoor healthcare pilot. The technology delivers cleaner air with lower energy demand, no consumables, and no secondary pollution transfer, offering a durable alternative to filters or adsorption systems.By fostering high-value manufacturing jobs and positioning Europe as a leader in clean-air innovation, PARADISE strengthens EU technological sovereignty and supports sustainable growth. Commercial success is ensured as the solution addresses urgent regulatory needs and a vast industrial air purification market, projected at €30B by 2033.|10.3030/101292269|Other
101291297|FALQON|Fast photonic integrated circuits for continuous-variable quantum key distribution|2026-05-01|2029-04-30|0|HORIZON.3.1|HORIZON-EIC-2025-TRANSITIONOPEN|HORIZON-EIC-2025-TRANSITIONOPEN|HORIZON-EIC-2025-TRANSITIONOPEN|HORIZON-EIC|Cybersecurity is at a crossroads. Across Europe and globally, critical sectors such as finance, healthcare, energy, and government face increasing risks from data breaches and looming threats posed by quantum computing. Traditional encryption methods, once considered unbreakable, are now vulnerable to “harvest now, decrypt later” attacks, where stolen data can be unlocked as soon as quantum technologies mature. With cybercrime already costing the global economy trillions of euros each year, the need for new forms of secure communication has become urgent.The FALQON project responds to this challenge by advancing a new generation of quantum key distribution (QKD) technology that can safeguard sensitive information in the post-quantum era. The project will develop compact photonic integrated circuits for transmitter and receiver that combine quantum security with the scalability and affordability of semiconductor manufacturing. Over three years, FALQON will transform existing laboratory results into integrated chip-based prototypes, validate the QKD system performance in a relevant environment, demonstrate the system in a real network environments, and engage potential users to ensure alignment with market needs. By uniting cutting-edge research with a clear path to deployment, FALQON will establish the foundation for Europe’s leadership in quantum-secure communication. Its results will strengthen digital sovereignty, reduce reliance on non-European suppliers, and protect the data that underpins our societies, economies, and citizens’ trust.|10.3030/101291297|Other
101287726|SpeedAPP|HIGH SPEED AI-DRIVEN ENGINEERING SIMULATIONS FOR ADVANCED PRODUCT DEVELOPMENT|2026-04-01|2028-11-30|0|HORIZON.3.1|HORIZON-EIC-2025-TRANSITIONOPEN|HORIZON-EIC-2025-TRANSITIONOPEN|HORIZON-EIC-2025-TRANSITIONOPEN|HORIZON-EIC|New product development is crucial for companies to maintain a competitive edge. Over the next 5 years, one-third of revenues in industries in sectors like automotive, energy, aerospace, and manufacturing is forecasted to come from new products, translating to €30 trillion in value. At the core of product development is numerically solving complex partial differential equations (PDEs) for heat transfer, elasticity, fluid flow. etc. While established methods such as finite element analysis (FEA) offer high precision, their computational cost rises rapidly with problem complexity.The SpeedAPP innovation is a result of the ARGOS project by SISSA, from which FAST Computing spun off. SpeedAPP harnesses reduced order modelling (ROM) and neural operators to accelerate the simulation process, while maintaining high accuracy level. Neural operators enable real-time prediction of solutions by directly mapping initial and boundary conditions to the desired output fields, drastically reduces computational costs. SpeedAPP thus provides a 100x to 250x speedup compared to traditional numerical simulation methods, such as FEA, which are still widely used across industries.Compared to other ROM and neural operator solutions, SpeedAPP’s novelty lies in our graph neural operators (GNOs), which are highly generalizable. The generalizability is enabled by our breakthrough approach of a fully Bayesian, scalable, and accurate autoregressive model and message passing.Through PoC validations with several industrial partners, SpeedAPP showed the potential for 60% shorter product design cycles, 20-25% reduction in material usage and product costs, and manufacturing processes with 20% less energy use. EIC Transition support will enable us to bring our impactful solution closer to market. In this project we will advance the technology’s maturity, validate the business model, and engage additional potential customers and channel partners in preparation for commercialization.|10.3030/101287726|Other
101288208|TAILOR|Fine-Tuning AI Foundation Models for Client-Tailored Long-Range Weather Forecasts|2026-04-01|2028-09-30|0|HORIZON.3.1|HORIZON-EIC-2025-TRANSITIONOPEN|HORIZON-EIC-2025-TRANSITIONOPEN|HORIZON-EIC-2025-TRANSITIONOPEN|HORIZON-EIC|Beyond Weather is the first to successfully fine-tune AI weather Foundation Models (FoMos) delivering a demonstrated accuracy improvement on European forecasts 2-6 weeks ahead. This breakthrough transforms weather prediction from one-size-fits-all to client-tailored models. The latest AI FoMos outperform state-of-the-art numerical weather prediction models in both accuracy and speed, making them ideal for tailored forecasts and early warning of extreme events. Beyond Weather tested early versions of its proprietary forecasts in energy and agricultural markets with striking results (e.g. +20% ROI for traders) revealing the commercial power of our technology.In TAILOR, we aim for a paradigm shift in weather forecasting by pushing our prototype technology into three forecast products, each addressing specific customer needs 1) reliable forecasts 2-6 weeks ahead, 2) client-specific risk and opportunity insights, and 3) clients’ ability to self-create and manage fine-tuned models. While the weather AI market focuses on general-purpose models, our framework enables clients to build their own models—turning forecast consumers into forecast creators. Europe’s rapidly growing renewable energy sector  is  a major business opportunity for bespoke weather models. The flexibility of our product ensures clear scale within the energy sector and beyond. Beyond Weather’s ambition is becoming the leading European provider of weather forecasts weeks to months ahead. Such long-lead forecasts are urgently needed to adapt to escalating climate impacts, with weather losses amounting over $2 trillion over the last decade. With a rapidly growing AI-based forecasting market - currently dominated by American startups and Big tech - Beyond Weather aims at delivering trustworthy and explainable AI solutions for a critical sector, supporting Europe’s energy transition, AI and tech sovereignty, and adaptation to climate impacts.|10.3030/101288208|Other
101290742|ELISET|Emission Lifetimes technology for sorting, Security and Traceability|2026-07-01|2029-06-30|0|HORIZON.3.1|HORIZON-EIC-2025-TRANSITIONOPEN|HORIZON-EIC-2025-TRANSITIONOPEN|HORIZON-EIC-2025-TRANSITIONOPEN|HORIZON-EIC|Plastic waste is a clear and present danger to life—polluting ecosystems, entering food chains, and draining value from our economy. Today’s sorting systems recover too little, too impure, and too expensively. Our project proposes a new end-to-end system that turns plastic waste into a reliable, low-cost secondary raw material by making every item machine-readable at birth and machine-separable at end-of-life.We will develop lifetime-based coding using silicon quantum dots (SiQDs): invisible markers embedded at parts-per-million that are safe, tunable, and produced from abundant silicon. Unlike color-only tracers, our codes exploit emission lifetimes, unlocking a vast, robust coding space at ultra-low doses and enabling rapid time-gated detection on fast conveyor belts. Combined with the innovative industrial sorting platform being developed by our partner Polysecure, our approach will separate plastics not only by polymer but also by grade and prior use (e.g., food vs. non-food), creating pure, high-value streams ready for closed-loop recycling.What we will do: (i) scale reproducible, high-brightness SiQD formulations and masterbatches/inks; (ii) engineer compact, low-cost lifetime readers; (iii) integrate markers into commercial materials without altering performance or appearance; (iv) pilot at industrial facilities to demonstrate >99% purity streams, cost reductions per ton, and strong LCA gains; and (v) verify compliance for sensitive applications, including food contact.This is a highly ambitious project with transformative upside. If we succeed, the gains will be immense: cheaper, higher volumes of higher-quality recycled plastics for converters and brands to boost a 100% European-made circular economy; major CO2, pollution, and landfill reductions for society. Our vision is simple: code every product once, sort it right every time, and make plastic waste a valuable resource again.|10.3030/101290742|Other
101291374|PROMPT|Proficient Robotic Operation for Minimally-invasive Procedural Treatment|2026-04-01|2029-03-31|0|HORIZON.3.1|HORIZON-EIC-2025-TRANSITIONOPEN|HORIZON-EIC-2025-TRANSITIONOPEN|HORIZON-EIC-2025-TRANSITIONOPEN|HORIZON-EIC|PROMPT (Proficient Robotic Operation for Minimally-invasive Procedural Treatment) will deliver the world’s first robotic catheter drive system designed specifically for emergency, catheter-based interventions, starting with mechanical thrombectomy (MT) for acute ischemic stroke. Stroke is a leading cause of death and disability, yet fewer than 20% of eligible patients currently receive MT because too few centers and experts can perform the procedure. Patients are often transported long distances to reach capable hospitals, while every minute of delay costs millions of neurons, making speed and precision critical.Building on the EU-funded ARTERY project' robotic drive and patent-pending gripping technologies, PROMPT introduces a modular, instrument-agnostic system for rapid deployment and exchange. Its “drop-in” design will allow pre-flushed devices to be installed in under 1.5 minutes, avoiding workflow delays. The system provides stable, coordinated control of up to four instruments at once, with distributed grip for safer navigation, haptic feedback for force awareness, and remote operation (future vision). Together, these features improve first-pass success, reduce time to treatment, and ease reliance on scarce neuro-radiologists while also protecting staff from radiation.Pre-clinical testing will progress from silicon phantoms to cadaver vasculature and in-vivo animal models, followed by first-in-human trials. By project completion, PROMPT aims to reach TRL 7 and prepare for CE/FDA clearance. Commercialization will be led by a dedicated spin-off, offering both sales and leasing options, with recurring revenue from disposable grippers. Early adoption will be driven by key opinion leaders and leading stroke centers in the EU, before scaling globally to meet the growing demand for MT.PROMPT addresses the urgent clinical need for rapid, reliable, and accessible MT, transforming stroke care and establishing a platform for future emergency robotic interventions.|10.3030/101291374|Other
101290530|BRIGHTIR|Broadband Infrared Emitters for Generalized High-Tech IR Sensing|2026-05-01|2028-04-30|0|HORIZON.3.1|HORIZON-EIC-2025-TRANSITIONOPEN|HORIZON-EIC-2025-TRANSITIONOPEN|HORIZON-EIC-2025-TRANSITIONOPEN|HORIZON-EIC|The BRIGHTIR project will deliver the first manufacturable class of miniaturized thermal infrared emitters that overcome the size, cost, and performance limitations of today’s light sources. In a world where exposure to chemicals and materials directly affects health, safety, and the environment, affordable and portable sensing is essential. Current infrared systems are too large, complex, and expensive for mass deployment or integration into compact devices. BRIGHTIR will provide a broadband infrared emitter chip with compact form factor, high efficiency, and low cost, unlocking scalable biochemical sensing platforms for wellness, medical diagnostics, and environmental monitoring.The project will advance industrialization of the emitter, demonstrate high-value use cases in hydration, lactate, and glucose monitoring, and engage lighthouse partners to validate customer needs while building a structured market entry strategy. The technology developed will address critical market needs across health, environmental monitoring, and consumer electronics. With early market validation, strong intellectual property protection, and strategic partnerships with leading players, BRIGHTIR will establish a new industry standard for integrated infrared sensing and lay the foundation for large-scale commercial adoption across multiple sectors.|10.3030/101290530|Other
101291635|STEMPhage|Innovative macrophage therapies to transform treatment paradigm of solid tumors|2026-05-01|2028-10-31|0|HORIZON.3.1|HORIZON-EIC-2025-TRANSITIONOPEN|HORIZON-EIC-2025-TRANSITIONOPEN|HORIZON-EIC-2025-TRANSITIONOPEN|HORIZON-EIC|The STEMPhage project at TU Dresden aims to develop a pioneering macrophage-based therapy for the treatment of solid tumors. Solid tumors account for 90% of all cancers and remain largely inaccessible to current cell therapies, as T cells, for example, often fail to effectively infiltrate them. Macrophages, by contrast, are innate immune cells that are naturally recruited into tumors, where they can not only destroy tumor cells directly but also activate other immune cells to mount a coordinated anti-tumor response. Until now, however, the clinical application of macrophages has been limited by their rapid loss of activity, inability to expand in culture, and susceptibility to immunosuppressive signals within the tumor microenvironment. Through decades of research led by Humboldt Professor Michael Sieweke, the STEMPhage team has overcome these barriers. By reactivating intrinsic self-renewal mechanisms, the team has generated so-called xMACx macrophages that can be robustly expanded in culture and retain potent anti-tumor activity in immunosuppressive tumor environments. The potential to produced large quantities of macrophages makes them available as an off-the-shelf therapy with stable and durable anti-tumor effects. This breakthrough has the potential to fundamentally transform cancer treatment. Within the project, GMP-compliant production of xMACx will be established, their mechanisms of action elucidated, and standardized efficacy assays developed. In parallel, the team will create the business structures and financial foundations for a spin-off to translate this technology towards clinical application and attract strategic investment. The EIC funding will secure STEMPhage’s technological lead and laying the groundwork for a radically new, innovative cancer therapy of major societal and economic impact.|10.3030/101291635|Other
101268729|IONPAP|Ion Conductive Paper-Based Membranes for Flow Batteries, Fuel Cells and Beyond|2026-04-01|2029-03-31|0|HORIZON.3.1|HORIZON-EIC-2025-TRANSITIONOPEN|HORIZON-EIC-2025-TRANSITIONOPEN|HORIZON-EIC-2025-TRANSITIONOPEN|HORIZON-EIC|The Grand Challenge in advancing energy storage and conversion technologies and beyond necessitates cost-effective components that have minimal environmental impact and can be produced at scale without reliance on strategically constrained or critical raw materials. In this context, ion conductive membranes are integral parts of many of these technologies such as flow batteries, electrolyzers, fuel cells and electrodialysis. IonPap addresses this challenge by innovating sustainable alternatives to traditional membranes, which currently rely on hazardous perfluorinated (e.g. Nafion) materials, currently considered to be banned by the EU policy. By leveraging a commodity product, paper, which is produced sustainably across Europe, IonPap introduces ion conductivity through the application of sustainably sourced ionic liquids, subsequently polymerized to form an interpenetrated poly-ionic liquid-paper network. This novel architecture features nanochannels that facilitate efficient ion transport comparable to current PFAS-type membranes. Building on the foundational research conducted in the EIC Pathfinder project VanillaFlow (GA no. 101115293), IonPap aims to translate laboratory-scale feasibility into optimized membrane performance, pilot production capabilities, and comprehensive techno-economic and life cycle assessments (TRL-6). Our objectives include achieving membrane costs which are much lower than currently used membranes while ensuring environmental safety and performance benchmarks that meet or exceed those of traditional PFAS type membranes.|10.3030/101268729|Other
101286165|REVOLV|REliable animal-free and high-throughput VOLumetric bioprinting of functional 3D assays|2026-06-01|2028-11-30|0|HORIZON.3.1|HORIZON-EIC-2025-TRANSITIONOPEN|HORIZON-EIC-2025-TRANSITIONOPEN|HORIZON-EIC-2025-TRANSITIONOPEN|HORIZON-EIC|REVOLV will deliver the first industrial-grade volumetric bioprinting platform, combining AI-driven precision, GMP-compliant human-derived resins, and seamless microplate automation. This next-generation system achieves ultra-fast (<10s per construct), contact-free production of complex, functional tissues while maintaining cell viability above 90%. This innovation addresses long-standing limitations of conventional bioprinting, as slow layer-by-layer deposition, poor reproducibility, and limited vascularization, transforming volumetric bioprinting into a scalable solution for pharmaceutical R&D, toxicology, and regenerative medicine.To achieve this breakthrough, REVOLV combines advanced hardware, novel biomaterials, and a rigorous validation pathway. The platform integrates AI-powered calibration to guarantee reproducible, high-fidelity printing across diverse geometries and resins, while newly developed human-derived supramolecular resins ensure both regulatory alignment and biological performance. These innovations will be validated through functional liver constructs produced in microplate format, directly demonstrating relevance for pharmaceutical workflows. Alongside the technical development, the consortium will establish a clear route to commercialization and regulatory acceptance, ensuring that the system is not only scientifically robust but also ready for large-scale adoption.REVOLV will achieve TRL 6 by demonstrating system integration in pharma-like environments, anchoring a commercialization pathway led by Readily3D SA with strong contributions from UMC Utrecht and INsociety. The outcome will be a GMP-ready, automated, and animal-free 3D bioprinting ecosystem that reduces reliance on animal testing, strengthens European leadership in advanced manufacturing, and accelerates safer, more predictive drug development worldwide.|10.3030/101286165|Other
101292160|DIALOGIC|Transforming Insurance Communication with DIALOGIC: AI-Driven Clarity, Personalisation, and Compliance for Accessible, Trustworthy Contracts Across Europe’s Digital Insurance Ecosystem|2026-04-01|2028-03-31|0|HORIZON.3.1|HORIZON-EIC-2025-TRANSITIONOPEN|HORIZON-EIC-2025-TRANSITIONOPEN|HORIZON-EIC-2025-TRANSITIONOPEN|HORIZON-EIC|DIALOGIC builds directly on the EIC Pathfinder ASTOUND project, which delivered a first-generation cognitive robotics platform for real-time analysis and transformation of complex documents. ASTOUND’s modular system, featuring a linguistic-pragmatic analysis engine, Theory-of-Mind (ToM) module, and interactive web-based editor, demonstrated the ability to flag violations of Grice’s Maxims, adapt explanations to diverse user profiles, and support collaborative drafting. These results, validated in pilots with leading insurers and peer-reviewed (Strachan et al., Nature Human Behaviour, 2024), form the technical backbone of DIALOGIC.DIALOGIC advances these core modules into a scalable, production-grade platform for the insurance sector and beyond. The solution integrates a SaaS text editor grounded in linguistic pragmatics, a novel Dynamic Portable Document Format (DPDF) that encodes both semantic structure and real-world user interaction, and the JedAI browser plugin, which uses ToM to personalise content for each reader. The platform also introduces the TRIC Label, a transparent, AI-driven quality benchmark for truthfulness, relevance, informativeness, and clarity.DIALOGIC addresses the persistent complexity and opacity of insurance documents, which current tools and LLM-based assistants fail to resolve. It delivers measurable gains: pilots with AXA and ACB brokers showed a 30% increase in comprehension, 40% fewer complaints, and 25% lower support costs. The platform is fully aligned with EU regulatory requirements (IDD, Accessibility Act, AI Act), supports digital inclusion, and is validated for accessibility and security (EN 301 549, ISO 27001).By transforming ASTOUND’s research into a market-ready, patent-protected SaaS solution, DIALOGIC sets a new standard for clarity, compliance, and user empowerment in digital insurance communication, with strong scalability to adjacent sectors.|10.3030/101292160|Other
101291667|EASIERGrasp|ElectroAdhesion Suction cups for Industrial Energy efficient Robotic Grasping|2026-04-01|2029-03-31|0|HORIZON.3.1|HORIZON-EIC-2025-TRANSITIONOPEN|HORIZON-EIC-2025-TRANSITIONOPEN|HORIZON-EIC-2025-TRANSITIONOPEN|HORIZON-EIC|Omnigrasp is redefining industrial gripping by introducing the first electroadhesive suction cups that eliminate the dependency on compressed air. Today’s pneumatic cups may appear inexpensive, but they rely on heavy infrastructures that make production lines noisy, energy-hungry, and maintenance-intensive. Frequent leaks, breakdowns, and high operating costs turn these components into weak links across automation systems. Omnigrasp’s electroadhesive cups offer a fully electric alternative which is silent, lightweight, and intelligent, capable of long-lasting performance with integrated sensing for reliability and predictive maintenance.EASIERGrasp builds on the results of the HARTU project, where the core electroadhesion technology was demonstrated at TRL4. We now aim to advance to TRL6 through three pilots with leading industrial partners: AISA (packaging automation), Stellantis (automotive assembly), and Amazon (logistics). Each pilot targets sector specific requirements, i.e., ultra-high cycle rates, heavy-payload handling, and infrastructure-free mobility, consolidating technology validation under real operating conditions.The project is structured around three goals: (1) high lifetime EA technology with improved membranes, electrodes, and HV electronics; (2) integrated AI-driven adaptability through self-sensing; and (3) industrializing a portfolio of grippers covering packaging, automotive, and logistics. We will strengthen IP, validate our business model with end-users and integrators, and prepare Series A funding to enable manufacturing scale-up to 10,000–50,000 units/year.By project end, Omnigrasp will achieve TRL6 with proven performance in industrial pilots, a validated commercialization pathway, and a reinforced team ready to transition from R&D to market scale-up. With a payback time <1 year for customers and a serviceable market of €400M in Europe, Omnigrasp will position Europe at the forefront of sustainable, intelligent automation.|10.3030/101291667|Other
101290331|TRU-STACK|Transparent Resource Utilisation for Scientific and Enterprise Workloads|2026-06-01|2029-05-31|0|HORIZON.3.1|HORIZON-EIC-2025-TRANSITIONOPEN|HORIZON-EIC-2025-TRANSITIONOPEN|HORIZON-EIC-2025-TRANSITIONOPEN|HORIZON-EIC|HPC, HPDA, and AI/ML workloads power modern science and industry, yet their growing complexity often leaves hardware underutilised. Real workloads interleave compute-heavy and serial phases, causing idle resources and inefficiencies. One way to unlock more parallelism is to execute multiple independent applications concurrently and fill these gaps. However, today’s operating systems and hypervisors lack mechanisms to coordinate multiple parallel runtimes safely on the same node. As a result, operators avoid co-location, sacrificing throughput, wasting energy, and inflating costs.uHyper is a breakthrough user-space hypervisor that enables concurrent execution of parallel applications on shared nodes without requiring code changes. Positioned between the OS and runtimes such as MPI, OpenMP, or Python, uHyper orchestrates their execution to prevent interference and unlock latent performance. Early results consistently show more than 30% shorter execution times and at least 25% lower energy use compared to best-practice baselines.These gains translate directly into economic impact. In public cloud environments, uHyper reduces billable instance-hours, while on-premise systems benefit from lower energy consumption (OPEX) and smaller infrastructure needs (CAPEX). Even modest adoption in the multi-billion-euro parallel workloads market generates significant value. As a software-only, drop-in solution, uHyper can be deployed rapidly and at scale.By turning idle capacity into results, uHyper supports the European Green Deal by lowering energy per unit of work, strengthens digital sovereignty through a vendor-neutral orchestration layer, and enhances competitiveness in sectors such as pharmaceuticals, automotive, and advanced engineering. The project will culminate in a dedicated spin-off company to commercialise the technology through an open-core model and alliances with OEMs and integrators, ultimately delivering more science and more public value per euro.|10.3030/101290331|Other
101257388|SUSHI-PACK|SUSTAINABLE AND HIGH PERFORMANCE PACKAGING FROM SEAWEED AND USED COOKING OILS|2026-04-01|2030-03-31|2999863,75|HORIZON.3.1|HORIZON-EIC-2025-PATHFINDEROPEN|HORIZON-EIC-2025-PATHFINDEROPEN|HORIZON-EIC-2025-PATHFINDEROPEN|HORIZON-EIC|The packaging market highly relies on fossil-based plastics, which derive from non-renewable resources and producing products that are not biodegradable in different environments, increasing waste production.Renewable bio-based raw materials can be the alternative to produce safe and sustainable packaging materials.SUSHI-PACK will use sustainably sourced seaweed polysaccharides, especially alginate and agar, together with the secondary raw material Regenerated Used Cooking Oils.SUSHI-PACK will use advanced technologies in Metabolic Engineering and Biocatalysis to improve the production of hydroxy fatty acids from RUCO and for the production of a sustainable Bioprocess which can be further scaled-up at industrial scale.The SUSHI-PACK process is based on the use of biocatalytically produced hydroxy fatty acids and on their chemical transformation into polyesters, poly(ester urethane)s and modified polysaccharides, which will be processed in blends and multi-layer material to be tested in the packaging sector. Chemicals, polymers, additives and technologies will be chosen in terms of different Regulations and will be assayed with the SSbD framework to produce a process which can be fully sustainable both at the environmental, socio and economic scale.The latter, together with LCA, will aid to identify bottlenecks and to identify other chemicals or processes to improve their sustainability.The End of Life of the products will be assessed for different destinies: Compostability, Biodegradation and Enzymatic hydrolysis.Enzymatically hydrolyzed polymers and materials will also be tested for their revalorization as feedstock for the production of industrially valuable polymers, such as polyhydroxyalkanoates.SUSHI-PACK will offer sustainably and economically alternatives to fossil-based plastics, with a reduction of at least 15% of GHG emission and an economic turnover of 58 M€.|10.3030/101257388|Other
101291583|SIRENA|Scalable Integrated Reconfigurable Energy-Efficient Neuromorphic Accelerators|2026-04-01|2029-03-31|0|HORIZON.3.1|HORIZON-EIC-2025-TRANSITIONOPEN|HORIZON-EIC-2025-TRANSITIONOPEN|HORIZON-EIC-2025-TRANSITIONOPEN|HORIZON-EIC|The explosion of artificial intelligence (AI) has unleashed a gold rush for AI accelerator chips, specialized chips that power everything from chatbots to self-driving cars. The large energy footprint forms a major global problem.  SIRENA is Europe’s leap to build a new semiconductor business that makes AI efficient from edge to cloud. We will industrialize Reconfigurable Nonlinear-Processing Units: CMOS-compatible devices that perform analogue signal transformation and feature extraction with tunable nonlinearity and local adaptivity. The result is 10x lower energy, reduced latency, and far higher density than today’s digital accelerators. RNPUs complement CPUs, GPUs, NPUs, or power standalone accelerators, enabling always-on intelligence in watches, cars, sensors, and servers. Backed by EIC Pathfinder HYBRAIN results and a recent Nature study, SIRENA lifts the platform from proof of principle to TRL 6 demonstrators. Together with early adopters such as Toyota and Swatch, we investigate concrete use cases in adaptive fuel-cell control and always-on wearables. SIRENA is a venture plan. Commercialisation will be driven by a seasoned team combining many years of experience in entrepreneurship with leading scientists supported by an industry advisory board. We will secure a strong IP position while scaling the model from kits and design-ins to licensed IP cores and later turnkey ASICs. Already several renown venture funds have expressed great interest to help and potentially invest in the later stage of SIRENA. Our mission is ambitious: ship the world’s most efficient and versatile AI accelerator and seed a European ecosystem around it. By 2032 our hardware will execute billions of tasks daily while cutting electricity bills, extending battery life, and shrinking carbon footprints. SINERAs impact is immediate: partners gain energy savings, lower cost, and faster time to market while Europe gains sovereign capability in a strategic layer of the next wave of innovation.|10.3030/101291583|Other
101291956|Spatial Fuseseq|Volumetric spatial transcriptomics for 3D culture-innovated drug development|2026-04-01|2028-09-30|0|HORIZON.3.1|HORIZON-EIC-2025-TRANSITIONOPEN|HORIZON-EIC-2025-TRANSITIONOPEN|HORIZON-EIC-2025-TRANSITIONOPEN|HORIZON-EIC|Spatial biology is bottlenecked by 2D-based platforms that cannot profile intact 3D tissues, such as organoids, at scale. This gap is acute in drug discovery, where organoids and other 3D culture models in 96/384-well format are increasingly adopted, accelerated by EU and FDA roadmaps to reduce animal use. Spatial Fuseseq directly addresses this unmet need with an entirely new way to spatially barcode molecules inside intact 3-dimensional tissue samples for downstream DNA sequencing and computational volumetric (3D) reconstruction at high resolution and low cost.Building on results of an ERC PoC and subsequent improvements that together established feasibility on cells and tissue sections (TRL4), this EIC Transition project will advance Spatial Fuseseq to TRL6 and a first market-ready configuration for organoid-based drug development. Technologically, we will (i) develop and automate sample-preparation for organoids (96/384-well), (ii) expand to whole-transcriptome profiling, (iii) deliver validated computational pipelines for 3D reconstruction and visualization, and (iv) produce prototype reagent kits with QC assays and a beta software version for user testing. Commercially, we will (v) validate problem–solution fit via voice-of-customer interviews, and (vi) run early-access pilots—first in-house, then at user sites—to demonstrate the technology in relevant environment (TRL6) and its readiness for scale.The global spatial biology market is dominated by US players, while Europe leads in novel 3D culture models for translational drug discovery. Anchoring Spatial Fuseseq in Europe ensures that the enabling spatial platform for 3D culture model analysis is not imported but developed, owned, and commercialized within the EU, securing high-value IP, skilled jobs, and economic growth, strengthening EU sovereignty and positions European SMEs and Pharma to lead globally.|10.3030/101291956|Other
101291245|OFFSPRING|OUTCOME-FOCUSED FERTILITY SOLUTIONS FOR PREIMPLANTATION RESEARCH AND IMPROVED NEONATAL GENESIS|2026-04-01|2028-03-31|0|HORIZON.3.1|HORIZON-EIC-2025-TRANSITIONOPEN|HORIZON-EIC-2025-TRANSITIONOPEN|HORIZON-EIC-2025-TRANSITIONOPEN|HORIZON-EIC|"""Millions of couples experience the emotional and financial strain of in vitro fertilization (IVF) failures. The core problem in IVF isn't its complexity, but a single, major bottleneck: most retrieved eggs fail to develop into viable embryos in the lab. This high rate of embryo loss is a massive and costly failure point for patients and clinics. While recent innovations attempt to select the """"best"""" embryos from a limited, poor-quality pool, these methods don't solve the underlying problem. Ethical and practical constraints around human embryo research have made it impossible to systematically optimize in vitro embryo culture during IVF, until now.OFFSPRING offers a radically new approach to transform IVF outcomes. Instead of selecting existing embryos, OFFSPRING aims to give every fertilized egg the chance to develop into a high-quality embryo by meeting its specific metabolic needs, creating a larger pool of viable embryos for a successful pregnancy. This approach is built on two ERC-funded breakthroughs:•A stem cell model of embryos called blastoids, allowing for the first time systematic discovery of the drivers of early embryo development.•The identification of the ideal molecular environment for healthy embryo development, discovered via blastoid screenings in an ERC PoC project that led to dawn-bio, a preclinical stage startup biotech company.By addressing the primary bottleneck for IVF patients to get a baby, and by developing a product that has the potential to set a new standard in reproductive medicine, we are poised to disrupt the $34 billion Fertility market. OFFSPRING is designed to perform the critical validation needed to translate these ERC-funded breakthroughs into a de-risked, investable commercial proposition. It is the first step in our long-term vision to build dawn-bio into a European global leader in reproductive medicine that leverages our proprietary blastoid platform to create a pipeline of innovations in foetal and maternal health."""|10.3030/101291245|Other
101298721|IRIS Africa|IRIS Africa: Intelligent and Responsible Innovation with GenAI for Societal impact|2026-05-01|2029-04-30|1999985|HORIZON.2.4|HORIZON-CL4-2025-04-HUMAN-08|HORIZON-CL4-2025-04|HORIZON-CL4-2025-04|HORIZON-RIA|The IRIS Africa project aims to bridge the gap in Generative AI (GenAI) adoption across Africa, focusing on empowering rural populations, women, and youth through tailored AI solutions in agriculture and healthcare. By developing context-specific Large Language Models (LLMs) and risk-classification algorithms, IRIS will enhance local capacities in addressing challenges such as food insecurity and limited healthcare access, which are exacerbated by climate change and socio-economic barriers.The project will leverage the existing EU-based LLM models MINERVA and BABELNET and adapt them to the African context through co-design with local communities, ensuring linguistic and cultural relevance. The use of these models and a risk classification algorithm will be tested through two key use cases: Continuous Glucose Monitoring (CGM) in Ghana and livestock insurance in Kenya, targeting areas with the highest need for scalable, AI-driven solutions. In collaboration with local universities, NGOs, International Research Center and SMEs, IRIS will ensure that these AI tools are not only technically sound but also accessible and trusted by the communities they aim to serve.A key objective is to foster sustainable local innovation ecosystems, including the establishment of living labs and engagement of private investors and VC to support for African start-ups, by integrating technical support mechanisms and subcontracting of local SMEs. Through these activities, IRIS will promote knowledge transfer between Africa and Europe, facilitating long-term, self-sustaining AI capabilities. The project also aims to develop policy recommendations that will support the scaling of GenAI technologies, aligning with EU and African Union frameworks for sustainable development.IRIS will contribute to the EU-Africa collaboration agenda, supporting Africa's digital transformation by ensuring that advanced AI solutions meet local needs, promote inclusion, and contribute to sustainable economic growth.|10.3030/101298721|Cluster 4
101286238|BELFORT ASIC|BELFORT ASIC - Pioneering Hardware Acceleration for Computing on Encrypted Data|2026-04-01|2028-03-31|0|HORIZON.3.1|HORIZON-EIC-2025-TRANSITIONOPEN|HORIZON-EIC-2025-TRANSITIONOPEN|HORIZON-EIC-2025-TRANSITIONOPEN|HORIZON-EIC|Belfort develops breakthrough hardware acceleration for Fully Homomorphic Encryption (FHE), a cryptographic technology that allows computation directly on encrypted data. This solves one of the most pressing problems in digital society: today, encrypted sensitive data must be decrypted before processing, exposing it to theft, misuse, or breaches while 'in use'. In finance, healthcare, government, and cloud computing, this creates a “data in use” security gap where the most sensitive information is most vulnerable.FHE closes this gap by enabling operations on encrypted data without ever revealing the underlying information. Medical records can be analyzed without disclosure, financial institutions can detect fraud without exposing customer data, and governments can collaborate across borders without compromising sovereignty. Its potential is transformative, but until now FHE has been impractical: on conventional Central Processing Units (CPUs) it can run up to 100,000 times slower than ordinary computation, making it too costly and energy-intensive to use at scale.Belfort’s innovation changes this. Building on ERC-funded research, we are developing a dedicated Application-Specific Integrated Circuit (ASIC) accelerator for encrypted computing. It introduces patented architectural breakthroughs that cut the time, cost, and energy of FHE operations by 50–200× compared to current FPGA prototype, and up to 2000× compared to CPUs. Unlike competing approaches, Belfort integrates seamlessly with leading FHE software, enabling immediate adoption without rewriting applications.By making encrypted computing fast, affordable, and energy-efficient, Belfort unlocks privacy-preserving AI, finance, healthcare, and cloud services. This project establishes the foundation for the first commercially viable FHE accelerator, transforming encrypted computing from promise into practice and strengthens EU leadership in privacy-enhancing technologies against US and Asian initiatives.|10.3030/101286238|Other
101290564|RE-CLIQS|REplaceable Chiplet LInks for Quantum Scaling|2026-04-01|2028-03-31|0|HORIZON.3.1|HORIZON-EIC-2025-TRANSITIONOPEN|HORIZON-EIC-2025-TRANSITIONOPEN|HORIZON-EIC-2025-TRANSITIONOPEN|HORIZON-EIC|Quantum computers could transform industries and society, but to reach their full potential they must scale to millions of qubits. Current superconducting quantum processors (QPUs) are limited by several scaling factors, amongst which fabrication yield and packaging complexity: a single defect can compromise an entire QPU, and monolithic scaling quickly becomes cost-prohibitive. To overcome these barriers, large modular upgradeable, repairable QPUs must be developed.In this project, QuantWare aims to demonstrate replaceable chiplet-to-chiplet connections for superconducting QPUs, a breakthrough that allows scalable QPUs to be built from replaceable pre-characterised chiplets. This modularity enables faulty chiplets to be swapped out, significantly reducing cost and waste while supporting larger, more reliable QPUs. When combined with QuantWare’s patented and EICA-supported VIO-technology, this approach unlocks technology scalable to millions of qubits.This will be done by developing both replaceable connections for a testing card to precharacterise chiplets cryogenically, and replaceable connections from the chiplets to the VIO-stack. QuantWare will work on its previous knowledge on fabricating 3D chip connections, proof of concepts and IP on replaceable connections and recent in-house chiplet-to-chiplet demonstrations. We will establish both the technical feasibility and the market relevance of modular, replaceable QPUs. Alongside technological validation, partnerships with system integrators, large companies and research labs will provide real-world testing and market input.By reducing replacement cost, increasing fabrication yield, and enabling upgradeability, replaceable chiplet connections are expected to shorten the path to utility-scale QPUs by multiple development cycles. This project positions Europe at the forefront of quantum computing and lays the foundation for a sustainable, scalable quantum computing supply chain via an open architecture approach.|10.3030/101290564|Other
101289496|SepTech|Sepsis Early Prediction Technology|2026-09-01|2029-08-31|0|HORIZON.3.1|HORIZON-EIC-2025-TRANSITIONOPEN|HORIZON-EIC-2025-TRANSITIONOPEN|HORIZON-EIC-2025-TRANSITIONOPEN|HORIZON-EIC|Sepsis and septic shock are life-threatening conditions caused by a dysregulated immune response to an infection with a high mortality rate of up to 25%. According to WHO, there are approximately 11 million sepsis-related deaths worldwide annually, representing about 20% of all global deaths. A timely and accurate treatment is critical since delays in administration of an effective antimicrobial therapy increases mortality by 10% with every hour. Unfortunately, current diagnostic approaches – the gold standard being blood culture – are inadequate for addressing this issue. For these reasons, there is a critical need for faster diagnostic tools and identification of the best treatment strategies, capable of providing an accurate classification of the sepsis to improve the overall survival of the patients.The project SEPTech intends to address and solve these problems with: a) design and prototype a system allowing a rapid diagnostic process - significantly faster than the actual clinical standard procedures – for the identification of the causing pathogens and antimicrobial resistance to strongly reduce the time for the administration of the most appropriate antimicrobial treatment; b) test the prototype using real world specimens from hospitalised septic patients against gold standard procedures; c) set the ground for go-to-market via a special purpose vehicle and d) prepare for a round of funding by private and public investors to obtain IVD CE mark and start commercialising the device.|10.3030/101289496|Other
101291468|NANOCAR|Revolutionizing Blood Cancer Therapy: Next-Gen CAR-T Therapy with In Vivo Nanoparticle Targeting|2026-06-01|2028-05-31|0|HORIZON.3.1|HORIZON-EIC-2025-TRANSITIONOPEN|HORIZON-EIC-2025-TRANSITIONOPEN|HORIZON-EIC-2025-TRANSITIONOPEN|HORIZON-EIC|CAR-T cell therapy has transformed the treatment landscape for blood cancers but remains restricted to a minority of patients due to high costs, lengthy ex vivo manufacturing, and limited specialized hospital capacity. Current therapies cost €300–350k per patient, take weeks to deliver, and suffer from bottlenecks in viral vector manufacturing. Moreover, ex vivo processing drives T-cell exhaustion and raises safety risks, while access remains out of reach for up to 70% of eligible patients.NanoCell Therapeutics introduces NANOCAR, a first-in-class, non-viral, in vivo CAR-T platform based on proprietary T cell-targeted lipid nanoparticles (tLNPs). This system delivers minicircle DNA encoding a CAR transposon together with short-lived mRNA encoding the Sleeping Beauty transposase, enabling stable genomic integration of CAR constructs directly within circulating T cells. A single administration generates durable CAR-T cells in vivo, bypassing the need for patient cell harvesting, viral vectors, and costly GMP expansion.The project will advance NCTX-01, our lead clinical candidate, towards first-in-human readiness by: (i) establishing GMP-ready manufacturing of all components, (ii) developing a robust analytical and stability package, (iii) demonstrating safety and efficacy in relevant preclinical models, and (iv) aligning with regulatory authorities. Parallel business objectives include IP strengthening, investor-ready business planning, and preparation for licensing discussions with major pharmaceutical partners.By achieving TRL 5, NANOCAR will validate a transformative, scalable, and cost-efficient alternative to conventional CAR-T. This innovation has the potential to expand patient access to life-saving therapies, cut treatment costs by up to 99%, and extend beyond oncology into autoimmune diseases and solid tumors. Success will position Europe at the forefront of next-generation cell and gene therapy, driving both health and economic impact.|10.3030/101291468|Other
101286838|SONATA|Software Defined Acoustic Levitation Platform for Lab Automation|2026-04-01|2029-03-31|0|HORIZON.3.1|HORIZON-EIC-2025-TRANSITIONOPEN|HORIZON-EIC-2025-TRANSITIONOPEN|HORIZON-EIC-2025-TRANSITIONOPEN|HORIZON-EIC|SONATA will establish a new paradigm in laboratory automation by replacing pipettes, plates and tubes with contact-free, software-defined acoustic levitation. Building on ERC/FET-funded research and more than a decade of leadership in acoustic holography, AcoustoFab has advanced the technology from curiosity to TRL4–5 prototypes, validated through paid pilots at Diamond Light Source and with pharma partners. The resulting platform uses phased-array ultrasound to levitate, transport, merge and analyse droplets in mid-air, enabling contamination-free workflows that reduce sample loss, plastic waste and variability.The project will advance our development from TRL5 to TRL8 by integrating a robust acoustic engine, spectroscopic modules, and a CE/FCC-certified enclosure. A cloud-based software stack will deliver workflow orchestration, compliance logging and intuitive automation. Over 36 months we will complete alpha and beta builds, validate workflows in proteomics, single-cell analysis and crystallography, and run an Early Access Partner programme with pharma, CRO and academic labs. Outcomes include a certified benchtop system, validated workflows and a scalable business model combining instrument sales with high-margin SaaS subscriptions for analytics and protocol libraries.SONATA meets EIC Transition goals by validating breakthrough deep tech in relevant environments and preparing a credible commercialisation pathway. Its impact is threefold: scientific, enabling faster, cleaner structural biology and diagnostics; economic, reducing consumable costs while accelerating drug discovery; and environmental, eliminating large volumes of single-use plastics and chemical waste.|10.3030/101286838|Other
101291137|TRANSPIRE|TRANsitioning Scalable Photovoltaics with Industrially REliable perovskite module production|2026-05-01|2029-04-30|0|HORIZON.3.1|HORIZON-EIC-2025-TRANSITIONOPEN|HORIZON-EIC-2025-TRANSITIONOPEN|HORIZON-EIC-2025-TRANSITIONOPEN|HORIZON-EIC|In a landscape of record-low photovoltaic (PV) mIn a landscape of record-low photovoltaic (PV) module prices and an Asia-centric manufacturing quasi-monopoly scaling to multi-GW mass-production lines, TRANSPIRE will disrupt the status quo by translating IMEC’s IP-backed bifacial perovskite PV technology from lab to pilot-line readiness. We will deliver two products: (1) a bifacial single-junction perovskite module and (2) a four-terminal perovskite/silicon (Si) tandem for higher power density. For the single-junction product, we will scale 900 cm² near-infrared-transparent modules targeting ≥22% module efficiency and ≥95% bifaciality; the four-terminal perovskite/Si tandem targets ≥32% module-level efficiency at 900 cm². Reliability will be demonstrated via IEC-aligned accelerated testing and outdoor field testing across climate zones, complemented by application-relevant demonstrators in building-integrated PV (BIPV) and agrivoltaics (AgriPV). In parallel, we will design a 100 MW pilot line and a 2 GW-ready factory blueprint embedding Industry 5.0 principles—human-centric, AI-assisted manufacturing; in-line metrology; digital twins; data-driven control; full traceability; and sustainability-by-design—and integrating a verified cost-of-ownership and LCOE model, supplier qualification for European-sourced materials, and a circularity plan. We will develop a comprehensive business and investment plan to secure funding and establish the spin-off, underpinned by a bankability evidence pack (third-party performance and reliability reports, field-yield datasets, safety files), an IP strategy, and a focused go-to-market plan for early BIPV and AgriPV segments. By de-risking reliability, manufacturability, sustainability, and market adoption, TRANSPIRE will accelerate the transfer of breakthrough perovskite PV—single-junction and four-terminal tandem—into European pilot production, strengthening the EU’s competitiveness and resilience in next-generation solar manufacturing.|10.3030/101291137|Other
101287089|LUMEN|Light-based Ultrafast Modules for Efficient Nanolaser-enhanced processors|2026-04-01|2028-03-31|0|HORIZON.3.1|HORIZON-EIC-2025-TRANSITIONOPEN|HORIZON-EIC-2025-TRANSITIONOPEN|HORIZON-EIC-2025-TRANSITIONOPEN|HORIZON-EIC|The rapid growth of Artificial Intelligence and other advanced technologies is driving a strong demand for high-performance electronics and faster computing. System-in-Package (SiP) technology addresses this need by combining digital, analogue and memory components within a single package to reduce latency. However, traditional copper interposers are reaching their limits. They struggle to provide the bandwidth, chiplet-to-chiplet connectivity and thermal management required for modern applications, which hinders overall efficiency and performance.Optical interposers are emerging as a promising alternative. By using light instead of electrical signals, they enable faster data transfer, improved energy efficiency and better heat control. This is particularly important for applications such as AI, machine learning and high-performance computing. Compared with copper-based systems, optical interposers reduce latency, increase bandwidth and offer a more scalable and sustainable architecture.NcodiN’s LUMEN project focuses specifically on enabling optical communication between chiplets within the same package. It introduces photonic crystals as a new platform for building nanolasers and nanodetectors that form the core of optical links between chiplets. These components are designed to be extremely compact, energy-efficient and fully compatible with CMOS processes. With this approach, NcodiN aims to overcome the major bottlenecks of current interposer technologies and deliver the next generation of high-density, high-performance optical interconnects for chiplet-based computing systems.|10.3030/101287089|Other
101271067|AIMPERES|AI-driven Modular Platform for Emission-Reduction & Efficient Shipping|2026-06-01|2029-05-31|0|HORIZON.2.5|HORIZON-CL5-2025-04-D5-12|HORIZON-CL5-2025-04|HORIZON-CL5-2025-04|HORIZON-RIA|Waterborne transport is at a climate crossroads, with its significant emissions threatening EU Green Deal objectives. As the vast majority of today’s fleet will operate beyond 2040, waiting for new-build solutions is not an option. The sector urgently needs scalable, cost-effective retrofit technologies to unlock immediate emission reductions. AIMPERES answers this call with a breakthrough AI-powered Energy Management System (EMS) that delivers immediate, cost-effective fuel optimization and emission reductions for the existing fleet.Our approach follows a clear data→models→optimization→crew action pipeline and combines three core innovations: 1) low-cost, marine-hardened exhaust monitoring systems providing accurate, real-time data on key pollutants (CO2, NOₓ, SOₓ); 2) hybrid digital twins that merge the robustness of physics-based models with the adaptive accuracy of machine learning to optimize vessel performance with the EMS; 3) development of optimised ship energy architectures; and 4) an intuitive, crew-centric decision support dashboard that translates complex analytics into clear, actionable guidance. The modular adaptable EMS architecture can adapt to any vessel, leveraging existing hardware with minimal installation.AIMPERES will validate this retrofit-ready EMS system at TRL6 across inland, coastal, and deep-sea shipping vessels. By delivering fuel savings of at least 5% and emission reductions of 12–25%, AIMPERES makes sustainability a profitable business case, especially for SMEs, and provide a vital bridge to future zero-emission solutions by reducing overall energy demand and building operational readiness. Our cross-sector consortium, uniting leading research institutions, industry innovators, and maritime educators, covers the entire value chain from system design to real-world validation, ensuring our solution is not only technologically advanced but also operationally viable and aligned with the sector's needs.|10.3030/101271067|Cluster 5
101280070|ACCESS|Affordable Cryo-EM through Computational Enhancement of Structural Studies|2026-05-01|2029-04-30|0|HORIZON.3.1|HORIZON-EIC-2025-TRANSITIONOPEN|HORIZON-EIC-2025-TRANSITIONOPEN|HORIZON-EIC-2025-TRANSITIONOPEN|HORIZON-EIC|Cryo-electron microscopy has transformed structural biology, enabling atomic-resolution protein structure determination without crystallization through imaging of flash-frozen specimens in vitreous ice. Despite the 2017 Nobel Prize recognition, current cryo-EM faces critical limitations: minimum protein size requirements (>50-100 kDa), sample homogeneity constraints, and prohibitive costs (€10M+ for 300 kV system and infrastructure from US/Japanese manufacturers). ACCESS radically reimagines this paradigm through 4D-STEM diffraction pattern acquisition at 30 kV, leveraging EBEAM's proven ptychographic reconstruction algorithms to achieve semi-atomic resolution of cryo-EM samples at 1/10th the cost.|10.3030/101280070|Other
101289393|AI4Access|AI4Access: AI-Driven User Access Services for Euro-BioImaging ERIC|2026-09-01|2029-08-31|4993255|HORIZON.1.3|HORIZON-INFRA-2025-01-DEV-03|HORIZON-INFRA-2025-01|HORIZON-INFRA-2025-01|HORIZON-RIA|Euro-BioImaging ERIC connects 39 Nodes and 295 facilities, providing open access to 120+ imaging technologies. For many researchers, especially outside imaging, today’s catalogue-based access is difficult: it is jargon-heavy, assumes prior expertise, slows discovery, and leaves users lost in the extensive catalogue and costly instruments underused without heavy consultation.AI4Access introduces the Research Navigator: a natural-language entry point that turns scientific problems into transparent, evidence-based recommendations for imaging methods, facilities, analysis pipelines, and data deposition. It relies on a hybrid knowledge base, ontology/PID-linked, structured records enriched with GenAI-augmented literature and past project evidence, and adapts advice to user needs. This shifts Euro-BioImaging from static lists to a problem-to-solution access framework.The workplan follows a user-centred journey: WP1 co-designs the Navigator experience; WP2 encodes services semantically; WP3 extends to image-data workflows; WP4 delivers the generative-AI reasoning engine; WP5 proves value in pilots and training; WP6 embeds trust (provenance, explainability, GDPR/EU AI Act, energy-aware operation); WP7 drives uptake, governance templates, update workflows, and a white-label toolkit for reuse by other ERICs and RIs; WP8 secures integration and management.Aligned with EOSC and bridging INFRA-SERV catalogues (ISIDORe, canSERV, AgroSERV), AI4Access lowers entry barriers, shortens the path from idea to experiment, improves reproducibility, and increases utilisation across Euro-BioImaging. Researchers and SMEs gain faster, clearer routes to services; Nodes and facilities gain visibility and sharper demand; and the RI ecosystem gains a replicable cross-RI access bridge and a blueprint for trustworthy, sustainable AI in Research Infrastructures. The project directly responds to the EU’s request to make access more effective and improve interoperability across the RI landscape.|10.3030/101289393|Other
101267272|GREENSPIRE|Gearing towards a Resilient Ecodesign and product Environmental footprint category rules for Sustainable Products In a circular Economy|2026-06-01|2030-05-31|0|HORIZON.2.6|HORIZON-CL6-2025-01-CIRCBIO-03|HORIZON-CL6-2025-01|HORIZON-CL6-2025-01|HORIZON-RIA|GREENSPIRE is a 48-month project aiming to co-develop and co-validate, together with industry stakeholders (manufacturers and designers), scientific communities, policymakers, and consumers, new Product Environmental Footprint Category Rules (PEFCRs), datasets, tools, and guidance based on the PEF methodology for high-priority product groups. Specifically, home textiles (bed, table, toilet, kitchen linen, curtains, blinds, valances) and polyurethane (PU) foams (flexible foams for mattresses, cushions, and pillows, and rigid foams for PUR/PIR insulation). These outputs will enable consistent, reliable, and comparable environmental impact assessments, validated through a comprehensive evaluation of added value and cost-efficiency relative to alternative approaches.Using a full life cycle perspective GREENSPIRE seeks to significantly reduce environmental impacts of selected products across their life cycle; inform and support eco-design requirements aligned with the European Sustainability Product Regulation (ESPR); provide industry, SMEs, and policymakers with open-access, user-friendly tools and training to implement PEF methodologies; and promote circular economy practices through enhanced data quality, transparency, and uptake of sustainability metrics and tools across sectors.By combining scientific rigour with stakeholder co-creation and practical applicability, GREENSPIRE will deliver robust methodologies, actionable insights, and scalable solutions to advance sustainable production, eco-design, and circular economy practices in the European home textile and bio-chemical sectors, supporting both environmental and socio-economic objectives.|10.3030/101267272|Cluster 6
101288669|NutriLOC|Designing Sustainable, Locally Sourced Supplementary and Therapeutic Foods for Emergency Nutrition|2026-09-01|2030-08-31|0|HORIZON.2.6|HORIZON-CL6-2025-02-FARM2FORK-17|HORIZON-CL6-2025-02|HORIZON-CL6-2025-02|HORIZON-RIA|Malnutrition in children under five years remains one of the most urgent and persistent global health challenges, and a direct violation of children’s rights. Program coverage for the treatment of severe acute malnutrition remains critically low, often reaching fewer than 20%, while moderate acute malnutrition, which affects even more children, is often overlooked. Moderate acute malnutrition is the precursor to the severe form, and if addressed early, many cases could be prevented, saving lives and reducing the need for more intensive and costly treatment. The NutriLOC project is strategically designed to tackle the persistent and complex challenges of child malnutrition by advancing locally driven, evidence-based solutions for the management of malnutrition. At its core, NutriLOC aims to innovate and scale up a new generation of therapeutic and supplementary foods that are produced from local ingredients, are non-dairy, nutritionally adequate, cost-effective, sustainable, and equitably accessible through national nutrition programs. The project focuses on ready-to-use therapeutic foods (RUTFs), ready-to-use supplementary foods (RUSFs), and introduces a new product category: locally adapted fortified supplements (LAFSs). NutriLOC explores the use of local fish, legumes, and cereals, as well as two emerging, protein-rich ingredients, spirulina and mycoprotein, that are already being produced in Kenya. The project outputs are designed to stimulate local economies and lay a foundation for sustainable self-reliance in malnutrition management. Moreover, it informs future research, scale-up efforts, policy reforms, and investment decisions. Ultimately, NutriLOC seeks to catalyze a transformative shift where innovation, sustainability, equity, and self-reliance converge to redefine how African countries combat malnutrition.|10.3030/101288669|Cluster 6
101290971|CLAIMA|CLIMATE AI MODELLING AND ANALYSIS|2026-09-01|2030-08-31|0|HORIZON.1.3|HORIZON-INFRA-2025-01-TECH-04|HORIZON-INFRA-2025-01|HORIZON-INFRA-2025-01|HORIZON-RIA|CLAIMA will build a European AI-driven climate digital twin platform that delivers fast, high-resolution and trustworthy climate simulations for science, industry and policy. It will integrate three strands of climate AI (emulators of physicsbased models, deep-learning downscaling, and emerging foundation models) within a modular, standards-based system that follows FAIR data and open API principles. Rigorous evaluation, provenance tracking and uncertainty quantification will ensure scientific integrity at every stage. The platform will orchestrate end-to-end workflows across EuroHPC systems and European AI Factories, while interoperating seamlessly with Destination Earth, and will be demonstrated in this operationally relevant environment to reach TRL 6.  The project will also provide an indicative estimate of the costs of operating the platform in such a production-like environment, including compute and service operation costs.The project has three main objectives. First, CLAIMA will adapt and validate state-of-the-art AI climate models against observations and high-fidelity simulations, creating engines that are both fast and reliable. Second, it will engineer a modular and interoperable digital twin platform to support training, inference, evaluation and user access across Europe’s research infrastructures. Third, it will demonstrate value in real-world applications, including climate science, through use cases co-designed with stakeholders. The system will combine a robust web-based interface with a natural-language assistant, with clear communication of AI use, limits and impacts.CLAIMA directly addresses HORIZON-INFRA-2025-01-TECH-04 by applying GenAI4EU-aligned methods to set up and manage complex modelling across research infrastructures. It will establish best practices for AI model generation and data fusion, demonstrate interoperability with DestinE, and enable innovative applications in key impact sectors. By providing a durable European infrastructure for climate AI, CLAIMA will accelerate scientific discovery, support climate adaptation, and strengthen Europe’s global leadership in trustworthy digital twins.|10.3030/101290971|Other
101292103|HTS4SRI|Magnet Technology advances for sustainable research infrastructures through High Temperature Superconductor|2026-09-01|2030-08-31|0|HORIZON.1.3|HORIZON-INFRA-2025-01-TECH-01|HORIZON-INFRA-2025-01|HORIZON-INFRA-2025-01|HORIZON-RIA|The HTS4SRI project pioneers a holistic methodology for applying High-Temperature Superconducting (HTS) technology to the sustainable design, manufacturing, and operation of magnets in large European research infrastructures. Its central goal is to establish a systematic framework where conductor development, cryogenics, cryogenic power supplies, and assembly processes are jointly optimized under sustainability criteria such as life-cycle assessment, recyclability, and energy efficiency. This integrated approach ensures that environmental objectives are embedded across the full magnet lifecycle—from conception to operation.As proof of feasibility, HTS4SRI will design and qualify large-aperture quadrupole coils and two complementary pilot magnets—a dipole for continuous beam operation and a compact combined-function magnet for broad accelerator applications. Together with the coils, these demonstrators will validate the methodology in diverse operational environments, including radiation exposure, and demonstrate the potential for more than 50% reduction in magnet-related electricity consumption compared with resistive technologies.The work plan, structured into six interconnected work packages, will deliver:• A sustainability-driven design methodology integrating conductor development, cryogenics, cryogenic powering, and assembly under eco-design principles• Eco-design guidelines and replicability standards for sustainable HTS coils and components• An open-access database on HTS conductor performance and environmental impact• Large-aperture quadrupole coils and pilot demonstrators (dipole and compact combined-function magnet) validating the multi-aspect methodologyA cornerstone of HTS4SRI is its strong focus on communication and dissemination. The project will implement structured programs—webinars, workshops, and mini-schools—to equip technicians, engineers and scientists with the skills required for sustainable magnet design and manufacturing.|10.3030/101292103|Other
101275251|MAR-CO2|Measurement And Reporting for responsible marine CO2 removal|2026-08-01|2030-07-31|0||HORIZON-CL6-2025-02-CLIMATE-01|HORIZON-CL6-2025-02|HORIZON-CL6-2025-02|HORIZON-RIA|"""MAR-CO2 aims to develop fit-for-purpose MRV systems for mCDR, enabling safe, verifiable, and sustainable climate mitigation. The project’s core objective is to co-design, refine, and test MRV tools to quantify carbon removal additionality and durability, and assess ecological risks and co-benefits, along with the governance frameworks needed to ensure transparency, fairness, and public trust. These tools are tested in real-world conditions, moving beyond lab-scale studies to test feasibility in the context of operational mCDR with industry partnerships.MAR-CO2 integrates interdisciplinary expertise from the fields of oceanography, modelling, ecology, social science, and governance, enabling the investigation of mCDR as a complex and interconnected human-environment system, rather than simply a technological one. Advanced observational technology, experimental approaches, and multi-dimensional modelling help build a comprehensive understanding of mCDR and its impacts, and used to develop a novel Digital Twin platform for simulating mCDR “what if” scenarios. Social perceptions are regularly queried and governance systems stress-tested to ensure MRV tools are socially-just and governable.A concept of co-design is deeply embedded, with stakeholder mapping, public deliberation, and governance scenario stress-testing to ensure the MRV systems developed in MAR-CO2 balancing scientific rigor, accuracy, and equity with resource-efficiency, governability, and transparency. MAR-CO2 contributes to EU climate leadership by supporting integration of mCDR into climate strategies (e.g., CRCF, EU ETS), aligning with biodiversity protection goals, and advancing the European Digital Twin of the Ocean. By interfacing our team of prominent scientists with diverse public sector and governance actors, using industry-led pilot sites as a """"living lab"""", we co-design the systems needed for a responsible scaling of mCDR, ensuring climate action is both effective and socially legitimate."""|10.3030/101275251|Cluster 6
101288610|Lab2School4All|From Lab to School: Helping Children with Developmental Coordination Disorder|2026-09-01|2031-08-31|0|HORIZON.2.2|HORIZON-CL2-2025-01-TRANSFO-09|HORIZON-CL2-2025-01|HORIZON-CL2-2025-01|HORIZON-RIA|Developmental Coordination Disorder (DCD) is a neurodevelopmental disability affecting about 5% of school-aged children — roughly one child per classroom. Children with DCD experience motor coordination difficulties resulting in impaired handwriting, disrupting their ability to interact effectively with standard school textbooks. They also face visual organization difficulties that limit their ability to navigate dense page layouts and affect reading. Every year, thousands of these children struggle to use the same school textbooks as their peers. The main objective of Lab2School4All is to ensure that children with DCD in primary school can access and use adapted versions of school textbooks that enable them to learn autonomously in mainstream classrooms.The project will (1) map textbook structures and adaptation practices across Europe; (2) generate scientific evidence to validate and improve adaptation practices; (3) develop an AI-powered open-source environment for the automatic adaptation of school exercises; (4) conduct a cross-country classroom study; and (5) clarify the legal framework for adapting copyright-protected school textbooks and applying disability-related copyright exceptions.Throughout the project, individuals with DCD, as well as teachers, parents, and occupational therapists, will be actively involved in a participatory approach to ensure that the solutions developed are relevant, acceptable, and grounded in real-world contexts. By combining evidence-based research and AI technologies, this project aims to provide scalable, accessible, and inclusive educational solutions for children with DCD across Europe and beyond.|10.3030/101288610|Cluster 2
101284500|EASI-OMICS|Integrated Multi-Omics Services for Next Generation Biomedical Research|2026-11-01|2030-10-31|6247822|HORIZON.1.3|HORIZON-INFRA-2025-01-SERV-04|HORIZON-INFRA-2025-01|HORIZON-INFRA-2025-01|HORIZON-RIA|The integration of multi-omics layers -genomics, transcriptomics, epigenomics, and proteomics- offers a uniquely comprehensive view of cellular states, regulatory mechanisms, and biological complexity. Advances in sensitivity, resolution, and multimodal approaches are rapidly transforming biomedical research, creating unprecedented opportunities for discovery and clinical translation. However, this potential is still underexploited due to disciplinary silos, highly specialised expertise and infrastructures, rapid technological change, data integration challenges, and unequal access to infrastructures, particularly in widening countries.EASI-OMICS will address these barriers by: (1) providing researchers across Europe with access to state-of-the-art multi-omics technologies and integrated analyses in a highly coordinated fashion; (2) training the next generation of researchers in data management, metadata standards, integrative analysis, and innovation; (3) establishing a robust framework for the management and integration of FAIR-compliant multi-omics datasets; and (4) bridging the divide between genomics and proteomics to build a translational, strategic, and sustainable foundation for integrated multi-omics research in Europe.Transnational Access will be coordinated through a centralised and transparent framework, with strong dissemination to ensure visibility, inclusiveness, and compliance with ethical requirements. Three competitive open calls will be launched to support ambitious projects on disease mechanisms, biomarker discovery and validation, and clinical translation. At least 50 projects will be funded, profiling thousands of samples across bulk, single-cell, and spatial modalities, with customised assays tailored to the needs of each experiment.By achieving these goals, EASI-OMICS will place Europe at the global forefront of biomedical multi-omics research and innovation, accelerating the translation of discoveries into science and patient benefit.|10.3030/101284500|Other
101287605|ARISE|Advanced platform for saRNA production at Industrial Scale in Eukaryotes|2026-05-01|2028-12-31|0|HORIZON.3.1|HORIZON-EIC-2025-TRANSITIONOPEN|HORIZON-EIC-2025-TRANSITIONOPEN|HORIZON-EIC-2025-TRANSITIONOPEN|HORIZON-EIC|Messenger RNA (mRNA) therapeutics have shown great promise for treating infections, cancer, and genetic diseases, but their production is expensive, complex, and difficult to scale. Current methods rely on cell-free systems that use costly enzymes and building blocks, limiting access to these therapies. There is a growing need for new ways to make mRNA that are affordable, reliable, and suitable for producing many different types of mRNA, including advanced formats such as self-amplifying RNA (saRNA), which can produce more therapeutic effect with lower doses. The ARISE project aims to create a new, yeast-based platform for large-scale, low-cost mRNA manufacturing. Yeasts are simple organisms that naturally make mature mRNA similar to that found in human cells, and they can be grown quickly and cheaply in industrial systems. However, mRNA inside yeast is normally broken down very quickly, preventing its use for medicine production. ARISE will overcome this by developing a method that switches on production of the desired mRNA inside yeast only when needed and stores it in special safe compartments, protecting it until it can be collected. The stored mRNA will then be extracted and purified using a simple and scalable process, enabling production of both standard and long mRNAs. ARISE project will also adapt the system to make complex, long self-amplifying RNAs, which contain the instructions for both the therapeutic protein and the machinery to copy themselves in the host’s cells. Finally, ARISE will scale up the process to pilot level, preparing it for industrial use. By lowering costs and enabling true large-scale production, ARISE will remove a major barrier to the development and fair distribution of mRNA medicines worldwide, supporting public health preparedness and innovation in advanced therapies.|10.3030/101287605|Other
101288545|OceanNexus|Assessing consequences in the cascading of climate Tipping in the ocean-Marine ecology-society connection|2026-09-01|2030-08-31|6531287,5|HORIZON.2.6|HORIZON-CL6-2025-02-CLIMATE-02|HORIZON-CL6-2025-02|HORIZON-CL6-2025-02|HORIZON-RIA|OceanNexus aims to push understanding and prediction of climate-driven tipping points and cascading effects in the ocean–marine ecology–society nexus. As global warming accelerates, abrupt changes in ocean systems—such as the collapse of the Atlantic Meridional Overturning Circulation (AMOC), slowdown of the Subpolar Gyre (SPG), and persistent marine heatwaves—pose escalating risks to biodiversity, ecosystem services, and human societies. OceanNexus will harness state-of-the-art eddy-rich Earth System Models (ESMs), advanced ecosystem models, and integrated assessment frameworks to quantify near-, mid-, and long-term impacts under multiple greenhouse gas emission scenarios. Five European case studies—North Atlantic, Baltic Sea, Bay of Biscay, Northwestern Mediterranean, and Ebro Delta—will provide contrasting contexts to analyze physical, ecological, and social system responses. The project pioneers the coupling of climate, ecological, and social models, enabling robust risk assessment and scenario planning. Novel statistical and AI tools will be developed to identify early warning signals of ocean and social tipping points. OceanNexus will deliver policy-ready indicators, engage stakeholders through science-policy panels, and co-design adaptive governance strategies for safe operating spaces. Outputs will support international assessments (IPCC, IPBES, UNFCCC), enhance monitoring of Essential Climate and Ocean Variables, and foster open science and societal learning. By integrating disciplinary expertise and promoting equity, OceanNexus will strengthen Europe’s leadership in ocean–climate–biodiversity science, inform transformative policy, and build resilience against future ocean tipping events.|10.3030/101288545|Cluster 6
101287943|PhytoPRISM|PhytoPRISM: A Platform for supporting a systems approach in Pest RISk Management|2026-09-01|2030-08-31|0|HORIZON.2.6|HORIZON-CL6-2025-02-FARM2FORK-05|HORIZON-CL6-2025-02|HORIZON-CL6-2025-02|HORIZON-RIA|PhytoPRISM will deliver a novel, co-designed data-driven platform to support a systems approach to pest risk management across the agri-food and forestry value chains. By integrating advanced epidemiological modelling with economic and behavioural insights, the platform will enable stakeholders, particularly National Plant Protection Organisations (NPPOs), to developed innovative optimised phytosanitary measures in a transparent, cost-effective, and sustainable way. The project focuses on six high-profile EU quarantine pests and will provide ready-to-use tools, training, and policy recommendations to improve preparedness, response, and long-term management. Through a multi-actor approach, PhytoPRISM will empower plant health authorities to make informed decisions that reduce reliance on pesticides, enhance resilience to climate change, ensure cost effectiveness for stakeholders across the value-chain, and support the EU Farm to Fork Strategy and Regulation (EU) 2016/2031. The platform will be pest-generic, interoperable, and designed for real-time decision support, enabling users to simulate scenarios, evaluate trade-offs, and design integrated strategies tailored to local contexts. By combining scientific rigour with stakeholder co-design, PhytoPRISM will strengthen Europe’s capacity to anticipate and respond to emerging plant pest threats, contributing to more resilient, sustainable, and climate-smart food systems.|10.3030/101287943|Cluster 6
101291179|PI-MOLL|Photonic Integrated Mode-Locked Laser|2026-05-01|2029-04-30|0|HORIZON.3.1|HORIZON-EIC-2025-TRANSITIONOPEN|HORIZON-EIC-2025-TRANSITIONOPEN|HORIZON-EIC-2025-TRANSITIONOPEN|HORIZON-EIC|Femtosecond mode-locked lasers (fs-MLLs) are key tools for generating optical frequency combs, enabling precision metrology, spectroscopy, LiDAR, terahertz generation, and microwave photonics. Yet current fs-MLLs rely on hand-assembled fiber oscillators, which are bulky, costly, and unsuited for volume applications. To address this bottleneck, fs-MLLs must be realized on photonic integrated circuits (PICs), combining performance with wafer-scale manufacturability.EPFL has recently demonstrated the first self-starting photonic integrated mode-locked laser (PI-MLL) that delivers femtosecond pulses with low noise and turnkey operation. The device merges two proven technologies: low-loss silicon nitride PICs with erbium ion implantation, yielding record-gain waveguide amplifiers, and semiconductor saturable absorbers (SESAMs), a mature solution for mode-locking. This approach enables 300-fs pulses at >1 GHz repetition rates with pulse energies up to 55 pJ, a pump threshold as low as 27 mW, and exceptional frequency comb stability. PI-MLLs can be packaged in standard butterfly modules and battery-powered, offering compact and robust solutions.The project PI-MOLL will advance this breakthrough to a packaged prototype (TRL 6) ready for customer testing. Technical objectives include photonic packaging, SESAM design, and integration. Application demonstrations will target terahertz time-domain spectroscopy for nondestructive testing and photonic analog-to-digital converters for microwave photonics. In parallel, commercialization activities - market analysis, IP build-up, trade fairs, and customer engagement—will be pursued with partners EDWATEC and MENLO Systems.By delivering the first wafer-scale manufactured chip-scale fs-MLL, PI-MOLL will overcome the limits of fiber-based lasers, unlock scalable and cost-effective solutions, and catalyze applications across metrology, imaging, LiDAR, and spectroscopy.|10.3030/101291179|Other
101286529|SAFESEA|Safeguarding from Acidification: Feedbacks and Ecosystem Services for European and global Action|2026-09-01|2030-08-31|6458405,75||HORIZON-CL6-2025-02-CLIMATE-02|HORIZON-CL6-2025-02|HORIZON-CL6-2025-02|HORIZON-RIA|Safeguarding from Acidification: Feedbacks and Ecosystem Services for European and global Action (SAFESEA) is a four-year project designed to co-develop science-based, stakeholder-driven responses to the growing threat of ocean acidification. SAFESEA will deliver decision-support tools, indicators, and narratives to inform governance and climate adaptation across national, regional, and global scales. The project focuses on three levels of impact: (i) the global scale, supporting the UNFCCC, IPCC, SDGs, and Planetary Boundaries framework; (ii) the regional scale, aligning with European Green Deal objectives and implementation of the Marine Strategy Framework Directive, OSPAR, HELCOM and the Barcelona Convention; and (iii) the national scale, with case studies in Norway, Chile, and the French-Mediterranean to support local government, industries, and communities. SAFESEA will advance knowledge on ocean acidification through coordinated observational strategies, process studies, and integrated modelling. It will reduce key uncertainties in ocean carbon uptake, trends, and variability from the surface to the ocean interior, with emphasis on the Arctic, Southern Ocean, and other under-observed regions. The project will investigate ocean acidification in the context of other stressors (e.g., warming and deoxygenation), assess impacts on ecosystems and services, and develop relevant indicators, thresholds, and governance frameworks. Through six interconnected work packages, SAFESEA will link science, society, and policy. It will strengthen data infrastructures and FAIR compliance, build capacity through co-creation and training, and ensure long-term impact through targeted dissemination, exploitation, and strategic alignment with EU and international initiatives. SAFESEA will provide the robust, stakeholder-aligned knowledge and tools needed to manage and adapt to ocean acidification in a rapidly changing world.|10.3030/101286529|Cluster 6
101295973|FEATS-G|Quantifying the Potential of Quantum Space Gravimetry|2026-09-01|2029-08-31|0|HORIZON.2.4|HORIZON-CL4-2025-02-SPACE-81|HORIZON-CL4-2025-02|HORIZON-CL4-2025-02|HORIZON-RIA|FEATS-G will quantify the potential of a future quantum space gravimetry (QSG) mission by detailed simulation experiments for various real-world applications related to the monitoring of underground changes over time, e.g., geophysics, climate research, and Earth sciences in general. By bringing together researchers from 13 European and 7 Japanese institutions as well as experts in space mission design, geodetic gravity field processing, and numerous application areas, we will quantify and illustrate the added value of novel QSG mission concepts based on either gravimetry and gradiometry configurations over already existing (GRACE/-FO) or firmly planned gravity satellite constellations (GRACE-C and NGGM/MAGIC). By building on the latest sensor specifications from CARIOQA and other industry-lead research activities, we will perform detailed end-to-end satellite simulation studies to develop new (or refined) retrieval algorithms for various applications that are specifically tailored towards capitalizing on the enhanced sensitivity of the quantum sensors. The project will prepare the scientific community for the new QSG data and aims to significantly enhance European competitiveness in quantum technology and satellite-based gravity monitoring. In the long-run, FEATS-G shall pave the way towards realizing the space component of a full-scale network of ground, airborne and space-based gravimeters for Earth observation purposes tailored towards research, commerce, and security applications by consolidating user requirements across different disciplines for a highly precise and global gravity field monitoring from space.|10.3030/101295973|Cluster 4
101297780|VIVE|Vehicle Interior Virtual Environment|2026-05-01|2029-04-30|5547583,75|HORIZON.2.4|HORIZON-CL4-2025-03-HUMAN-14|HORIZON-CL4-2025-03|HORIZON-CL4-2025-03|HORIZON-RIA|VIVE’s ambition is to reimagine the vehicle interior as a seamless immersive display environment, pushing the boundaries of XR-enabled human–technology interaction in automotive cabins by introducing a new paradigm of human-centric XR Head-Up Displays (XR-HUDs) for naturalistic, intuitive and safe driving experiences.VIVE will deliver two disruptive photonics and optics technologies: (i) a compact holographic projection unit, capable of low-latency, multi-plane 3D projections; and (ii) photonic films embedding diffractive and metasurface structures, to be applied onto dashboard and windscreen surfaces to redirect light precisely to the driver’s eyes, while remaining transparent, manufacturable at scale, and easy to install. These breakthroughs will overcome the inherent limits of current HUDs, unlocking wide field of view, large eyebox, adaptive brightness, robust colour reproduction and durable optical components fit for the demanding operation conditions of automotive environments. The XR-HUD will be orchestrated by a control unit to dynamically manage the flow of XR content based on real-time environment, context and driver state data.Human Factors and User-Centred Design principles will guide the development process, ensuring that ergonomics, inclusivity, and real user perception are embedded in every step. Validation will take place across three complementary pilots (static in-cabin integration, immersive driving simulation and controlled real driving experience) covering a wide set of driving scenarios to ensure results consistency. Technical performance metrics will be assessed alongside human factors (comfort, visibility, reaction time, attention, motion sickness, distraction), guaranteeing that VIVE delivers safer, more comfortable, and more immersive driving experiences. Leveraging VIVE technologies, human-centric XR solutions could also be developed for application across other sectors, thus cross-fertilisation will also be fostered during the project|10.3030/101297780|Cluster 4
101298343|QuoUSKWe|Quantum computing European Union-South Korea Working Team|2026-05-01|2029-04-30|2667076,25|HORIZON.2.4|HORIZON-CL4-2025-03-DIGITAL-EMERGING-03|HORIZON-CL4-2025-03|HORIZON-CL4-2025-03|HORIZON-RIA|QuoUSKWe aims to accelerate the adoption of quantum computing by addressing key barriers such as complex programming interfaces, limited optimization, and fragmented development tools. The project is structured around four main research pillars of relevant academic and industrial interest.Compiler and Toolchain Innovation: new software tools to enhance quantum programming, integrating the Qrisp language and building a more intuitive, reusable, and extensible compiler infrastructure based on MLIR technology. By combining classical and quantum optimizations, the project aims at improving the quality and efficiency of algorithms running on quantum devices.Quantum Cryptanalysis: new quantum algorithms/circuits to accelerate attacks against quantum-safe cryptosystems, which will be used to evaluate the degree of vulnerability of post-quantum cryptographic algorithms. This research will contribute to the development of secure systems for public, commercial, and governmental use.Quantum Artificial Intelligence(AI) in AI-Radio Area Networks (RAN) for 6G: combines classical & quantum computing to enhance AI methods designed for real-time threat detection, low-latency autonomous control, and the implementation of Zero-Trust architectures in 6G AI-RAN environments.Quantum simulation of strongly correlated systems: explores how Hamiltonian simulation and quantum algorithms can support the ground state preparation of strongly correlated systems to address the limitations of real hardware, and unlock superpolynomial execution for applications in materials, chemistry, and optimization domains. A key feature of QuoUSKWe is its focus on fostering strategic research collaborations between EU and ROK universities and firms, which will use their complementary expertise to accelerate the co-design and development of quantum technologies, ensuring both regions remain leaders in quantum innovation.|10.3030/101298343|Cluster 4
101298672|IRIS-XR|Immersive realism through integrated sensing and optics for extended reality|2026-06-01|2029-05-31|5712940|HORIZON.2.4|HORIZON-CL4-2025-03-HUMAN-14|HORIZON-CL4-2025-03|HORIZON-CL4-2025-03|HORIZON-RIA|IRIS-XR aims to design, integrate, and validate a next-generation XR hardware–software platform that redefines the limits of visual quality, energy efficiency, and real-time responsiveness. The project combines breakthroughs in photonics, compact sensing, and AI-driven multimodal interaction to overcome longstanding barriers of contrast, stability, and integration in current XR systems. By delivering a coherent and scalable solution, IRIS-XR will enable immersive, adaptive, and sustainable XR experiences and strengthen Europe’s leadership in advanced hardware platforms. At its core, IRIS-XR develops a novel display backlight technology that dramatically enhances contrast, colour gamut, and visual uniformity while simultaneously reducing artefacts and energy use. The system further integrates display-embedded infrared eye-tracking, ensuring robust and accurate gaze interaction across diverse lighting conditions and eyewear types. Complementing this, ultra-fast event-based sensing modules provide precise eye, hand, and gesture tracking with minimal latency. These sensing capabilities are unified through an embedded AI engine for multimodal fusion, which combines gaze, depth, and gesture signals into a stable, real-time interaction layer. This enables more natural, intuitive, and responsive user experiences that adapt seamlessly to context. To validate its impact, IRIS-XR will be demonstrated in high-value pilot domains such as flight simulation, healthcare, and automotive applications, where usability, ergonomics, and performance improvements are critical. Through this integrated approach, the project will establish a new benchmark for XR platforms, delivering both technological excellence and societal benefit.|10.3030/101298672|Cluster 4
101296432|CONNCERTO|AdvanCed RF and high-speed intercONNeCts for futurE boaRd-to-board space soluTiOns|2026-06-01|2029-05-31|986586,25|HORIZON.2.4|HORIZON-CL4-2025-02-SPACE-73|HORIZON-CL4-2025-02|HORIZON-CL4-2025-02|HORIZON-RIA|CONNCERTO will strengthen Europe’s non-dependence in space electronics by developing, demonstrating under relevant conditions, and preparing the qualification of ITAR-free connector technologies for next-generation payloads and constellations. The project focuses on three families: high-frequency RF (Ka→W band), solderless board-to-board for DC/RF, and high-data-rate board-to-board (≥56 Gbps). It targets TRL 5-6 and delivers an EPPL/ESCC-ready qualification package. The project gathers a European multidisciplinary consortium with recognised expertise and past successful collaborations. Radiall (coord.) leads R&D, detailed design and prototyping of the SAFIR (RF) and NAOS (solderless) concepts. Thales Alenia Space France secures end-user requirements, runs architecture trade-offs, and manages signal-integrity/mechanical integration. UPV designs and fabricates representative PCB demonstrators and performs RF/SI characterisation. RGM conducts environmental and functional testing, reliability assessment, and compiles the qualification dossier. Methods follow ECSS/ESA/ISO practices; results are validated on an integrated demonstrator representative of active-antenna front ends.  Main achievements include prototype connectors, test datasets, design packages, a demonstrator acceptance report, and a complete qualification dossier. Among the main expected impacts are: a secure European supply of export-control-independent interconnects; higher payload performance and easier integration through wide-band RF and solderless solutions that cut parts, mass and AIT effort; faster uptake in LEO/MEO constellations and institutional missions via compatibility with OpenVPX and cPCI-SS; and durable EU market growth supported by a resilient value chain in France, Spain and Italy.|10.3030/101296432|Cluster 4
101298706|WeHear|Visual Hearing for Context-Aware Cognitive Audio Technology|2026-09-01|2029-08-31|5411207,5|HORIZON.2.4|HORIZON-CL4-2025-03-HUMAN-14|HORIZON-CL4-2025-03|HORIZON-CL4-2025-03|HORIZON-RIA|WeHear proposes a novel Virtual World-enabled hearing-assistive technology for smart glasses, designed to generate interactable and socially intelligent reconstructions of the user’s acoustic environment. The system integrates head-mounted cameras and microphone arrays with in-ear monitors. It combines egocentric vision AI with spatial audio technology to render a navigable acoustic scene directly to the user’s ears with enhanced communication partners. WeHear develops core AI components for this technology, including egocentric vision for identifying communication contexts, speech source separation, and real-time sound field reconstruction. As a key innovation, WeHear will develop egocentric vision AI capable of identifying and tracking communication partners over time, even in the presence of occlusions. This avoids the need for users to orient their head or gaze toward relevant sound sources and represents a significant step toward context-aware communication technology that adapts the sound environment to the user’s social context during everyday activities. WeHear will develop functional demonstrators of this video-informed hearing technology. The project will create and publish a large-scale open dataset from human communication experiments with AI benchmarks to foster an open innovation ecosystem for future co-creation of cognitive hearing technologies. Together, the project aims to lay the foundation for next-generation Virtual World hearing instruments that empower hearing-impaired users to communicate effectively in complex, noisy environments.|10.3030/101298706|Cluster 4
101269692|SPECS|ImpuritieS ImPacts and ManagEment for CO2 Storage|2026-05-01|2029-10-31|0|HORIZON.2.5|HORIZON-CL5-2025-02-D3-25|HORIZON-CL5-2025-02|HORIZON-CL5-2025-02|HORIZON-RIA|To achieve the EU’s challenging objectives of carbon emission reduction, CCS is a key part of the solution to decarbonize industry. So, the deployment of CCS is set to reach industrial levels in the coming years. With the impending increase of capture capacity, storage operators will have to combine CO2 streams coming from different sources. Mixing these CO2 streams, with different impurity compositions, can induce specific challenges for the design and safe operation of CO2 transport and storage networks. Furthermore, Directive 2009/31EC mandates that the CO2 stream impurities should be below levels that pose a significant risk to the transport and storage integrity, the environment, or human health.  However, while considerable research has addressed the impact of impurities on CO2-transport, focusing on both corrosion and flow assurance challenges, the impact of impurities on the integrity of the storage complex itself (comprising well(s), reservoir rock, and caprock) has received little attention. Even so for each component of the storage complex that can be specifically impacted by CO2 mixed with impurities. The SPECS project aims at unravelling the impacts of impurities system-wide, from the injection well to the caprock. Besides increasing the understanding of the effects of impure CO2 flows and derisk impurities presence in the storage complex, SPECS ambition is to provide protective/mitigation/monitoring solutions, as well as guidance and recommendations for technology providers and regulatory authorities, in order to be able to contribute to standardization work in collaboration with certification and standardisation bodies. The overall ambition of the project is to facilitate access to storage for more CO2 stream mixes and enhance the CCS chain economics. SPECS project concept is based on an integrative approach of the impact of impurities on the storage complex from the wells to the caprock.|10.3030/101269692|Cluster 5
101273576|OceanSOS|CREATING A SAFE OPERATING SPACE FOR THE DEEP AND OPEN OCEAN|2026-05-01|2030-04-30|6494831,25|HORIZON.2.6|HORIZON-CL6-2025-02-CLIMATE-02|HORIZON-CL6-2025-02|HORIZON-CL6-2025-02|HORIZON-RIA|OceanSOS begins by assessing emerging threats to some of the most dynamic and productive marine ecosystems on Earth. Oceanic food webs provide vital ecosystem services to humankind including food, nutrient cycling, and climate regulation. However, we understand little about how existing and emerging human activities threaten food web health and integrity. We will address this critical knowledge gap using a threat intelligence lifecycle to better understand emerging threats over short, medium and long timescales. We will generate essential data on the impacts that existing and emerging threats will have on bentho-pelagic coupling, the biological carbon pump and food web energy flow, and how those impacts will be compounded by climate change. Data and insights will be co-developed with experts through regional workshops, state-of-the-art models, and an ambitious programme of fieldwork in key regions where globally significant mesoscale eddy activity drives exceptional biological productivity sustaining hotspots of marine biodiversity. We will investigate ecological stability limits and economic impacts of food web changes while considering public perceptions of risks and benefits from emerging ocean activities. Furthermore, we will downscale the existing Planetary Boundaries Safe Operating Space framework to oceanic areas beyond national jurisdiction. This brings the role that the ocean plays in regulating planetary stability into the SOS framework for the first time. We will create a regional SOS approach for application in European, regional, and global management to provide decision-makers with the threat awareness they need to take precautionary management and improve ocean governance. A new immersive digital planetarium show will be created to share OceanSOS and its discoveries with the public. Our outputs will ensure that the billions of people across generations who rely on a healthy ocean can continue to do so in a safe, just and sustainable way.|10.3030/101273576|Cluster 6
101289659|AKIS4FNSSA|Strengthening AU–EU R&I Partnerships: Mission-Oriented AKIS for FNSSA|2026-09-01|2030-08-31|0|HORIZON.2.6|HORIZON-CL6-2025-02-FARM2FORK-16|HORIZON-CL6-2025-02|HORIZON-CL6-2025-02|HORIZON-RIA|AKIS4FNSSA seeks to transform the fragmented experiences in African AKIS with its AU-EU relations into a legitimate, sustainable, and mission-driven AKIS infrastructure. In doing so, it will foster systemic change in innovation and agrifood systems toward agroecology and climate resilience, and will impact interactions between science, society and policy on (bi-)continental R&I agendas. The project’s objective is to assess and empower the joint AU–EU Agricultural Knowledge and Innovation System through the AKIS Nexus, an inclusive, multi-actor, and multi-level engagement platform. This platform is designed to strengthen climate-resilient farming and accelerate agroecological transitions in food systems in both Africa and the EU. To achieve these ambitions, AKIS4FNSSA will achieve its envisaged outcomes and impact by understanding and mobilizing AKIS actors and networks at different levels in processes of co-creation, enhancing human and institutional capital, and piloting new solutions and governance structures. The envisaged impact is to strengthen the AU–EU agrifood systems R&I governance framework by evolving the IRC into an enduring infrastructure and a community of practice that that drives agricultural innovation in Africa. AKIS4FNSSA is a shared African and European knowledge investment into a productive, innovative-driven and inclusive agricultural innovation system supporting the FNSSA Partnership.|10.3030/101289659|Cluster 6
101290394|DENOVOSS|De Novo Ossification using human engineered cartilage as cell-free biomaterial|2026-06-01|2029-05-31|0|HORIZON.3.1|HORIZON-EIC-2025-TRANSITIONOPEN|HORIZON-EIC-2025-TRANSITIONOPEN|HORIZON-EIC-2025-TRANSITIONOPEN|HORIZON-EIC|Bone trauma and critical skeletal defects remain a major global health challenge, affecting millions of patients each year and driving multi-billion-euro costs for healthcare systems. Current grafting solutions face persistent limitations in effectiveness and scalability. The unmet need is clear: a potent, safe, consistent, and off-the-shelf product that reliably induces bone formation across clinical contexts.The DENOVOSS consortuim proposes OssiGel, a first-in-class, cell-free regenerative biomaterial derived from engineered human cartilage. OssiGel is produced from a standardized immortalized mesenchymal stem cell line, decellularized to yield a stable extracellular matrix gel that retains structural proteins and over 2,000 bioactive factors. This unique composition triggers endochondral ossification, the natural developmental pathway of bone formation, thereby orchestrating host-mediated recruitment of progenitor cells and vascularization. Unlike current options, OssiGel combines the potency of living grafts with the safety, reproducibility, and scalability of an acellular, shelf-stable product.The project will advance OssiGel from TRL4 to TRL6, finalizing a GMP-compliant formulation, validating efficacy in large-animal mandibular models, completing GLP safety studies, and preparing a clinical trial application for first-in-human testing in alveolar ridge augmentation—an accessible, high-volume entry indication in dental and maxillofacial surgery. In parallel, DENOVOSS will establish market validation, reimbursement mapping, IP consolidation, and investor readiness to ensure a credible commercialization pathway.Ossigel will be addressing urgent patient needs while opening significant commercial opportunities. Capturing a market opportunity  estimated at €300–600M annually in safety-priority cohorts with an additional €200–250M in general populations. DENOVOSS will thus deliver a clinically credible, commercially viable, and transformative solution.|10.3030/101290394|Other
101292011|GLIOBREAK|Developing a new treatment and companion diagnostic to improve outcomes for glioblastoma patients|2026-05-01|2028-10-31|0|HORIZON.3.1|HORIZON-EIC-2025-TRANSITIONOPEN|HORIZON-EIC-2025-TRANSITIONOPEN|HORIZON-EIC-2025-TRANSITIONOPEN|HORIZON-EIC|Glioblastoma (GBM) remains a devastating brain cancer with limited treatment advances and poor survival outcomes. The GLIOBREAK project aims to develop BEA-17, a first-in-class oral small molecule that degrades epigenetic regulators LSD1 and CoREST, thereby reversing GBM immune evasion and enhancing responsiveness to immunotherapy.The main objectives are to advance BEA-17 and its biomarker-driven companion diagnostic from validated laboratory stage (TRL4) to early clinical readiness (TRL6). This will be achieved through scalable GMP manufacturing, GLP-compliant safety and pharmacokinetic studies, efficacy validation in preclinical models, biomarker discovery and validation, and regulatory preparation including orphan drug designation.GLIOBREAK directly addresses key challenges outlined in the EICT work programme by proposing a novel immuno-epigenetic therapy targeting GBM’s immunosuppressive microenvironment, combined with precision biomarker-based patient stratification to improve clinical outcomes. This aligns with Europe’s Beating Cancer Plan and EU priorities for innovative, personalized oncology medicines.By integrating fundamental biological insights with cutting-edge therapeutic and diagnostic development, GLIOBREAK aims to deliver a transformative new treatment option for GBM patients and establish a platform for expanding into other difficult-to-treat cancers, reinforcing Europe’s leadership in precision immuno-oncology.|10.3030/101292011|Other
101291488|m-CONNECT|Management of Coastal Networks Nurtured through Ecosystem assessment, Collaboration and Technology|2026-09-01|2030-08-31|0|HORIZON.2.6|HORIZON-CL6-2025-01-BIODIV-07|HORIZON-CL6-2025-01|HORIZON-CL6-2025-01|HORIZON-RIA|Coral reefs, mangrove forests, and seagrass meadows form ecologically connected coastal seascapes (CMS-metasystems) that underpin critical ecosystem services and contribute to climate resilience in island and coastal communities. However, the integrated role of different forms of connectivity within these CMS-systems—particularly in relation to ecosystem service provisioning and adaptation capacity—remains insufficiently understood. This project will address this knowledge gap by investigating CMS-metasystems in protected and unprotected managed areas across low-lying reef islands in island Southeast Asia and the Western Pacific, from the Coral Triangle to Vanuatu, following a gradient of systems that differ in their natural biodiversity levels.The project aims to co-develop, with Indigenous Peoples and Local Communities (IPLCs), science-based guidelines for CMS-metasystem conservation, restoration, and ecosystem service enhancement. These guidelines will incorporate ecological, biogeochemical and geomorphological data on system connectivity, local knowledge, and socio-ecological needs. Particular emphasis will be placed on three key ecosystem services: natural-resource provisioning (fisheries), coastal protection through carbonate production and sediment dynamics, and Blue Carbon potential.By embedding the concept of ecological and morphological connectedness into restoration and conservation planning, the project is expected to increase the long-term success of interventions in CMS-metasystems and enhance the capacity of governance actors in the study region. It will further strengthen the coherence between scientific, policy, and community-based frameworks by demonstrating scalable and inclusive co-design approaches, ultimately contributing to resilient coastal ecosystems and communities under climate change.|10.3030/101291488|Cluster 6
101288143|TAIST|TUMOUR ACTIVATED IMMUNOTHERAPY FOR SOLID TUMOURS (TAIST)|2026-06-01|2029-05-31|7478174,75|HORIZON.2.1|HORIZON-HLTH-2025-01-TOOL-05|HORIZON-HLTH-2025-01|HORIZON-HLTH-2025-01|HORIZON-RIA|Cancer remains a major global burden, with an estimated 19 million new cases and almost 10 million deaths due to cancer in 2020. For many cancers, the survival rate remains low despite new therapies becoming available. For example, lung cancer survival estimates are 25% at five years. The overall burden of cancer incidence and mortality is growing rapidly and there remains a critical need for new and effective treatments. Although immunotherapeutic approaches for cancer have revolutionized the treatment options for cancer patients, there are still many limitations to the approach. For example, the immune checkpoint inhibitors (ICIs) only work in a limited set of solid tumour indications and generally achieve responses rates of around 25%. This is mainly due to cancer mechanisms that suppress immune activation.The overall goal is to perform an expansion study in one or two tumour indications in up to 24 participants as part of the open ATTEST phase I clinical trial, to further explore the mechanism of action and efficacy.. ATTEST aims to benefit patients with solid tumours using a novel disruptive immunotherapy (ATTR-01) that addresses the major limitations of current immunotherapies. ATTR-01 has the potential to be used in several cancer types, representing over 700,000 patients per year in the EU alone and around 43 billion Euros a year in net revenue. The purpose is to further explore the mechanism of action and efficacy. The data from this investigation will seed future clinical trials to assess the activity of ATTR-01, with the ambition of developing the drug to market approval. The impact will include enabling healthcare providers, researchers and patients getting faster access to innovative therapies, benefiting the EU by increasing the number of clinical trials being conducted with new biotech therapeutic approaches and benefiting small and medium-sized enterprises (SMEs) from the EU and Associated Countries by strengthening the health biotech sector.|10.3030/101288143|Cluster Health
101288733|MIREYA|Multimodal data Integration and AI-based REsearch on environmental exposures in children and Young Adult cancers|2026-06-01|2031-05-31|7147876,25|HORIZON.2.1|HORIZON-MISS-2025-02-CANCER-02|HORIZON-MISS-2025-02|HORIZON-MISS-2025-02|HORIZON-RIA|MIREYA is a pan-European, multi-omic, multi-exposures and multi-disciplinary project that advances research and delivers a yet unavailable understanding of the impact and causal pathway of multiple environmental exposures on the development and outcomes in rare children (0-14 years) and adolescent and young adults (15-39 years [AYA]) cancers (i.e. embryonal tumours, central nervous system and colorectal cancers). The project will leverage an unparalleled amount of epidemiology datasets from population-based cancer registries from 9 European Countries - collecting data for about 65,000 children and AYA with rare and less studied cancers and more than 500,000 controls – with large pan-European datasets on environmental exposures and socioeconomic position information. These datasets will be integrated with omic data, producing and making available a multisource pan European dataset aligned with the UNCAN and the EHDS platforms. This wealth of data will allow us to identify personalised biological fingerprints of the exposures and define their impact at biological level. Using multilayered research approaches based on reuse, integration and innovative AI-causal-driven analysis of multi-source and multi-disciplinary data (e.g., biological, environmental, social and economic) we will disentangle the combined role of host features and environmental exposures on development and outcomes of cancer in children and AYAs at different stages of life. We will further add to these advances by building the first base of evidence on the potential economic impact of prevention policies aimed at modifiable risks also through social protection measures on cancer inequalities among children and AYAs. This action is part of the Cancer Mission cluster of projects on ‘Understanding (environmental exposure in Children and Adolescent and young adults - CAYAs)|10.3030/101288733|Cluster MISS
101288450|CONNECT4HEALTH|CONNECT4HEALTH: Coordinated NCD Care Transformation through Community and Networked Health Platforms in Indonesia, Nepal, Uganda, and Ethiopia|2026-09-01|2030-08-31|4720275,44|HORIZON.2.1|HORIZON-HLTH-2025-01-DISEASE-06|HORIZON-HLTH-2025-01|HORIZON-HLTH-2025-01|HORIZON-RIA|The rising burden of non-communicable diseases (NCDs) and their frequent comorbidity with depression pose a major challenge to health systems in low- and middle-income countries (LMICs). Current NCD and mental health services are often fragmented, with gaps in referral, inconsistent follow-up, and limited data exchange between community and facility levels, resulting in poor continuity and outcomes. CONNECT4HEALTH will co-adapt and implement an Integrated Care Package (ICP) that combines interoperable digital health platforms with community health worker (CHW)-led delivery to strengthen primary health systems in Indonesia, Nepal, Ethiopia, and Uganda. The ICP incorporates 11 WHO-recommended digital health components, including client registration, decision support, referral and counter-referral, longitudinal tracking, and targeted communication, while integrating depression management into NCD pathways. The four participating countries have differing levels of clinical and digital readiness, creating opportunities for adaptation and cross-country learning. The intervention is aligned with national digital health strategies, ensuring policy relevance and government ownership. Guided by the Exploration, Preparation, Implementation, and Sustainment (EPIS) framework, the project will: (i) assess readiness and co-develop an Implementation Logic Model; (ii) adapt digital workflows, referral mechanisms, and capacity-building programmes; (iii) evaluate adoption, fidelity, equity, and cost using mixed-methods before–after and cross-case designs; and (iv) co-create sustainability and scale-up roadmaps. By embedding equity, gender responsiveness, and community engagement, CONNECT4HEALTH will enhance early detection, treatment adherence, and continuity of care. The project will generate transferable lessons on embedding digital and community-based models into national systems, advancing SDG 3.4 and Horizon Europe’s mission of resilient and equitable health systems.|10.3030/101288450|Cluster Health
101288100|THEODORA|immunoTHErapies targeting neOgenes in paeDiatric and adOlescent saRcomAs|2026-09-01|2032-02-29|0|HORIZON.2.1|HORIZON-MISS-2025-02-CANCER-04|HORIZON-MISS-2025-02|HORIZON-MISS-2025-02|HORIZON-RIA|"""THEODORA addresses the unmet need for effective and less toxic therapies for paediatric and adolescent fusion-positive sarcomas, particularly Ewing sarcoma (EwS), where 2-year survival at relapse remains below 10%. Building on the recent discovery of oncogenic chimeric transcription factors-driven “neogenes” as a novel class of shared, tumour-specific antigens, the project aims to establish a European master protocol framework to evaluate innovative immunotherapies in early-stage clinical trials.The first substudy will be the first-in-class and first-in-child evaluation of disruptive TCR-T cells engineered to target an EwS-specific neogene. Innovative monitoring tools will be implemented, including liquid biopsy, AI-enhanced imaging, and immune profiling together with statistical modelling, to track responses and resistance mechanisms. Patient-reported outcomes and real-time feedback loops will capture the child’s and family’s experience, ensuring a patient-centred and socially responsible approach. Data will be managed under FAIR principles and shared through UNCAN.eu, creating a reference use case for European paediatric oncology.THEODORA brings together four leading paediatric oncology centres with proven expertise in early-phase clinical trials and translational research, alongside immunologists, data scientists, SSH experts, and patient advocates, to accelerate next-generation therapies. A core focus is advancing TCR-T product development through process optimisation, manufacturing innovation, and regulatory readiness to ensure feasibility and accessibility. Endorsed by ITCC and embedded in EU CAN KIDS and Euro Ewing Consortium networks, the project fully aligns with Horizon Europe Cancer Mission goals. By establishing a sustainable, multinational framework for innovative trials, THEODORA will deliver the first clinical evidence for TCR-T–based targeted immunotherapies in EwS and pave the way for broader application across OCTF-driven sarcomas.This action is part of the Cancer Mission cluster of projects on “Diagnosis and Treatment - innovative clinical trials for paediatric cancer""""."""|10.3030/101288100|Cluster MISS
101289538|PREPAIR-VAC|PREParedness using Artificial Intelligence for Rapid VACcine design|2026-09-01|2030-08-31|6572638,75|HORIZON.2.1|HORIZON-HLTH-2025-01-DISEASE-04|HORIZON-HLTH-2025-01|HORIZON-HLTH-2025-01|HORIZON-RIA|Zoonotic diseases are the cause of >70% of emerging infectious diseases. In PREPAIR-VAC, we use Influenza, specifically H1N1 as a model disease. Vaccination is considered the most effective public health measure to prevent the impact of any viral threats, including Influenza. Current vaccine design approaches are reactive by nature and will require to know the circulating strain before designing the vaccine. As a result, viruses can spread widely before the vaccine is made available, making vaccine design and production major bottlenecks in rapid outbreak response. The main objective of the project is to establish and validate a rapid, scalable, and modular AI-driven pipeline for vaccine development that addresses every critical component of the pipeline: prediction of the evolution of pathogens, antigen selection and vaccine design and manufacturability. To achieve this ambitious goal, we have designed a comprehensive methodology that couples the development and validation of AI toolkits with efficient technologies for vaccine manufacturing and formulation with potential for rapid upscale and efficient roll out. Furthermore, we will also address the ethical, legal and social dimensions of potential AI-driven vaccines through stakeholder engagement activities to evaluate barriers to their acceptance and deployment. Addressing societal concerns is essential to ensure the development of trustworthy, ethical and unbiased AI-driven solutions and the successful uptake of novel vaccine technologies. AI-driven solutions  can become the key to shortening the path from an outbreak to available vaccine doses - strengthening Europe’s capacity to react to pandemics by increasing resilience, autonomy, and preparedness. PREPAIR-VAC represents a decisive step forward in this direction by offering a scalable AI-driven pipeline for vaccine development, readily adaptable to respond to other infectious diseases.|10.3030/101289538|Cluster Health
101288858|IMPACT|IMproving the outcome of Peritoneal and Pleural metastases using Aerosolized ChemoTherapy|2026-07-01|2032-06-30|10031371,25|HORIZON.2.1|HORIZON-MISS-2025-02-CANCER-03|HORIZON-MISS-2025-02|HORIZON-MISS-2025-02|HORIZON-RIA|Improved therapy of peritoneal metastases (PM) and malignant pleural effusion (MPE) is an important clinical need. Recently, intracavitary aerosolized drug delivery (ADD) has been introduced in the treatment of PM and MPE. This innovative, EU developed therapy involves nebulization of chemotherapy during either laparoscopy (pressurized intraperitoneal aerosolized chemotherapy, PIPAC) or thoracoscopy (pressurized intraperitoneal aerosolized chemotherapy, PIPAC). Also, preliminary data suggest that ADD may be optimized by using electrostatic precipitation (ESP). As yet, however, no randomized trials have tested the efficacy of PIPAC or PITAC. The IMPACT project aims to establish ADD as a novel standard of care in patients with PM and MPE. First, a comprehensive assessment of patient needs and expectations will be performed, supported by experts in participatory research methods. Based on the input of multiple stakeholders including patients, methodologists, and health care professionals, three randomized clinical trials will be designed in PM from colorectal and gastric cancer, and in MPE. These trials will be run in more than 30 clinical sites in 7 EU countries, and will include >500 patients. In a subgroup of patients, the effects of ESP on drug distribution and tumor tissue penetration will be studied. In addition to clinical and patient related outcomes, health technological assessment will be performed to establish cost effectiveness and value in diverse EU health care systems. To reach all relevant stakeholders, a broad range of communication, exploitation, and dissemination tasks will be performed in order to maximize the visibility and impact of the project results. In parallel, a modular implementation strategy will be deployed to maximize clinical adoption of this innovative treatment strategy and ensure acceptability, usability, and scalability in diverse health care settings.This action is part of the Cancer Mission cluster of projects on “Diagnosis and Treatment-Innovative Surgery|10.3030/101288858|Cluster MISS
101289129|OCTOPOD-Ph2a|A Novel Phase-2a Clinical Trial for a Next-Generation Oncolytic Immunotherapy Targeting Platinum-Resistant Ovarian Cancer|2026-06-01|2029-05-31|7998791,25|HORIZON.2.1|HORIZON-HLTH-2025-01-TOOL-05|HORIZON-HLTH-2025-01|HORIZON-HLTH-2025-01|HORIZON-RIA|Annually 87,894 EU citizens are diagnosed with ovarian cancer (OC), with >75% at an advanced stage and poor long-term outcomes (<25% 5-year survival). Standard-of-care first-line treatments combine cytoreductive surgery, platinum-based chemotherapies, and paclitaxel. Although initially effective, most patients relapse (>70% within 3-years) and become resistant to treatment. There are no effective treatments for platinum-resistant OC (PROC) and patients have a life expectancy of <12-months.  Therapeutic challenges result from the heterogeneous and immune-suppressed nature of the tumour microenvironment, and high volume of cancer-associated fibroblasts (CAFs), that create barriers to treatment and promote tumour survival mechanisms.THEO-260 is a next-generation oncolytic virus demonstrating:- world-first dual efficacy, targeting both patient CAF- and cancer- cells- high tumour selectivity (low toxicity)- strong TME modulation (immune cell infiltration) and adaptive immune responses- high systemic activity (intravenous delivery via standard-of-care practices and treatment of metastatic tumours)Currently in Phase-1 trials, THEO-260 is expected to deliver a game-changer in PROC treatment, tripling patient survival, improving quality-of-life, and doubling 5-year survival rates for advanced stage disease.The project assembles a world class consortium, comprising one of Europe’s leading SME OV Biotechs and 4 centres of excellence in the fields of gynaecological cancer, immunotherapies, and translational research. Our goals are to:- complete a 20-patient multi-centre, open label Phase-2a trial to assess preliminary efficacy,- undertake comprehensive translational research to assess THEO-260's pharmacokinetic, pharmacodynamic, and immune behaviour, and- leverage our partnership and knowhow to consolidate OV clinical development capabilities and best-practice within Europe (increasing OV trial capacity and accelerating development).|10.3030/101289129|Cluster Health
101290046|NEOTREG|Early clinical development of first-in-class EGL-001 targeting Tregs in head and neck squamous cell carcinoma, supported by AI-based pathomics|2026-06-01|2028-11-30|7999119,5|HORIZON.2.1|HORIZON-HLTH-2025-01-TOOL-05|HORIZON-HLTH-2025-01|HORIZON-HLTH-2025-01|HORIZON-RIA|The NEOTREG project is an SME-led, multidisciplinary initiative designed to accelerate the clinical translation of EGL-001, a first-in-class bispecific fusion antibody that selectively depletes regulatory T cells (Tregs) within the tumour microenvironment. By overcoming immune suppression, EGL-001 enhances the the efficacy of immune checkpoint inhibitors and address a major resistance mechanism in solid tumours. The project will conduct a multicentre, randomised, open-label Phase I/II neoadjuvant clinical trial in patients with head and neck squamous cell carcinoma (HNSCC), a high-incidence, high-mortality cancer with limited benefit from current immunotherapies.Beyond evaluating safety, tolerability, and early efficacy of EGL-001 in combination with pembrolizumab, NEOTREG integrates a comprehensive translational research programme including multi-omics profiling, immune monitoring, and AI-driven pathomics modelling. This will deliver predictive biomarkers for patient stratification and future companion diagnostics, supporting regulatory alignment and de-risking later-stage development.The consortium unites Egle Therapeutics (France), University College London (UK), Vall d’Hebron Institute of Oncology (Spain), Gustave Roussy (France), and Technical University of Dresden (Germany). Together, they provide cutting-edge expertise in immunology, genomics, pathology, and computational biology, alongside established clinical trial capacity across EU Member States. By delivering robust first-in-human efficacy data, novel biomarkers, and a scalable translational framework, NEOTREG not only advances EGL-001 but also creates a reproducible model for SME-driven translation of innovative biotech therapies in Europe. The project directly addresses the call’s goals by supporting the transition from preclinical to early clinical development, strengthening Europe’s competitiveness in biotechnology, and anchoring exploitation in the EU through a robust commercialisation strategy.|10.3030/101290046|Cluster Health
101294365|HARMONI|Hydrogen-Ammonia and Renewable Energy MOdelling & Integration: a Nexus for the Cement Industry|2026-09-01|2029-08-31|7901118,75|HORIZON.2.4|HORIZON-CL4-INDUSTRY-2025-01-TWIN-TRANSITION-33|HORIZON-CL4-2025-01|HORIZON-CL4-2025-01|HORIZON-RIA|Europe’s climate neutrality targets demand deep decarbonisation of high-temperature process industries (HTPIs) such as cement, steel, glass, and ceramics. These sectors, which provide over 770,000 skilled jobs, face a dual challenge: their thermal energy demand cannot be met by direct electrification, and they face rapidly increasing costs under the EU Emissions Trading System as free allowances are phased out. Cement production is particularly exposed, with CO2 emissions from both fuel combustion and calcination. Without breakthrough innovations, EU industries risk losing competitiveness to global producers with lower costs and weaker climate regulation.HARMONI proposes a systemic solution: recycled ammonia as a dynamic renewable energy carrier to couple intermittent renewable electricity to the continuous, high-temperature demands of cement plants, transforming them into intelligent energy hubs. The project will develop four integrated innovations: (1) a dual ammonia cracking system combining thermocatalytic and electrochemical reactors to produce H2-NH₃ fuel blends; (2) a zero-carbon combustion system to convert the resulting fuel blends into heat energy; (3) a circular ammonia recovery loop from wastewater; and (4) an AI-enabled human-in-the-loop recommendation system for energy optimisation and grid balancing. The component technologies will be independently validated and then digitally integrated in a process model which will be used to evaluate overall technical, environmental and economic viability.The consortium unites leading RTOs (SINTEF, VITO, CETAQUA, IDENER), universities (Nottingham, Imperial, UPC), SMEs (AFC Energy, Iconiq, ETA), and large industrial partners, including the global cement giant, CEMEX, and municipal wastewater management company, Aguas de Alicante (ADA), to validate the technologies, demonstrate integration in a digital process model, and build an investment-grade business case.|10.3030/101294365|Cluster 4
101294927|CHERRI|Climate Hazards Enhanced Reanalyses & Reasoning with AI|2026-09-01|2029-08-31|0|HORIZON.2.4|HORIZON-CL4-2025-02-SPACE-41|HORIZON-CL4-2025-02|HORIZON-CL4-2025-02|HORIZON-RIA|CHERRI aims at developing new and innovative processing and methods for future Sentinels and other satellites for reanalysis. This will be achieved by exploring a multi-technology approach, by combining existing methods with machine-learning.Firstly, existing physics-based data assimilation systems will be enhanced using new land data assimilation methodologies and new observations such as visible satellite observations. Secondly, hybrid machine-learning and physics-based data assimilation systems will be developed to emulate the existing systems, producing analyses in a much more efficient manner and combining observations with data driven forecasts. Thirdly, end-to-end data driven methods will be devised to produce reanalyses exclusively from observations.Each of the three technologies will use the latest available rescued historical satellite and in-situ data to improve the quality of reanalyses prior to 1979. In addition, methodologies to better exploit recently launched satellites, such as the Copernicus Sentinels, will be explored. Novel approaches to inter-calibration and the correction of systematic errors will be applied to the observations before they are collected into a single easy-to-use database which will be available within the project and beyond via the Anemoi framework.The three technologies and use of latest observations will be thoroughly tested in reanalysis demonstrators covering different time periods to analyse high impact case studies as well as multi-decadal runs to assess the reliability of climate trends. These demonstrators will be evaluated using novel diagnostics against independent observations of key ECVs across all of the Earth-system components. CHERRI will provide recommendations to C3S on the potential configurations for the next generation of reanalyses.|10.3030/101294927|Cluster 4
101294938|EarthGenerator|EarthGenerator a foundation model for Earth system modelling|2026-06-01|2030-05-31|0|HORIZON.2.4|HORIZON-CL4-INDUSTRY-2025-01-DIGITAL-61|HORIZON-CL4-2025-01|HORIZON-CL4-2025-01|HORIZON-RIA|EarthGenerator will deliver a foundation model of the Earth system, extending the WeatherGenerator model by integrating atmosphere, ocean, and land in a single, physically consistent model. By adopting a generative AI approach, EarthGenerator will provide a general-purpose capability adaptable to multiple downstream tasks from seasonal forecasting to multi-annual climate projections with minimal additional training. The project is organised into four themes: (1) data curation and optimisation, producing AI-ready datasets; (2) model development and training, advancing architectures with a module to enforce physical constraints and and enriched latent spaces, and scalable HPC training; (3) use-case applications, including improved prediction of climate extremes, quantification of the land carbon cycle, multi-scale early warning systems for food insecurity, and analysis of climate-induced migration and displacement; and (4) engagement and dissemination, ensuring open science and community adoption. By combining AI innovation with climate science and HPC expertise, EarthGenerator will accelerate research and development in climate change science, advance AI tailored for scientific needs, and strengthen Europe’s sovereignty in weather and climate modelling. Its results will directly contribute to the objectives of the Work Programme by advancing foundation models for science, bridging knowledge gaps across domains, supporting open science, and delivering societally relevant solutions to global challenges.|10.3030/101294938|Cluster 4
101295913|JOHN|Joint Operations for monitoring antHropogenic and Natural GHG emissions and sinks|2026-09-01|2030-08-31|0|HORIZON.2.6|HORIZON-CL6-2025-03-GOVERNANCE-08|HORIZON-CL6-2025-03|HORIZON-CL6-2025-03|HORIZON-RIA|Climate change is a massive challenge facing humanity which the EC will mobilise significant resource to address as part of the 'Green deal'. High quality information streams regarding sources and sinks of greenhouse gases are key for decision making, with it being key that these are usable, accessibility, effective and interoperable in order to ensure that governments, citizens businesses and civil society are able to make informed decisions regarding the management of the climate crisis. Currently our major source of information regarding the global cycles of climate controlling GHGs is the Global carbon project, composed of a myriad of individual local, national and continental scale programmes that contribute to multiple 'value chains' which link together observations, data synthesis and analysis activities to reporting. This project is remarkably sucessful: each year it delivers an authoritative report regarding the state of the previous years global carbon cycle to the COP, however the value chains it is based on are fragile, and in some cases declining in quality. In the near future this will be joined by the WMO Global Greenhouse Gas Watch which aims to deliver a major transformation in the quality of information made available for decision making. This project will support this transformation via 1. Undertaking a comprehensive audit of the current state of the observing system, including governance & financial arrangements, setting in place a function to report this annually, and understanding the barriers to the system operating at the level required 2. Horizon scanning the next generation of technologies that will enable these value chains to run at lower cost, 3. Delivering tangible improvements to the current value chain, 4. Devise comprehensive action plans to deliver the longer term transformation required. This will all be accompanied by a comprehensive strategy to ensure that the action plans are structured to match available funding streams.|10.3030/101295913|Cluster 6
101296157|Razorege|Regional ocean zooms, enhancements and hybrid methods for climate extremes and impacts at global and local scales|2027-01-01|2030-12-31|0|HORIZON.2.5|HORIZON-CL5-2025-06-D1-02|HORIZON-CL5-2025-06|HORIZON-CL5-2025-06|HORIZON-RIA|Regional ocean zooms, enhancements and hybrid methods for climate extremes and impacts at global and local scales (Razorege) aims to develop and implement Earth System Models (ESMs) that accurately capture regional aspects of the climate, while remaining computationally affordable for global, multi-century simulations.Projecting regional climate variability, change, and extreme events remains a challenge for current ESMs. These difficulties stem from inaccuracies in representing both local processes and distant teleconnections, as well as naturally higher variability of regional climates - which typically require larger ensembles than are currently feasible.For Europe, key uncertainties in climate prediction include the representation of the Gulf Stream, the Atlantic Meridional Overturning Circulation, and the Mediterranean Sea, particularly air–sea interactions. Similarly, other major ocean boundary currents—such as the Kuroshio in the Pacific and the Antarctic Circumpolar Current in the Southern Ocean—are critical for forecasting climate impacts in East Asia and South Africa, respectively.Our approach involves targeted improvements to ocean and sea-ice models, guided by the latest scientific understanding of how regional climate indices relate to model biases. We will apply techniques such as region-specific adjustments to horizontal and vertical resolution, as well as new parameterisations. A central goal is to keep the models efficient enough to support simulations with Earth System complexity, while also improving physical and biogeochemical processes.Once validated, these model enhancements will be integrated into Earth System Models to contribute to the next Coupled Model Intercomparison Project (CMIP7) and IPCC assessments. Because these upgrades are focused and cost-effective, they can also be applied to other modelling systems—such as seasonal-to-decadal forecasts and Digital Twins—supporting broader collaboration across climate modelling communities.|10.3030/101296157|Cluster 5
101296314|smartCASE|smart Configurable Adaptive Spacecraft and Spacecraft Extensions|2026-06-01|2028-11-30|0|HORIZON.2.4|HORIZON-CL4-2025-02-SPACE-24|HORIZON-CL4-2025-02|HORIZON-CL4-2025-02|HORIZON-RIA|The smartCASE project delivers everything necessary to initiate a new satAPP-based space economy by developing modular, interoperable building blocks for spacecrafts. Our primary goal is to design, standardise, and demonstrate satAPPs – highly versatile, self-contained and self-aware satellite modules encapsulated within a smart, connectable building block – while establishing the necessary standards, tools, and methods for their development, integration and demonstration in the ISOS Pilot Mission and beyond. smartCASE takes a hybrid approach that combines physical and virtual satAPPs with Digital Twins to enable scalable testing, rapid configuration, and autonomous operation. By lowering entry barriers and minimizing hard-/software dependencies while promoting flexible modular spacecraft, smartCASE directly contributes to the objectives of fostering European leadership in sustainable space infrastructure and paving the way for a competitive satAPP-driven economy. We begin by initiating the satAPP Standards and developing the Pilot Mission’s requirements & specifications. These form the basis for the development of highly versatile and generic satAPP Elements (structure, power & electronics, satAPP Operating System, USI, satAPP Host Bridge), which together make up the satAPP Case – an empty but smart case that provides all the required infrastructure to deliver a specific functionality once equipped with one or multiple payload(s). smartCASE will deliver three specific satAPPs at TRL 6 (AODS sensor suite, gyroscopic attitude control, electric propulsion). These will be assembled into a cutting-edge AOCS unit and are ready for demonstration in the three phases of the Pilot Mission. We will introduce three additional virtual-only satAPPs (electric power, TT&C, inspection camera) that add the missing functionality for our first “truly modular” satAPP-based satellite, the smartOBSERVER designed for space domain awareness, which will be demonstrated in a hybrid setup.|10.3030/101296314|Cluster 4
101296319|COMEDI|COpernicus Marine services with Enhanced Data assimilation and improved Interoperability|2026-09-01|2030-08-31|0|HORIZON.2.4|HORIZON-CL4-2025-02-SPACE-44|HORIZON-CL4-2025-02|HORIZON-CL4-2025-02|HORIZON-RIA|Operational ocean data assimilation systems have strict requirements for stability and may therefore lag behind the latest development from the research community and from neighbouring forecasting centres. To overcome this limitation, COMEDI brings together experts from the Copernicus Marine forecasting centres to modernise and harmonise our data assimilation practices. COMEDI will enhance the data assimilation software with innovations such as multiscale, non-Gaussian, and Artificial Intelligence approaches to stay at the research forefront. COMEDI will also unlock the potential to assimilate new types of observations, including Sentinel-3 reflectance data, Sentinel-3 Next Generation wide-swath altimeter data, and brightness temperatures from Copernicus Imaging Microwave Radiometer. COMEDI will develop shared tools and diagnostic protocols, increasing the exchange of research innovations and enabling the systematic evaluation of new methods’ impact across global and regional seas. COMEDI will also demonstrate the results in an operational context, maximising their impact and engaging Copernicus Marine users who rely on our forecast products.|10.3030/101296319|Cluster 4
101296343|COSMIC7|Critical Onboard Space Microprocessors for Independent Capabilities on 7 nm|2026-06-01|2029-05-31|4991156,25||HORIZON-CL4-2025-02-SPACE-71|HORIZON-CL4-2025-02|HORIZON-CL4-2025-02|HORIZON-RIA|COSMIC7 (Critical Onboard Space Microprocessor for Independent Capabilities on 7nm) is a strategic European initiative to develop a next-generation, radiation-hardened, high-performance microprocessor for space applications. Building on Europe’s strong heritage in SPARC-based processors and the shift toward the open RISC-V architecture, COSMIC7 will deliver a scalable, fault-tolerant processor with AI and vector acceleration, implemented in advanced 7nm FinFET technology. The project aims to achieve Technology Readiness Level 5 within three years, ensuring European non-dependency in critical space technologies and enabling future missions across communications, Earth observation, security, and deep space exploration.|10.3030/101296343|Cluster 4
101298684|LUMINA|Low power and Ultra-high bandwidth systems using innovative advanced Materials Integrated in next generation telecom Applications|2026-09-01|2030-08-31|4814297,5||HORIZON-CL4-2025-03-MATERIALS-46|HORIZON-CL4-2025-03|HORIZON-CL4-2025-03|HORIZON-RIA|Photonics and Radiofrequency (RF) technologies are the backbones of today’s optical and mobile telecommunication networks. The combination of both, in a discipline known as Microwave Photonics, takes the best of both worlds to address the challenges that telecommunication networks face, mainly in bandwidth and power consumption. The first is key to meet the exponential growth in data transmission volumes, and the second, key in keeping power consumption at bay while the speeds keep increasing. This aspect is becoming more critical, for example having led to Ireland enforce a moratorium on data center developments in the greater Dublin area due to a lack of energy capacity. LUMINA steps forward in addressing these issues through innovative photonic devices -graphene and electro-optical (EO) polymers based devices- and RF interfaces -dielectric waveguide interconnects- unlocking  high-speed communications in wireline (optical) and wireless (RF, i.e. mobile) networks based on Innovative Advanced Materials (IAM). LUMINA will leverage initial results obtained by members of the Consortium to develop packaged demonstrator devices, which will then be evaluated in a relevant environment by a telecommunications network operator to open a road for exploitation of these novel devices. Among the various metrics of the demonstrators, LUMINA will demonstrate that IAM can unlock world-breaking records performances @ 500GHz: modulator with < 7 V, photodetector sensitivity of 0.1A/W, RF losses <= 3 dB per interconnection. LUMINA will also cover the manufacturing supply chain with CMOS compatible and wafer-scale approaches compatible with a low loss SiN photonics integrated circuit platform. This project not only delivers breakthrough technology but also strengthens Europe’s industrial base unlocking business opportunities with exploitation plan by partners or related spins off. LUMINA consortium combines internationally recognised academic in photonics, device and system research,|10.3030/101298684|Cluster 4
101298722|TWINE|TWIN-BASED WEB INTEROPERABLE NETWORK FOR ENGAGEMENT|2026-09-01|2029-08-31|2999137,5|HORIZON.2.4|HORIZON-CL4-2025-03-HUMAN-16|HORIZON-CL4-2025-03|HORIZON-CL4-2025-03|HORIZON-RIA|TWINE (Twin-based Web Interoperable Network for Engagement) responds to the Horizon Europe priority on Web 4.0 and Virtual Worlds. Across Europe, digital twins and immersive services remain fragmented and difficult to scale. TWINE demonstrates how open, federated, and human-centric infrastructures can make such services interoperable, accessible, and trusted for citizens, cities, and SMEs.The project pursues four objectives: (1) design a federation-ready Web 4.0 architecture with open-source building blocks; (2) develop connectors, profiles, and Europe’s first Minimum Interoperability Mechanism (MIM) for immersive civic services; (3) demonstrate cross-city federation through pilots in Rotterdam, Tampere, and Flanders with seamless identity continuity, portability, and guidance; and (4) ensure sustainability via open licensing, replication toolkits, governance playbooks, and strong community building.TWINE will achieve this through co-creation with cities, SMEs, standards bodies, and citizens. Pilots will validate service federation across borders, while replication kits and procurement models ensure uptake in additional cities. Engagement with Living-in.EU, Interoperable Europe and standards bodies anchors results in the broader European ecosystem.The project directly contributes to the Work Programme by advancing Europe’s vision of open, interoperable, and human-centric Web 4.0 and Virtual Worlds. It strengthens the EU’s digital commons, reduces reliance on proprietary solutions, and empowers citizens with trusted immersive services. By delivering validated building blocks, conformance tools, and governance models, TWINE supports the path for sustainable adoption of Web 4.0 infrastructures across Europe.|10.3030/101298722|Cluster 4
101299072|Restack|Delivering a strong, reproducible next generation Open Internet Stack through strategic digital commons|2026-06-01|2030-05-31|10000000||HORIZON-CL4-2025-03-DATA-11|HORIZON-CL4-2025-03|HORIZON-CL4-2025-03|HORIZON-RIA|Europe needs to regain the capability to run its own infrastructure, after the 'cloud first' strategy that was dominant in the last decade backfired. The goal of NGI0 Restack is to deliver a publicly available and fully operational stack of strategic technology commons implementing the European vision of an open, trustworthy, human-centric internet that benefits all.We bring together the expertise, skill and dedication of the European free and open source community — SMEs, research institutes and individual researchers and developers. Restack is designed to retain the much heralded strength of the NGI Zero approach of nurturing bottom up innovation, while bridging this vast and flourishing ecosystem of contributors to digital commons to the current needs of European service operators: telecom and hosting providers, shared service centers, research and education networks — and also  increasingly civil service organisations providing non‑commercial online utility services to the community.Restack seamlessly connects the 3C Large Scale Pilot roadmap to new ambitions such as the Web 4.0 agenda and the Virtual World Partnership, and will help create evidence based policy information for planned legislation such as the Digital Networks Act (DNA) (which in its current state harbours controversial elements putting e.g. net neutrality at risk) by delivering an operational stack of strategic commons ready to be integrated and deployed into 3C networks. It will create a catalog of such services, and help integrate service provider requirements with these applications and tools.|10.3030/101299072|Cluster 4
101298846|CodeSupply|Open source, federated, and digitally sovereign database of software package metadata to strengthen software supply chain security.|2026-06-01|2029-05-31|3000000|HORIZON.2.4|HORIZON-CL4-2025-03-HUMAN-16|HORIZON-CL4-2025-03|HORIZON-CL4-2025-03|HORIZON-RIA|CodeSupply delivers correct, trusted, and verified software metadata, as an open source, federated, and digitally sovereign data catalog, necessary to manage and secure software supply chains. The decentralized distribution of open data democratizes access to valuable datasets, balancing the end-to-end traceability and discoverability of code with organizational autonomy and authority over data assets.Organizations struggle to manage and secure software supply chains with incorrect, inconsistent, or incomplete information about software. Critical metadata about origin and licenses, vulnerabilities, and project health is scattered across multiple databases, registries, and tools, often presenting conflicting or outdated information. Proprietary options lack transparency in their classification and decision-making processes, providing no reproducibility, traceability, or auditability - essential for organizational trust and regulatory requirements. This fragmentation creates compliance risks, security gaps, and operational inefficiencies that scale exponentially with the complexity of software supply chains.Open data about software packages is critical for the automation and scale necessary to resolve software supply chain security and compliance challenges. CodeSupply aggregates and curates comprehensive software metadata, leveraging Package-URLs (PURLs) as universal identifiers, including origin and licensing information, security vulnerabilities, and risk metrics from distributed, authoritative data sources across programming ecosystems and software types. This metadata is compiled into data sets, federated in a data catalog for digital sovereignty and independence, and distributed as open data, freely available to all.Utilizing NGI building blocks of free and open source tools, CodeSupply packages an effective and efficient solution for any software-producing or -consuming organization to manage, mitigate, and remediate any software supply chain challenges.|10.3030/101298846|Cluster 4
101298864|VICTOR-XR|Virtual–physical Integration and Consistency through mulTimodal, Open, Real-time XR|2026-06-01|2029-05-31|5998973,75|HORIZON.2.4|HORIZON-CL4-2025-03-HUMAN-14|HORIZON-CL4-2025-03|HORIZON-CL4-2025-03|HORIZON-RIA|VICTOR-XR addresses Area A of HORIZON-CL4-2025-03-HUMAN-14 by establishing a European reference framework for Virtual–Physical Consistency (VPC) in Virtual Worlds (VW), advancing immersion through tightly integrated multimodal interaction across haptics, vision, speech, gaze and bio signals. The architecture comprises a closed Ground–Update–Loop that reconciles Digital Twins (DT) with real-world signals, scene-aware cognitive co-pilots that turn sensing into explainable and safe assistance, a standards-aligned middleware backbone for interoperability, and XR-native learning and assessment that convert operational data into validated competencies. Privacy, security, inclusivity and safety are embedded through ethics-by-design and SSH expertise. Pilots in automotive manufacturing, collaborative robotics and rehabilitation will demonstrate improved multimodal synchronisation with measurable gains in immersion quality, user safety, productivity and ergonomics, and clinical outcomes. The stack leverages standards and contributes to standardisation to ensure reliability, robustness and interoperability for broad adoption. The 16-partners/7-countries consortium combines leading research and technology organisations (DFKI, ETH, AALTO, POLIMI, UPV, SSSA, UJI), industrial end-users in automotive and advanced manufacturing (BREMBO, MASMEC), a major healthcare provider (VHIR), deep-tech SMEs (NEUROFAI, NEURANICS) and ecosystem actors (EITM, MADE, GVISION), balancing scientific excellence, agile innovation, industrial validation, VW alignment, and EU-wide replication capacity. Moreover, a wide, carefully selected External Advisory Board (EAB) provides independent validation and clear pathways to early adoption and scale at international level.|10.3030/101298864|Cluster 4
101306498|COBRAS|Circular On-site Building with Robotic Assembly Swarms|2026-11-01|2029-10-31|0|HORIZON.3.1|HORIZON-EIC-2025-PATHFINDERCHALLENGES-01-03|HORIZON-EIC-2025-PATHFINDERCHALLENGES-01|HORIZON-EIC-2025-PATHFINDERCHALLENGES-01|HORIZON-EIC|Current approaches to construction automation primarily rely on legacy machinery, using single, large-scale machines such as cranes to partially automate traditional construction processes. This project, Circular On-site Building with Robotic Assembly Swarms (COBRAS), proposes a shift away from such legacy machinery to collective robotic construction (CRC) using autonomous mobile robots. By co-designing the robots with the structures they navigate and assemble, as well as the algorithms that control them, COBRAS aims to redefine AEC industry methods, enhancing productivity and circularity while reducing environmental impact. The computational methods developed in COBRAS will enable large groups of mobile robots to autonomously assemble and disassemble lightweight, self-stable space frame structures suitable for infrastructure and building construction. Using a co-design methodology that integrates computational design, structural engineering, robotics, and swarm intelligence, COBRAS will deliver an adaptive, scalable, and circular approach to construction, culminating in a TRL-4 demonstration of a team of robots assembling a space frame structure from prefabricated building elements.By overcoming the limitations of today’s centralized, material-intensive, and labour-dependent construction processes, COBRAS will demonstrate a new approach for sustainable and productive on-site assembly. The autonomous and reconfigurable nature of the developed CRC system will enable fully reusable building components, low-emission construction using electrically powered robots, and a shift toward safer human roles in collaborative construction environments. Moreover, the co-design methodology establishes a framework for future CRC systems development. Together, these advances establish a new foundation for autonomous construction that redefine how infrastructure and buildings are designed and constructed.|10.3030/101306498|Other
101294600|IMPACT-F|Integrated Mitigation Platform for Assessing Climate Targets for F-Gases|2026-06-01|2029-05-31|0|HORIZON.2.5|HORIZON-CL5-2025-06-D1-03|HORIZON-CL5-2025-06|HORIZON-CL5-2025-06|HORIZON-RIA|The IMPACT-F project stands for Integrated Mitigation Platform for Assessing Climate Targets for F-Gases. It aims to develop an integrated web platform for visualising and projecting F-Gas use globally, by region and at country level and its implications to the environment and decarbonisation efforts, therefore promoting coordinated action between F-Gas phase-down targets and other relevant policies. Using the successful HFC Outlook Model as a foundation, IMPACT-F will replicate their proven methodology to develop a new platform that is fully flexible for users and enables the comparison on how different policy pathways interact, considering both F-Gas and decarbonisation targets globally. The IMPACT-F platform will be supported by extensive data collection and incorporate new scenarios covering relevant trends that are likely to drive demand for F-Gases in different regions of the world. To ensure usability, dedicated training programmes will be developed and delivered globally, using existing well-established networks as platforms for outreach and dissemination.|10.3030/101294600|Cluster 5
101296430|REACT|REentry Capsule FAult Detection, Identification and Fault Tolerant Guidance and ConTrol|2026-07-01|2029-06-30|0|HORIZON.2.4|HORIZON-CL4-2025-02-SPACE-12|HORIZON-CL4-2025-02|HORIZON-CL4-2025-02|HORIZON-RIA|The REACT project addresses the urgent need to advance sustainable and resilient space operations in Europe.The project aims to develop an innovative intelligent control framework for re-entry capsules that autonomously adapts to occurring faults. This builds on the interdisciplinary expertise of the two SMEs Orbital Paradigm and Klepsydra Technologies, in re-entry capsule propulsion and control, as well as intelligent edge computing. Technical University of Munich's experience in Fault Detection and Identification (FDI) is combined with this to create novel frameworks that support both operational safety and long-term sustainability.The research focuses on FDI and Fault Tolerant Guidance and Control (FTGC) for the re-entry capsule developed by the consortium member Orbital Paradigm.The implementations focus on the use of digital twins, and iterative testing for fast integrated development building on interdisciplinary expertise.By bridging FDI+FTGC research advances with practical approaches and frameworks from industry, the project develops useful tools that find immediate applicability. The outcomes will enhance Europe's capabilities in safe and sustainable space operations, reinforce cooperation on space safety, and provide a foundation for resilient infrastructures that secure continued access to space.|10.3030/101296430|Cluster 4
101294209|SOLDEM|Solar decarbonization of metal melting processes|2026-06-01|2030-05-31|7999366,25|HORIZON.2.4|HORIZON-CL4-INDUSTRY-2025-01-TWIN-TRANSITION-33|HORIZON-CL4-2025-01|HORIZON-CL4-2025-01|HORIZON-RIA|SOLDEM (Solar Decarbonisation of Metal Melting) will demonstrate the world’s first solar-hybrid melting process for brass and stainless-steel scraps, replacing fossil-based furnaces with an integrated renewable solution. By combining concentrated solar heat, renewable electricity, and solar hydrogen, SOLDEM will provide a constant, robust, low-carbon energy input to energy-intensive metallurgy. The project will validate two 350 kW hybrid reactors (solar-induction/arc and H2/O2 burner), supported by a high-concentration solar furnace and a 60 kW photoelectrochemical device for generation of H2/O2. Together, those component models will be integrated into a digital plant simulator fed by experimental data to de-risk scale-up.SOLDEM will (i) enable the integrated use of multiple renewable carriers (solar heat, electricity and green H2) in industrial sites, (ii) foster circular industrial cooperation through scrap-to-product loops and energy sharing, (iii) support grid stability via hybrid short- and long-term storage, (iv) implement ESPR-compliant renewable energy labelling and traceability, and (v) demonstrate technical and economic feasibility with CO2 emissions as low as 39–41 gCO2/kg (80–93% reduction vs electric furnace) at competitive costs (0.20–0.83 €/kg) and ESPR-aligned business cases with ROI < 2 years.The SOLDEM validated plant is expected to produce 1510–2670 t/y brass and 1090–1850 t/y stainless steel from locally collected machining scraps, cutting dependency on imports, reducing industrial emissions, and reinforcing industrial regional clusters. The SOLDEM consortium unites leading research centers (CNRS, DLR, KUL, CENER), SMEs (Panatere, Bulane, SOHHYTEC, CSP-Boost), and industrial users (Radiall, Amphenol, Socrate, RINA), ensuring excellence from technology to market replication. SOLDEM will pave the way for competitive, renewable and circular metallurgy in Europe, strengthening industrial resilience and leadership in climate-neutral value chains.|10.3030/101294209|Cluster 4
101295248|SYNCHRONY|Synchronous Southern Ocean Observatory|2026-08-01|2030-07-31|8497216,25|HORIZON.2.6|HORIZON-CL6-2025-03-GOVERNANCE-10|HORIZON-CL6-2025-03|HORIZON-CL6-2025-03|HORIZON-RIA|Antarctica and the Southern Ocean play vital roles in the Earth system, human societies, and economies through their influence on global climate, marine life, and sea level. Over recent decades, this region has slowed global warming by absorbing excess heat and anthropogenic carbon; yet its physical, chemical, and biological systems are increasingly under threat. The continued ability of this region to buffer climate change is highly uncertain in light of unexpected extremes, abrupt shifts, and growing human pressures such as pollution, fisheries, and marine traffic. Large uncertainties stem from limited observations and the inability of models to capture the complex coupled ocean–ice–atmosphere system: a direct consequence of the challenges of working in this vast and harsh environment. SYNCHRONY addresses these gaps by establishing a robust, internationally synchronised Antarctic observatory for sustained climate and ecosystem monitoring, developed in collaboration with SCAR, SOOS, and other international partners. It will substantially improve the observing system through optimisation with modelling and AI tools, enhanced implementation, more accessible and interoperable data systems, new product creation, and international coordination. Training, capacity building, and ongoing system assessment will ensure long-term sustainability. Essential datasets will be made accessible via SOOSmap and EMODnet and feed into the Copernicus Polar Hub, supporting better models, integration with Earth Observation, and extraction of key climate and biodiversity indicators for evidence-based decision making. By fostering collaboration with European and international partners, SYNCHRONY will deliver critical knowledge for sustainable Antarctic governance, directly contributing to EU and global policy priorities, including the European Green Deal and the UN 2030 Agenda.|10.3030/101295248|Cluster 6
101296380|SUPERPACS|Sustainable production line delivering advanced packaging for space missions|2026-06-01|2030-05-31|3282737|HORIZON.2.4|HORIZON-CL4-2025-02-SPACE-74|HORIZON-CL4-2025-02|HORIZON-CL4-2025-02|HORIZON-RIA|To secure EU non-dependence in critical space electronics, the SUPERPACS consortium will build a European supply chain for advanced packaging technologies such as silicon interposer and ultra high-density organic interposers. Reduced line width and spacing (below 5 µm) for very-high-density integration, smaller form factors and improved mass/power efficiency will unlock  chiplet-based devices such as RF integrated circuits, digital to analog converters, digital core or high bandwidth memories to be implemented into advanced System in Package.The SUPERPACS project pursues two complementary concepts: Silicon interposer and an ultra-high-density organic carrier to accelerate demonstration while mitigating IP and manufacturability risks. It mobilises an open “SIPACK” pilot line to validate an industrial route at 1,000-100,000 SiP modules per year, anchoring a European supply chain from material to module and supporting dual-use markets. SUPERPACS covers the full sequence from material selection & characterisation, design & simulation, fabrication & assembly, to testing, reliability and validation. Target application domains are Galileo, EGNOS, Copernicus, SST and IRIS², allowing the project to advance from initial TRL 3-4 to TRL 6-7 for Navigation, Earth Observation and Telecommunication.The SUPERPACS consortium consists of experienced space actors, independent research institutes and test labs, and technology providers for both commercial and high-reliability applications. The work plan consists of determining the SiP requirements for space, developing Si interposer and organic UHDI interposer technology, combined assembly of components and submitting the respective test vehicles and demonstrators to reliability testing up to TRL6. For risk mitigation, two design/manufacturing/test cycles will be implemented supported by APQP MRL/TRL assessment techniques. Finally, for broader impact on the project output, a SiP design kit will be presented at the end of the project.|10.3030/101296380|Cluster 4
101293577|REIGN-MP|Resilient and Effective International Governance and Networks for monitoring gases relevant to the Montreal Protocol|2026-09-01|2030-08-31|0|HORIZON.2.6|HORIZON-CL6-2025-03-GOVERNANCE-08|HORIZON-CL6-2025-03|HORIZON-CL6-2025-03|HORIZON-RIA|REIGN-MP aims to strengthen European and international scientific and governance structures to build resilient, scalable, and sustainable monitoring networks for ozone-depleting substances (ODS) and fluorinated gases (F-gases), supporting the Montreal Protocol and related agreements. The consortium brings together leaders in atmospheric measurement, science, and policy, who have played pivotal roles in advancing global monitoring efforts over the past decades.This initiative comes at a critical juncture for the Montreal Protocol. Recent atmospheric observations—many led by REIGN-MP partners—have revealed significant challenges, including unreported emissions of controlled substances (e.g., CFC-11, HFC-23), sustained emissions of compounds of unknown origin (e.g., CCl₄), and emissions from processes not currently regulated. In response, Parties to the Protocol have called for expanded and more resilient global monitoring networks. However, existing systems face increasing vulnerability, with key single points of failure and institutional pressures threatening their continuity.REIGN-MP addresses these challenges through four strategic objectives: (1) strengthening international governance to transition from fragmented monitoring to a globally coordinated system; (2) securing critical vulnerabilities by establishing a European Calibration Centre and exploring alternative sources of key components; (3) testing new lower-cost technologies and integrating them into global networks; and (4) enhancing the usability and transparency of observation-derived indicators for policy and compliance. Through these actions, REIGN-MP will reinforce Europe’s leadership in atmospheric monitoring, support evidence-based decision-making, and ensure the long-term resilience of global efforts to protect climate and the ozone layer.|10.3030/101293577|Cluster 6
101288164|INCLUDE-ID|Including people with intellectual disabilities in cultural institutions: supporting participation and enjoyment through digital innovation and artificial intelligence|2026-09-01|2030-08-31|0|HORIZON.2.2|HORIZON-CL2-2025-01-TRANSFO-09|HORIZON-CL2-2025-01|HORIZON-CL2-2025-01|HORIZON-RIA|INCLUDE-ID will aim to transform cultural heritage institutions into inclusive, adaptive ecosystems that foster autonomy, participation, and social inclusion for individuals with intellectual disabilities (ID). Despite growing awareness of accessibility, people with ID remain excluded from cultural participation due to cognitive, communicative, sensory, and motor challenges. INCLUDE-ID addresses these gaps by integrating co-design, AI-driven personalization, and multisensory practices into a developmental and lifespan perspective. The project pursues seven objectives: 1. map and analyze challenges and needs across European cultural heritage institutions; 2.co-design inclusive participation pathways with individuals with ID, families, educators, and professionals; 3. develop and validate AI-based adaptive tools that personalize cultural experiences, ensuring ethical and accessible use; 4. empower families, cultural professionals, and young people with ID as co-facilitators of cultural participation; 5. implement and assess an inclusive visitor pathway for children and adolescents with ID, engaging schools and families; 6. implement and assess a mediator pathway enabling young adults with ID to act as cultural guides, promoting autonomy, inclusion, and employment; 7. produce sustainable policy recommendations, best practices, and participatory events that challenge stigma and enhance societal engagement. INCLUDE-ID will generate scalable, replicable frameworks that embed inclusion structurally within cultural heritage institutions. By leveraging AI and multimodal adaptations, the project will pioneer individualized, enjoyable cultural experiences. It will reposition people with ID as active cultural agents, participants, co-creators, and professionals, while creating new opportunities for inclusive innovation and professional development.|10.3030/101288164|Cluster 2
101288355|ENACT-65|ENabling ACTion on Integrated Nutritional and Exercise Care in Cancer – for Patients 65 and Beyond|2026-09-01|2031-08-31|4999206|HORIZON.2.1|HORIZON-MISS-2025-02-CANCER-05|HORIZON-MISS-2025-02|HORIZON-MISS-2025-02|HORIZON-RIA|Older adults carry the greatest cancer burden in Europe, accounting for nearly two-thirds of new diagnoses and three-quarters of cancer deaths. Yet the majority do not receive systematic nutritional or exercise support, despite clear evidence that malnutrition and frailty worsen survival, treatment tolerance and quality of life. This represents one of the most urgent and neglected gaps in oncology care.ENACT-65 will be the first large-scale, pragmatic multicentre randomised trial to close this gap. Conducted across five European countries, it will recruit 394 patients aged 65+ with metastatic lung or colorectal cancer receiving systemic therapy. The intervention integrates two proven approaches: a digitally supported Nutritional Care Pathway (MyPath) and a six-month, live-remote supervised exercise programme. Together, these deliver systematic screening, AI-assisted personalised meal planning reviewed by dietitians, weekly monitoring and escalation of care, alongside structured resistance and aerobic training tailored to older adults.With co-primary endpoints of overall survival and quality of life (EORTC QLQ-C30), ENACT-65 will also evaluate nutritional status, treatment tolerance, health economics and patient and caregiver experiences. By embedding supportive care directly into oncology workflows, the project will provide actionable clinical and policy evidence, scalable digital tools and training resources for adoption across Europe.ENACT-65 will set a new benchmark for age-inclusive, person-centred cancer care, delivering on the EU Cancer Mission and Europe’s Beating Cancer Plan by measurably improving survival and quality of life for the patients who need it most.This action is part of the Cancer Mission cluster of projects on “Quality of life – Nutrition for older cancer patients.|10.3030/101288355|Cluster MISS
101287826|ComBaScale|COMMUNITY-BASED SCALE UP OF INTEGRATED COMMUNITY HEALTH WORKER-LED CARDIOVASCULAR RISK FACTOR MANAGEMENT - ComBaScale|2026-09-01|2031-08-31|3999621,25|HORIZON.2.1|HORIZON-HLTH-2025-01-DISEASE-06|HORIZON-HLTH-2025-01|HORIZON-HLTH-2025-01|HORIZON-RIA|The project “Community-Based Scale up of integrated community health worker-led cardiovascular risk factor (CVRF) management” (ComBaScale) aims to empower community health workers (CHWs) in under-resourced settings to deliver a high-quality, evidence-based, holistic package of integrated care for CVRF. Its scalability will be tested in two districts of Lesotho, a low-income country disproportionately affected by a rising burden of non-communicable diseases (NCDs). Guided by a validated implementation framework, trial evidence on the safety and effectiveness of CHW-led titration of antihypertensive and antidiabetic therapy will be translated into practice, while embedded in the national system. A pilot study will refine the intervention and align it with CHWs’ routine responsibilities, including HIV and tuberculosis screening, before roll-out through a stepped-wedge cluster randomised trial with a hybrid effectiveness–implementation design. The CHWs will be supported by a patient-facing clinical decision-support application, interoperable with the national information system and featuring an innovative authoring tool to ensure safety and guideline fidelity. The trial will include an equity-informative extended cost-effectiveness analysis, while mixed-methods will examine acceptability, stigma, and gender-related barriers. People living with CVRF will play a central role in co-developing and monitoring the intervention via community advisory boards, alongside village authorities, implementing partners, and researchers. All trial results, implementation frameworks, training material, and digital tools will be compiled in a comprehensive toolkit and piloted in a separate district for further scale-up. By applying the principles of implementation science throughout, ComBaScale will generate a validated, co-created, integrated CVRF care package, ready for adaptation across Lesotho and other under-resourced populations to reduce the NCD burden globally.|10.3030/101287826|Cluster Health
101288005|BIOTARGET0010|FIRST-IN-CLASS BIOLOGICALLY TARGETED RADIOTHERAPY FOR HEAD AND NECK CANCERS (HNCS)|2026-06-01|2030-11-30|7591997,5|HORIZON.2.1|HORIZON-HLTH-2025-01-TOOL-05|HORIZON-HLTH-2025-01|HORIZON-HLTH-2025-01|HORIZON-RIA|Head and neck cancer (HNC) kills half a million people every year, with 1.5 million new cases diagnosed worldwide. Following initial treatment recurrence rate is high ~40–70% and current treatment options for recurrent HNC (rHNC) show poor efficacy and severe side effects , with a median survival of only 10 months. We have developed the first biologically targeted radiotherapy, called BNCT/TB0010, which uses tumour-targeting antibodies to deliver boron (10B) specifically to EGFR positive tumour cells for effective local control while sparing normal tissues. .  TB0010, a second-generation boron 10B carrier shows revolutionary properties to overcome current issues with first-generation 10B carriers especially targeted accumulation in cancer cells with minimal side effects and low invasiveness, representing a potentially lifesaving option for patients with high unmet need in rHNC.  BIOTARGET0010 aims to advance the clinical development of biological tumour-targeting radiotherapy with a multicentre Phase 1b/2 trial in EGFR positive rHNC patients, demonstrating safety and preliminary efficacy of TB0010/BNCT as a basis for pivotal trials.  Our cohesive interdisciplinary team with relevant experience and expertise, and appropriate infrastructure ensures the successful delivery of BIOTARGET0010. Our consortium covers expertise in nuclear physics, chemistry and biology, together with , clinical oncology and regulatory affairs, drug manufacturing, HNC, communication and patients’ engagement.|10.3030/101288005|Cluster Health
101290166|NeckNET|INHIBITING RESISTANCE TO IMMUNOTHERAPY IN HEAD&NECK CANCER BY TARGETING NETRIN-1|2026-06-01|2030-05-31|7248397,5|HORIZON.2.1|HORIZON-HLTH-2025-01-TOOL-05|HORIZON-HLTH-2025-01|HORIZON-HLTH-2025-01|HORIZON-RIA|NeckNET is a major clinical development initiative aiming to establish a new standard of care for patients with Head & Neck cancer, one of the most devastating indications with poor prognosis at diagnosis and limited therapeutic options. NeckNET focuses on a specific group with immune checkpoint inhibitor (ICI)-secondary resistant and platinum-naïve recurrent/metastatic Head and Neck Squamous Cell Carcinoma (R/M HNSCC), a severely underserved population with median survival of only ~12 months. After failure of first-line pembrolizumab, the only approved ICI in this setting, patients face rapid deterioration and poor access to clinical trials, since most active HNSCC studies target earlier lines of therapy or biomarker-selected groups. Thus, there is a critical unmet need for strategies to overcome immunotherapy resistance. NeckNET will evaluate NP137, a first-in-class monoclonal antibody targeting netrin-1, a key driver of epithelial-to-mesenchymal transition (EMT) and immune exclusion. By blocking netrin-1 signalling, NP137 restores tumour sensitivity to immunotherapy. NeckNET builds on encouraging results from the exploratory ImmunoNET trial, where NP137 combined with pembrolizumab achieved clinical benefit in 6 of 8 ICI-secondary refractory R/M HNSCC patients, with survival exceeding expectations for this population.  Building on this foundation, NeckNET will conduct a multicentre, randomised Phase II trial in ~100 ICI-secondary resistant R/M HNSCC patients who progressed after initial response or ≥6 months disease stabilisation on pembrolizumab. Participants will be randomised to NP137+pembrolizumab versus platinum-based chemotherapy (investigator’s choice). The primary endpoint is overall survival; secondary endpoints include progression-free survival, quality of life, and translational EMT-biomarker analyses. Led by French SME NETRIS Pharma with GORTEC (FR), TTCC (ES) and ULB (BE), NeckNET will deliver a regulator-aligned trial across European centres.|10.3030/101290166|Cluster Health
101290754|IMPACT|Innovative Monoclonal antibody against Poxviruses for Advanced CounTermeasures|2026-06-01|2030-05-31|0|HORIZON.2.1|HORIZON-HLTH-2025-01-DISEASE-03|HORIZON-HLTH-2025-01|HORIZON-HLTH-2025-01|HORIZON-RIA|To strengthen Europe’s biodefence preparedness and responsiveness to epidemic and deliberate threats, the IMPACT project will develop the first antibody-based countermeasure for orthopoxviruses, targeting both variola major virus (VARV) and monkeypox virus (MPXV) with a single antibody. The project brings together a consortium of leading European institutions, many belonging to the European Vaccine Hub (EVH) network, with proven expertise in monoclonal antibody (mAb) discovery, structural biology, computational modelling, immunology, virology, pre-clinical models, GMP manufacturing, regulatory science, and clinical trial execution. The broadly neutralizing mAbs proposed target OPG153 (MPXV A28), a recently discovered conserved antigen, representing a breakthrough in orthopoxvirus countermeasures. These mAbs combine nanogram-per-millilitre potency, dual neutralisation of mature and extracellular virions, and cross-neutralisation across MPXV clades and vaccinia virus, with cross-reactivity to cowpox and VARV orthologues in a single molecule. We will use AI-driven optimization of mAbs to enhance functional activities and protein engineering to extend half-life. Selected candidates will then be tested in pre-clinical murine and non-human primate models to evaluate prophylactic and therapeutic efficacy against different orthopoxviruses. The most promising candidate will subsequently be manufactured under GMP conditions and assessed in a phase I clinical trial. In parallel, analyses of more than 1,800 sera from infected and vaccinated individuals will be performed to characterise the response to OPG153 and possibly identify correlates of protection, providing a critical foundation for regulatory approval. By combining world-class science with European strategic infrastructures, IMPACT will deliver not only a deployable first-in-class therapeutic but also a decisive biodefence tool, reinforcing Europe’s leadership and resilience against epidemic and biothreat pathogens.|10.3030/101290754|Cluster Health
